#
# There is insufficient memory for the Java Runtime Environment to continue.
# Native memory allocation (malloc) failed to allocate 1063936 bytes. Error detail: Chunk::new
# Possible reasons:
#   The system is out of physical RAM or swap space
#   This process is running with CompressedOops enabled, and the Java Heap may be blocking the growth of the native heap
# Possible solutions:
#   Reduce memory load on the system
#   Increase physical memory or swap space
#   Check if swap backing store is full
#   Decrease Java heap size (-Xmx/-Xms)
#   Decrease number of Java threads
#   Decrease Java thread stack sizes (-Xss)
#   Set larger code cache with -XX:ReservedCodeCacheSize=
#   JVM is running with Unscaled Compressed Oops mode in which the Java heap is
#     placed in the first 4GB address space. The Java Heap base address is the
#     maximum limit for the native heap growth. Please use -XX:HeapBaseMinAddress
#     to set the Java Heap base and to place the Java Heap above 4GB virtual address.
# This output file may be truncated or incomplete.
#
#  Out of Memory Error (arena.cpp:168), pid=26016, tid=7728
#
# JRE version: OpenJDK Runtime Environment (21.0.8) (build 21.0.8+-14196175-b1038.72)
# Java VM: OpenJDK 64-Bit Server VM (21.0.8+-14196175-b1038.72, mixed mode, tiered, compressed oops, compressed class ptrs, g1 gc, windows-amd64)
# No core dump will be written. Minidumps are not enabled by default on client versions of Windows
#

---------------  S U M M A R Y ------------

Command Line: --add-opens=java.base/java.lang=ALL-UNNAMED --add-opens=java.base/java.lang.invoke=ALL-UNNAMED --add-opens=java.base/java.util=ALL-UNNAMED --add-opens=java.prefs/java.util.prefs=ALL-UNNAMED --add-exports=jdk.compiler/com.sun.tools.javac.api=ALL-UNNAMED --add-exports=jdk.compiler/com.sun.tools.javac.util=ALL-UNNAMED --add-opens=java.base/java.util=ALL-UNNAMED --add-opens=java.prefs/java.util.prefs=ALL-UNNAMED --add-opens=java.base/java.nio.charset=ALL-UNNAMED --add-opens=java.base/java.net=ALL-UNNAMED --add-opens=java.base/java.util.concurrent.atomic=ALL-UNNAMED --add-opens=java.xml/javax.xml.namespace=ALL-UNNAMED -Xmx2048m -Dfile.encoding=UTF-8 -Duser.country=CN -Duser.language=zh -Duser.variant -javaagent:C:\Users\Administrator\.gradle\wrapper\dists\gradle-8.13-bin\5xuhj0ry160q40clulazy9h7d\gradle-8.13\lib\agents\gradle-instrumentation-agent-8.13.jar org.gradle.launcher.daemon.bootstrap.GradleDaemon 8.13

Host: 12th Gen Intel(R) Core(TM) i5-12400F, 12 cores, 7G,  Windows 10 , 64 bit Build 19041 (10.0.19041.5678)
Time: Thu Apr 16 16:46:22 2026 elapsed time: 39.844447 seconds (0d 0h 0m 39s)

---------------  T H R E A D  ---------------

Current thread (0x000001c7a79f8ca0):  JavaThread "C2 CompilerThread0" daemon [_thread_in_native, id=7728, stack(0x0000001881700000,0x0000001881800000) (1024K)]


Current CompileTask:
C2:39845 15712       4       java.lang.String::split (148 bytes)

Stack: [0x0000001881700000,0x0000001881800000]
Native frames: (J=compiled Java code, j=interpreted, Vv=VM code, C=native code)
V  [jvm.dll+0x6d68d9]
V  [jvm.dll+0x866693]
V  [jvm.dll+0x868c4e]
V  [jvm.dll+0x869333]
V  [jvm.dll+0x280566]
V  [jvm.dll+0xc07cd]
V  [jvm.dll+0xc0d03]
V  [jvm.dll+0x2f5970]
V  [jvm.dll+0x5ff719]
V  [jvm.dll+0x252362]
V  [jvm.dll+0x25271f]
V  [jvm.dll+0x24aec5]
V  [jvm.dll+0x24871e]
V  [jvm.dll+0x1c73a4]
V  [jvm.dll+0x257f9e]
V  [jvm.dll+0x2564e6]
V  [jvm.dll+0x3f4696]
V  [jvm.dll+0x80eac8]
V  [jvm.dll+0x6d512d]
C  [ucrtbase.dll+0x21bb2]
C  [KERNEL32.DLL+0x17374]
C  [ntdll.dll+0x4cc91]


---------------  P R O C E S S  ---------------

Threads class SMR info:
_java_thread_list=0x000001c7b6c07df0, length=186, elements={
0x000001c78d75ebc0, 0x000001c7a79a1d60, 0x000001c7a79d6190, 0x000001c7a79d6a80,
0x000001c7a79e1f00, 0x000001c7a79e2960, 0x000001c7a79e3790, 0x000001c7a79f0220,
0x000001c7a79f8ca0, 0x000001c7a79f9740, 0x000001c7a7cc6770, 0x000001c7a7cc8840,
0x000001c7a7cc8ed0, 0x000001c7a7cc6e00, 0x000001c7a7cc7490, 0x000001c7a7cc7b20,
0x000001c7a7cc9560, 0x000001c7a7cc60e0, 0x000001c7ada22df0, 0x000001c7ada241a0,
0x000001c7ada23480, 0x000001c7ada24830, 0x000001c7ada25be0, 0x000001c7ada20690,
0x000001c7ada26270, 0x000001c7ada23b10, 0x000001c7ada25550, 0x000001c7ada20d20,
0x000001c7ada26900, 0x000001c7ada213b0, 0x000001c7ada26f90, 0x000001c7ada27cb0,
0x000001c7ada21a40, 0x000001c7ada22760, 0x000001c7af9d2730, 0x000001c7af9cd870,
0x000001c7af9cf2b0, 0x000001c7af9ccb50, 0x000001c7af9cf940, 0x000001c7af9cffd0,
0x000001c7af9d0660, 0x000001c7af9cdf00, 0x000001c7af9cb7a0, 0x000001c7af9cec20,
0x000001c7af9d0cf0, 0x000001c7af9d1a10, 0x000001c7af9d1380, 0x000001c7af9ce590,
0x000001c7af9d2dc0, 0x000001c7af9cbe30, 0x000001c7af9cc4c0, 0x000001c7af9cd1e0,
0x000001c7b0241280, 0x000001c7b0244700, 0x000001c7b0244d90, 0x000001c7b023f1b0,
0x000001c7b023fed0, 0x000001c7b0241fa0, 0x000001c7b0245420, 0x000001c7b0242630,
0x000001c7b0242cc0, 0x000001c7b023f840, 0x000001c7b0243350, 0x000001c7b0244070,
0x000001c7b0240bf0, 0x000001c7b0241910, 0x000001c7b023e490, 0x000001c7b0245ab0,
0x000001c7b0775c90, 0x000001c7b07748e0, 0x000001c7b0774f70, 0x000001c7b0775600,
0x000001c7b07776d0, 0x000001c7b0774250, 0x000001c7b0777040, 0x000001c7b07769b0,
0x000001c7b0776320, 0x000001c7b05f0350, 0x000001c7b05f3e60, 0x000001c7b05f44f0,
0x000001c7b05f4b80, 0x000001c7b05f1d90, 0x000001c7b05f5210, 0x000001c7b05f5f30,
0x000001c7b05f09e0, 0x000001c7b05efcc0, 0x000001c7b05f58a0, 0x000001c7b05f37d0,
0x000001c7b05f2420, 0x000001c7b05f1700, 0x000001c7b05eefa0, 0x000001c7b05f65c0,
0x000001c7b05f1070, 0x000001c7b05f2ab0, 0x000001c7b05ef630, 0x000001c7b05f3140,
0x000001c7ac11b300, 0x000001c7ac11e780, 0x000001c7ac119f50, 0x000001c7ac11b990,
0x000001c7ac11d3d0, 0x000001c7ac11c020, 0x000001c7b0646460, 0x000001c7b0646af0,
0x000001c7b0643d00, 0x000001c7b06498e0, 0x000001c7b0644390, 0x000001c7b0649f70,
0x000001c7b0647180, 0x000001c7b0644a20, 0x000001c7b0648530, 0x000001c7b06450b0,
0x000001c7b0645740, 0x000001c7b0648bc0, 0x000001c7b0647810, 0x000001c7b0645dd0,
0x000001c7b0647ea0, 0x000001c7b0649250, 0x000001c7b0642fe0, 0x000001c7b064a600,
0x000001c7ace6bc60, 0x000001c7ace6c980, 0x000001c7ace6c2f0, 0x000001c7ace6d010,
0x000001c7ace6d6a0, 0x000001c7ace70b20, 0x000001c7ace70490, 0x000001c7ace6f770,
0x000001c7ace73280, 0x000001c7ace6e3c0, 0x000001c7ace711b0, 0x000001c7ace6ea50,
0x000001c7ace6dd30, 0x000001c7ace6fe00, 0x000001c7ace71840, 0x000001c7ace71ed0,
0x000001c7ace72560, 0x000001c7aec3ff90, 0x000001c7aec3f270, 0x000001c7aec3f900,
0x000001c7aec3cb10, 0x000001c7aec3d830, 0x000001c7aec3d1a0, 0x000001c7aec3dec0,
0x000001c7aec3e550, 0x000001c7aec3ebe0, 0x000001c7b67799f0, 0x000001c7b677ada0,
0x000001c7b677bac0, 0x000001c7b677a710, 0x000001c7b6778cd0, 0x000001c7b677e8b0,
0x000001c7b677c7e0, 0x000001c7b677c150, 0x000001c7b677ce70, 0x000001c7b6779360,
0x000001c7b677ef40, 0x000001c7b677d500, 0x000001c7b677f5d0, 0x000001c7b677db90,
0x000001c7b677e220, 0x000001c7b677fc60, 0x000001c7b67802f0, 0x000001c7b6781010,
0x000001c7b6780980, 0x000001c7b677a080, 0x000001c7b6787fa0, 0x000001c7b6787910,
0x000001c7b67851b0, 0x000001c7b67830e0, 0x000001c7b67816a0, 0x000001c7b6783e00,
0x000001c7b6783770, 0x000001c7b6782a50, 0x000001c7b6786560, 0x000001c7b6784490,
0x000001c7b77bd160, 0x000001c7b77baa00, 0x000001c7b77bff50, 0x000001c7b77be510,
0x000001c7b77ba370, 0x000001c7b77bc440, 0x000001c7b77bcad0, 0x000001c7b77bb090,
0x000001c7b77bbdb0, 0x000001c7b77c3a60
}

Java Threads: ( => current thread )
  0x000001c78d75ebc0 JavaThread "main"                              [_thread_blocked, id=22276, stack(0x0000001880800000,0x0000001880900000) (1024K)]
  0x000001c7a79a1d60 JavaThread "Common-Cleaner"             daemon [_thread_blocked, id=15824, stack(0x0000001881000000,0x0000001881100000) (1024K)]
  0x000001c7a79d6190 JavaThread "Reference Handler"          daemon [_thread_blocked, id=20368, stack(0x0000001881100000,0x0000001881200000) (1024K)]
  0x000001c7a79d6a80 JavaThread "Finalizer"                  daemon [_thread_blocked, id=21800, stack(0x0000001881200000,0x0000001881300000) (1024K)]
  0x000001c7a79e1f00 JavaThread "Signal Dispatcher"          daemon [_thread_blocked, id=22308, stack(0x0000001881300000,0x0000001881400000) (1024K)]
  0x000001c7a79e2960 JavaThread "Attach Listener"            daemon [_thread_blocked, id=24324, stack(0x0000001881400000,0x0000001881500000) (1024K)]
  0x000001c7a79e3790 JavaThread "Service Thread"             daemon [_thread_blocked, id=19404, stack(0x0000001881500000,0x0000001881600000) (1024K)]
  0x000001c7a79f0220 JavaThread "Monitor Deflation Thread"   daemon [_thread_blocked, id=28396, stack(0x0000001881600000,0x0000001881700000) (1024K)]
=>0x000001c7a79f8ca0 JavaThread "C2 CompilerThread0"         daemon [_thread_in_native, id=7728, stack(0x0000001881700000,0x0000001881800000) (1024K)]
  0x000001c7a79f9740 JavaThread "C1 CompilerThread0"         daemon [_thread_blocked, id=21340, stack(0x0000001881800000,0x0000001881900000) (1024K)]
  0x000001c7a7cc6770 JavaThread "Notification Thread"        daemon [_thread_blocked, id=31300, stack(0x0000001881900000,0x0000001881a00000) (1024K)]
  0x000001c7a7cc8840 JavaThread "Daemon health stats"               [_thread_blocked, id=13400, stack(0x0000001881e00000,0x0000001881f00000) (1024K)]
  0x000001c7a7cc8ed0 JavaThread "Incoming local TCP Connector on port 50637"        [_thread_in_native, id=13768, stack(0x0000001882300000,0x0000001882400000) (1024K)]
  0x000001c7a7cc6e00 JavaThread "Daemon periodic checks"            [_thread_blocked, id=9244, stack(0x0000001882400000,0x0000001882500000) (1024K)]
  0x000001c7a7cc7490 JavaThread "Daemon"                            [_thread_blocked, id=23924, stack(0x0000001882500000,0x0000001882600000) (1024K)]
  0x000001c7a7cc7b20 JavaThread "Handler for socket connection from /127.0.0.1:50637 to /127.0.0.1:50638"        [_thread_in_native, id=6752, stack(0x0000001882600000,0x0000001882700000) (1024K)]
  0x000001c7a7cc9560 JavaThread "Cancel handler"                    [_thread_blocked, id=20476, stack(0x0000001882700000,0x0000001882800000) (1024K)]
  0x000001c7a7cc60e0 JavaThread "Daemon worker"                     [_thread_blocked, id=23260, stack(0x0000001882800000,0x0000001882900000) (1024K)]
  0x000001c7ada22df0 JavaThread "Asynchronous log dispatcher for DefaultDaemonConnection: socket connection from /127.0.0.1:50637 to /127.0.0.1:50638"        [_thread_blocked, id=22804, stack(0x0000001882900000,0x0000001882a00000) (1024K)]
  0x000001c7ada241a0 JavaThread "Stdin handler"                     [_thread_blocked, id=12004, stack(0x0000001882a00000,0x0000001882b00000) (1024K)]
  0x000001c7ada23480 JavaThread "Daemon client event forwarder"        [_thread_blocked, id=21164, stack(0x0000001882b00000,0x0000001882c00000) (1024K)]
  0x000001c7ada24830 JavaThread "Cache worker for journal cache (C:\Users\Administrator\.gradle\caches\journal-1)"        [_thread_blocked, id=22448, stack(0x0000001882f00000,0x0000001883000000) (1024K)]
  0x000001c7ada25be0 JavaThread "File lock request listener"        [_thread_in_native, id=11116, stack(0x0000001883000000,0x0000001883100000) (1024K)]
  0x000001c7ada20690 JavaThread "Cache worker for file hash cache (C:\Users\Administrator\.gradle\caches\8.13\fileHashes)"        [_thread_blocked, id=2788, stack(0x0000001883100000,0x0000001883200000) (1024K)]
  0x000001c7ada26270 JavaThread "Cache worker for file hash cache (E:\ClickAssist\.gradle\8.13\fileHashes)"        [_thread_blocked, id=24852, stack(0x0000001883200000,0x0000001883300000) (1024K)]
  0x000001c7ada23b10 JavaThread "Cache worker for Build Output Cleanup Cache (E:\ClickAssist\.gradle\buildOutputCleanup)"        [_thread_blocked, id=26108, stack(0x0000001883300000,0x0000001883400000) (1024K)]
  0x000001c7ada25550 JavaThread "File watcher server"        daemon [_thread_in_native, id=22436, stack(0x0000001883400000,0x0000001883500000) (1024K)]
  0x000001c7ada20d20 JavaThread "File watcher consumer"      daemon [_thread_blocked, id=25076, stack(0x0000001883500000,0x0000001883600000) (1024K)]
  0x000001c7ada26900 JavaThread "jar transforms"                    [_thread_blocked, id=9444, stack(0x0000001883600000,0x0000001883700000) (1024K)]
  0x000001c7ada213b0 JavaThread "jar transforms Thread 2"           [_thread_blocked, id=18764, stack(0x0000001883700000,0x0000001883800000) (1024K)]
  0x000001c7ada26f90 JavaThread "Cache worker for checksums cache (E:\ClickAssist\.gradle\8.13\checksums)"        [_thread_blocked, id=6004, stack(0x0000001883800000,0x0000001883900000) (1024K)]
  0x000001c7ada27cb0 JavaThread "Cache worker for file content cache (C:\Users\Administrator\.gradle\caches\8.13\fileContent)"        [_thread_blocked, id=27928, stack(0x0000001883900000,0x0000001883a00000) (1024K)]
  0x000001c7ada21a40 JavaThread "jar transforms Thread 3"           [_thread_blocked, id=3004, stack(0x0000001883a00000,0x0000001883b00000) (1024K)]
  0x000001c7ada22760 JavaThread "Cache worker for cache directory md-supplier (C:\Users\Administrator\.gradle\caches\8.13\md-supplier)"        [_thread_blocked, id=7624, stack(0x0000001883b00000,0x0000001883c00000) (1024K)]
  0x000001c7af9d2730 JavaThread "Cache worker for cache directory md-rule (C:\Users\Administrator\.gradle\caches\8.13\md-rule)"        [_thread_blocked, id=11696, stack(0x0000001883c00000,0x0000001883d00000) (1024K)]
  0x000001c7af9cd870 JavaThread "Unconstrained build operations"        [_thread_blocked, id=1780, stack(0x0000001883d00000,0x0000001883e00000) (1024K)]
  0x000001c7af9cf2b0 JavaThread "Unconstrained build operations Thread 2"        [_thread_blocked, id=26320, stack(0x0000001883e00000,0x0000001883f00000) (1024K)]
  0x000001c7af9ccb50 JavaThread "Unconstrained build operations Thread 3"        [_thread_blocked, id=26104, stack(0x0000001883f00000,0x0000001884000000) (1024K)]
  0x000001c7af9cf940 JavaThread "Unconstrained build operations Thread 4"        [_thread_blocked, id=9696, stack(0x0000001884000000,0x0000001884100000) (1024K)]
  0x000001c7af9cffd0 JavaThread "Unconstrained build operations Thread 5"        [_thread_blocked, id=19224, stack(0x0000001884100000,0x0000001884200000) (1024K)]
  0x000001c7af9d0660 JavaThread "Unconstrained build operations Thread 6"        [_thread_blocked, id=28300, stack(0x0000001884200000,0x0000001884300000) (1024K)]
  0x000001c7af9cdf00 JavaThread "Unconstrained build operations Thread 7"        [_thread_blocked, id=22372, stack(0x0000001884300000,0x0000001884400000) (1024K)]
  0x000001c7af9cb7a0 JavaThread "Unconstrained build operations Thread 8"        [_thread_blocked, id=21128, stack(0x0000001884400000,0x0000001884500000) (1024K)]
  0x000001c7af9cec20 JavaThread "Unconstrained build operations Thread 9"        [_thread_blocked, id=14248, stack(0x0000001884500000,0x0000001884600000) (1024K)]
  0x000001c7af9d0cf0 JavaThread "Unconstrained build operations Thread 10"        [_thread_blocked, id=23432, stack(0x0000001884600000,0x0000001884700000) (1024K)]
  0x000001c7af9d1a10 JavaThread "jar transforms Thread 4"           [_thread_blocked, id=27408, stack(0x0000001884700000,0x0000001884800000) (1024K)]
  0x000001c7af9d1380 JavaThread "jar transforms Thread 5"           [_thread_blocked, id=9944, stack(0x0000001884800000,0x0000001884900000) (1024K)]
  0x000001c7af9ce590 JavaThread "Unconstrained build operations Thread 11"        [_thread_blocked, id=25500, stack(0x0000001884900000,0x0000001884a00000) (1024K)]
  0x000001c7af9d2dc0 JavaThread "Unconstrained build operations Thread 12"        [_thread_blocked, id=9684, stack(0x0000001884a00000,0x0000001884b00000) (1024K)]
  0x000001c7af9cbe30 JavaThread "Unconstrained build operations Thread 13"        [_thread_blocked, id=21644, stack(0x0000001884b00000,0x0000001884c00000) (1024K)]
  0x000001c7af9cc4c0 JavaThread "Unconstrained build operations Thread 14"        [_thread_blocked, id=15608, stack(0x0000001884c00000,0x0000001884d00000) (1024K)]
  0x000001c7af9cd1e0 JavaThread "Unconstrained build operations Thread 15"        [_thread_blocked, id=31388, stack(0x0000001884d00000,0x0000001884e00000) (1024K)]
  0x000001c7b0241280 JavaThread "jar transforms Thread 6"           [_thread_blocked, id=22600, stack(0x0000001884e00000,0x0000001884f00000) (1024K)]
  0x000001c7b0244700 JavaThread "jar transforms Thread 7"           [_thread_blocked, id=700, stack(0x0000001884f00000,0x0000001885000000) (1024K)]
  0x000001c7b0244d90 JavaThread "jar transforms Thread 8"           [_thread_blocked, id=30796, stack(0x0000001885000000,0x0000001885100000) (1024K)]
  0x000001c7b023f1b0 JavaThread "Unconstrained build operations Thread 16"        [_thread_blocked, id=3712, stack(0x0000001885100000,0x0000001885200000) (1024K)]
  0x000001c7b023fed0 JavaThread "Unconstrained build operations Thread 17"        [_thread_blocked, id=21492, stack(0x0000001885200000,0x0000001885300000) (1024K)]
  0x000001c7b0241fa0 JavaThread "Unconstrained build operations Thread 18"        [_thread_blocked, id=11080, stack(0x0000001885300000,0x0000001885400000) (1024K)]
  0x000001c7b0245420 JavaThread "Unconstrained build operations Thread 19"        [_thread_blocked, id=28384, stack(0x0000001885400000,0x0000001885500000) (1024K)]
  0x000001c7b0242630 JavaThread "Unconstrained build operations Thread 20"        [_thread_blocked, id=30156, stack(0x0000001885500000,0x0000001885600000) (1024K)]
  0x000001c7b0242cc0 JavaThread "Unconstrained build operations Thread 21"        [_thread_blocked, id=8264, stack(0x0000001885600000,0x0000001885700000) (1024K)]
  0x000001c7b023f840 JavaThread "Unconstrained build operations Thread 22"        [_thread_blocked, id=13716, stack(0x0000001885700000,0x0000001885800000) (1024K)]
  0x000001c7b0243350 JavaThread "Unconstrained build operations Thread 23"        [_thread_blocked, id=23048, stack(0x0000001885800000,0x0000001885900000) (1024K)]
  0x000001c7b0244070 JavaThread "Unconstrained build operations Thread 24"        [_thread_blocked, id=10156, stack(0x0000001885900000,0x0000001885a00000) (1024K)]
  0x000001c7b0240bf0 JavaThread "Unconstrained build operations Thread 25"        [_thread_blocked, id=8376, stack(0x0000001885a00000,0x0000001885b00000) (1024K)]
  0x000001c7b0241910 JavaThread "Unconstrained build operations Thread 26"        [_thread_blocked, id=26572, stack(0x0000001885b00000,0x0000001885c00000) (1024K)]
  0x000001c7b023e490 JavaThread "Unconstrained build operations Thread 27"        [_thread_blocked, id=12600, stack(0x0000001885c00000,0x0000001885d00000) (1024K)]
  0x000001c7b0245ab0 JavaThread "Unconstrained build operations Thread 28"        [_thread_blocked, id=12700, stack(0x0000001885d00000,0x0000001885e00000) (1024K)]
  0x000001c7b0775c90 JavaThread "Unconstrained build operations Thread 29"        [_thread_blocked, id=28924, stack(0x0000001885e00000,0x0000001885f00000) (1024K)]
  0x000001c7b07748e0 JavaThread "Unconstrained build operations Thread 30"        [_thread_blocked, id=30840, stack(0x0000001885f00000,0x0000001886000000) (1024K)]
  0x000001c7b0774f70 JavaThread "Unconstrained build operations Thread 31"        [_thread_blocked, id=12680, stack(0x0000001886000000,0x0000001886100000) (1024K)]
  0x000001c7b0775600 JavaThread "Unconstrained build operations Thread 32"        [_thread_blocked, id=29180, stack(0x0000001886100000,0x0000001886200000) (1024K)]
  0x000001c7b07776d0 JavaThread "Unconstrained build operations Thread 33"        [_thread_blocked, id=24840, stack(0x0000001886200000,0x0000001886300000) (1024K)]
  0x000001c7b0774250 JavaThread "Unconstrained build operations Thread 34"        [_thread_blocked, id=31512, stack(0x0000001886300000,0x0000001886400000) (1024K)]
  0x000001c7b0777040 JavaThread "Unconstrained build operations Thread 35"        [_thread_blocked, id=20860, stack(0x0000001886400000,0x0000001886500000) (1024K)]
  0x000001c7b07769b0 JavaThread "Unconstrained build operations Thread 36"        [_thread_blocked, id=3928, stack(0x0000001886500000,0x0000001886600000) (1024K)]
  0x000001c7b0776320 JavaThread "Unconstrained build operations Thread 37"        [_thread_blocked, id=17500, stack(0x0000001886600000,0x0000001886700000) (1024K)]
  0x000001c7b05f0350 JavaThread "Unconstrained build operations Thread 38"        [_thread_blocked, id=24052, stack(0x0000001886700000,0x0000001886800000) (1024K)]
  0x000001c7b05f3e60 JavaThread "Unconstrained build operations Thread 39"        [_thread_blocked, id=24888, stack(0x0000001886800000,0x0000001886900000) (1024K)]
  0x000001c7b05f44f0 JavaThread "Unconstrained build operations Thread 40"        [_thread_blocked, id=2948, stack(0x0000001886900000,0x0000001886a00000) (1024K)]
  0x000001c7b05f4b80 JavaThread "Unconstrained build operations Thread 41"        [_thread_blocked, id=26948, stack(0x0000001886a00000,0x0000001886b00000) (1024K)]
  0x000001c7b05f1d90 JavaThread "Unconstrained build operations Thread 42"        [_thread_blocked, id=20364, stack(0x0000001886b00000,0x0000001886c00000) (1024K)]
  0x000001c7b05f5210 JavaThread "Unconstrained build operations Thread 43"        [_thread_blocked, id=24548, stack(0x0000001886c00000,0x0000001886d00000) (1024K)]
  0x000001c7b05f5f30 JavaThread "Unconstrained build operations Thread 44"        [_thread_blocked, id=22048, stack(0x0000001886d00000,0x0000001886e00000) (1024K)]
  0x000001c7b05f09e0 JavaThread "Unconstrained build operations Thread 45"        [_thread_blocked, id=14708, stack(0x0000001886e00000,0x0000001886f00000) (1024K)]
  0x000001c7b05efcc0 JavaThread "Unconstrained build operations Thread 46"        [_thread_blocked, id=27564, stack(0x0000001886f00000,0x0000001887000000) (1024K)]
  0x000001c7b05f58a0 JavaThread "Unconstrained build operations Thread 47"        [_thread_blocked, id=29356, stack(0x0000001887000000,0x0000001887100000) (1024K)]
  0x000001c7b05f37d0 JavaThread "Unconstrained build operations Thread 48"        [_thread_blocked, id=15172, stack(0x0000001887100000,0x0000001887200000) (1024K)]
  0x000001c7b05f2420 JavaThread "Unconstrained build operations Thread 49"        [_thread_blocked, id=18356, stack(0x0000001887200000,0x0000001887300000) (1024K)]
  0x000001c7b05f1700 JavaThread "Unconstrained build operations Thread 50"        [_thread_blocked, id=24868, stack(0x0000001887300000,0x0000001887400000) (1024K)]
  0x000001c7b05eefa0 JavaThread "Unconstrained build operations Thread 51"        [_thread_blocked, id=8864, stack(0x0000001887400000,0x0000001887500000) (1024K)]
  0x000001c7b05f65c0 JavaThread "Unconstrained build operations Thread 52"        [_thread_blocked, id=28168, stack(0x0000001887500000,0x0000001887600000) (1024K)]
  0x000001c7b05f1070 JavaThread "Unconstrained build operations Thread 53"        [_thread_blocked, id=6588, stack(0x0000001887600000,0x0000001887700000) (1024K)]
  0x000001c7b05f2ab0 JavaThread "Unconstrained build operations Thread 54"        [_thread_blocked, id=31020, stack(0x0000001887700000,0x0000001887800000) (1024K)]
  0x000001c7b05ef630 JavaThread "Unconstrained build operations Thread 55"        [_thread_blocked, id=24940, stack(0x0000001887800000,0x0000001887900000) (1024K)]
  0x000001c7b05f3140 JavaThread "Unconstrained build operations Thread 56"        [_thread_blocked, id=11076, stack(0x0000001887900000,0x0000001887a00000) (1024K)]
  0x000001c7ac11b300 JavaThread "Unconstrained build operations Thread 57"        [_thread_blocked, id=13436, stack(0x0000001887a00000,0x0000001887b00000) (1024K)]
  0x000001c7ac11e780 JavaThread "Unconstrained build operations Thread 58"        [_thread_blocked, id=22820, stack(0x0000001887b00000,0x0000001887c00000) (1024K)]
  0x000001c7ac119f50 JavaThread "Unconstrained build operations Thread 59"        [_thread_blocked, id=28864, stack(0x0000001887c00000,0x0000001887d00000) (1024K)]
  0x000001c7ac11b990 JavaThread "build event listener"              [_thread_blocked, id=24132, stack(0x0000001887d00000,0x0000001887e00000) (1024K)]
  0x000001c7ac11d3d0 JavaThread "Memory manager"                    [_thread_blocked, id=18656, stack(0x0000001887e00000,0x0000001887f00000) (1024K)]
  0x000001c7ac11c020 JavaThread "build event listener"              [_thread_blocked, id=27820, stack(0x0000001887f00000,0x0000001888000000) (1024K)]
  0x000001c7b0646460 JavaThread "included builds"                   [_thread_blocked, id=9348, stack(0x0000001888000000,0x0000001888100000) (1024K)]
  0x000001c7b0646af0 JavaThread "Execution worker"                  [_thread_blocked, id=20004, stack(0x0000001888100000,0x0000001888200000) (1024K)]
  0x000001c7b0643d00 JavaThread "Execution worker Thread 2"         [_thread_blocked, id=11060, stack(0x0000001888200000,0x0000001888300000) (1024K)]
  0x000001c7b06498e0 JavaThread "Execution worker Thread 3"         [_thread_blocked, id=21872, stack(0x0000001888300000,0x0000001888400000) (1024K)]
  0x000001c7b0644390 JavaThread "Execution worker Thread 4"         [_thread_blocked, id=29792, stack(0x0000001888400000,0x0000001888500000) (1024K)]
  0x000001c7b0649f70 JavaThread "Execution worker Thread 5"         [_thread_in_native, id=26164, stack(0x0000001888500000,0x0000001888600000) (1024K)]
  0x000001c7b0647180 JavaThread "Execution worker Thread 6"         [_thread_blocked, id=25360, stack(0x0000001888600000,0x0000001888700000) (1024K)]
  0x000001c7b0644a20 JavaThread "Execution worker Thread 7"         [_thread_blocked, id=25320, stack(0x0000001888700000,0x0000001888800000) (1024K)]
  0x000001c7b0648530 JavaThread "Execution worker Thread 8"         [_thread_blocked, id=14088, stack(0x0000001888800000,0x0000001888900000) (1024K)]
  0x000001c7b06450b0 JavaThread "Execution worker Thread 9"         [_thread_blocked, id=19636, stack(0x0000001888900000,0x0000001888a00000) (1024K)]
  0x000001c7b0645740 JavaThread "Execution worker Thread 10"        [_thread_blocked, id=20320, stack(0x0000001888a00000,0x0000001888b00000) (1024K)]
  0x000001c7b0648bc0 JavaThread "Execution worker Thread 11"        [_thread_blocked, id=25204, stack(0x0000001888b00000,0x0000001888c00000) (1024K)]
  0x000001c7b0647810 JavaThread "Cache worker for execution history cache (E:\ClickAssist\.gradle\8.13\executionHistory)"        [_thread_blocked, id=29304, stack(0x0000001888c00000,0x0000001888d00000) (1024K)]
  0x000001c7b0645dd0 JavaThread "Unconstrained build operations Thread 60"        [_thread_blocked, id=30520, stack(0x0000001888d00000,0x0000001888e00000) (1024K)]
  0x000001c7b0647ea0 JavaThread "Unconstrained build operations Thread 61"        [_thread_blocked, id=11832, stack(0x0000001888e00000,0x0000001888f00000) (1024K)]
  0x000001c7b0649250 JavaThread "Unconstrained build operations Thread 62"        [_thread_blocked, id=20536, stack(0x0000001888f00000,0x0000001889000000) (1024K)]
  0x000001c7b0642fe0 JavaThread "Unconstrained build operations Thread 63"        [_thread_blocked, id=30644, stack(0x0000001889000000,0x0000001889100000) (1024K)]
  0x000001c7b064a600 JavaThread "Unconstrained build operations Thread 64"        [_thread_blocked, id=2312, stack(0x0000001889100000,0x0000001889200000) (1024K)]
  0x000001c7ace6bc60 JavaThread "Unconstrained build operations Thread 65"        [_thread_blocked, id=18704, stack(0x0000001889200000,0x0000001889300000) (1024K)]
  0x000001c7ace6c980 JavaThread "Unconstrained build operations Thread 66"        [_thread_blocked, id=10136, stack(0x0000001889300000,0x0000001889400000) (1024K)]
  0x000001c7ace6c2f0 JavaThread "Unconstrained build operations Thread 67"        [_thread_blocked, id=13516, stack(0x0000001889400000,0x0000001889500000) (1024K)]
  0x000001c7ace6d010 JavaThread "Unconstrained build operations Thread 68"        [_thread_blocked, id=15184, stack(0x0000001889500000,0x0000001889600000) (1024K)]
  0x000001c7ace6d6a0 JavaThread "Unconstrained build operations Thread 69"        [_thread_blocked, id=18216, stack(0x0000001889600000,0x0000001889700000) (1024K)]
  0x000001c7ace70b20 JavaThread "Unconstrained build operations Thread 70"        [_thread_blocked, id=4132, stack(0x0000001889700000,0x0000001889800000) (1024K)]
  0x000001c7ace70490 JavaThread "Unconstrained build operations Thread 71"        [_thread_blocked, id=11064, stack(0x0000001889800000,0x0000001889900000) (1024K)]
  0x000001c7ace6f770 JavaThread "Unconstrained build operations Thread 72"        [_thread_blocked, id=20024, stack(0x0000001889900000,0x0000001889a00000) (1024K)]
  0x000001c7ace73280 JavaThread "Unconstrained build operations Thread 73"        [_thread_blocked, id=13160, stack(0x0000001889a00000,0x0000001889b00000) (1024K)]
  0x000001c7ace6e3c0 JavaThread "Unconstrained build operations Thread 74"        [_thread_blocked, id=14164, stack(0x0000001889b00000,0x0000001889c00000) (1024K)]
  0x000001c7ace711b0 JavaThread "Unconstrained build operations Thread 75"        [_thread_blocked, id=15388, stack(0x0000001889c00000,0x0000001889d00000) (1024K)]
  0x000001c7ace6ea50 JavaThread "Unconstrained build operations Thread 76"        [_thread_blocked, id=17444, stack(0x0000001889d00000,0x0000001889e00000) (1024K)]
  0x000001c7ace6dd30 JavaThread "Unconstrained build operations Thread 77"        [_thread_blocked, id=14700, stack(0x0000001889e00000,0x0000001889f00000) (1024K)]
  0x000001c7ace6fe00 JavaThread "Unconstrained build operations Thread 78"        [_thread_blocked, id=19676, stack(0x0000001889f00000,0x000000188a000000) (1024K)]
  0x000001c7ace71840 JavaThread "Unconstrained build operations Thread 79"        [_thread_blocked, id=13548, stack(0x000000188a000000,0x000000188a100000) (1024K)]
  0x000001c7ace71ed0 JavaThread "Unconstrained build operations Thread 80"        [_thread_blocked, id=13088, stack(0x000000188a100000,0x000000188a200000) (1024K)]
  0x000001c7ace72560 JavaThread "Unconstrained build operations Thread 81"        [_thread_blocked, id=21612, stack(0x000000188a200000,0x000000188a300000) (1024K)]
  0x000001c7aec3ff90 JavaThread "Unconstrained build operations Thread 82"        [_thread_blocked, id=31648, stack(0x000000188a300000,0x000000188a400000) (1024K)]
  0x000001c7aec3f270 JavaThread "Unconstrained build operations Thread 83"        [_thread_blocked, id=22072, stack(0x000000188a400000,0x000000188a500000) (1024K)]
  0x000001c7aec3f900 JavaThread "Unconstrained build operations Thread 84"        [_thread_blocked, id=30040, stack(0x000000188a500000,0x000000188a600000) (1024K)]
  0x000001c7aec3cb10 JavaThread "Unconstrained build operations Thread 85"        [_thread_blocked, id=3776, stack(0x000000188a600000,0x000000188a700000) (1024K)]
  0x000001c7aec3d830 JavaThread "Unconstrained build operations Thread 86"        [_thread_blocked, id=17964, stack(0x000000188a700000,0x000000188a800000) (1024K)]
  0x000001c7aec3d1a0 JavaThread "Unconstrained build operations Thread 87"        [_thread_blocked, id=12000, stack(0x000000188a800000,0x000000188a900000) (1024K)]
  0x000001c7aec3dec0 JavaThread "Unconstrained build operations Thread 88"        [_thread_blocked, id=27200, stack(0x000000188a900000,0x000000188aa00000) (1024K)]
  0x000001c7aec3e550 JavaThread "Unconstrained build operations Thread 89"        [_thread_blocked, id=18228, stack(0x000000188aa00000,0x000000188ab00000) (1024K)]
  0x000001c7aec3ebe0 JavaThread "Unconstrained build operations Thread 90"        [_thread_blocked, id=25972, stack(0x000000188ab00000,0x000000188ac00000) (1024K)]
  0x000001c7b67799f0 JavaThread "Unconstrained build operations Thread 91"        [_thread_blocked, id=28224, stack(0x000000188ac00000,0x000000188ad00000) (1024K)]
  0x000001c7b677ada0 JavaThread "Unconstrained build operations Thread 92"        [_thread_blocked, id=27248, stack(0x000000188ad00000,0x000000188ae00000) (1024K)]
  0x000001c7b677bac0 JavaThread "Unconstrained build operations Thread 93"        [_thread_blocked, id=9312, stack(0x000000188ae00000,0x000000188af00000) (1024K)]
  0x000001c7b677a710 JavaThread "Unconstrained build operations Thread 94"        [_thread_blocked, id=5356, stack(0x000000188af00000,0x000000188b000000) (1024K)]
  0x000001c7b6778cd0 JavaThread "Unconstrained build operations Thread 95"        [_thread_blocked, id=12464, stack(0x000000188b000000,0x000000188b100000) (1024K)]
  0x000001c7b677e8b0 JavaThread "Unconstrained build operations Thread 96"        [_thread_blocked, id=27720, stack(0x000000188b100000,0x000000188b200000) (1024K)]
  0x000001c7b677c7e0 JavaThread "Unconstrained build operations Thread 97"        [_thread_blocked, id=600, stack(0x000000188b200000,0x000000188b300000) (1024K)]
  0x000001c7b677c150 JavaThread "Unconstrained build operations Thread 98"        [_thread_blocked, id=14460, stack(0x000000188b300000,0x000000188b400000) (1024K)]
  0x000001c7b677ce70 JavaThread "Unconstrained build operations Thread 99"        [_thread_blocked, id=26300, stack(0x000000188b400000,0x000000188b500000) (1024K)]
  0x000001c7b6779360 JavaThread "Unconstrained build operations Thread 100"        [_thread_blocked, id=7296, stack(0x000000188b500000,0x000000188b600000) (1024K)]
  0x000001c7b677ef40 JavaThread "Unconstrained build operations Thread 101"        [_thread_blocked, id=13576, stack(0x000000188b600000,0x000000188b700000) (1024K)]
  0x000001c7b677d500 JavaThread "Unconstrained build operations Thread 102"        [_thread_blocked, id=7332, stack(0x000000188b700000,0x000000188b800000) (1024K)]
  0x000001c7b677f5d0 JavaThread "Unconstrained build operations Thread 103"        [_thread_blocked, id=15960, stack(0x000000188b800000,0x000000188b900000) (1024K)]
  0x000001c7b677db90 JavaThread "Unconstrained build operations Thread 104"        [_thread_blocked, id=8048, stack(0x000000188b900000,0x000000188ba00000) (1024K)]
  0x000001c7b677e220 JavaThread "Unconstrained build operations Thread 105"        [_thread_blocked, id=20236, stack(0x000000188ba00000,0x000000188bb00000) (1024K)]
  0x000001c7b677fc60 JavaThread "Unconstrained build operations Thread 106"        [_thread_blocked, id=28792, stack(0x000000188bb00000,0x000000188bc00000) (1024K)]
  0x000001c7b67802f0 JavaThread "Unconstrained build operations Thread 107"        [_thread_blocked, id=18304, stack(0x000000188bc00000,0x000000188bd00000) (1024K)]
  0x000001c7b6781010 JavaThread "Unconstrained build operations Thread 108"        [_thread_blocked, id=24856, stack(0x000000188bd00000,0x000000188be00000) (1024K)]
  0x000001c7b6780980 JavaThread "Unconstrained build operations Thread 109"        [_thread_blocked, id=16420, stack(0x000000188be00000,0x000000188bf00000) (1024K)]
  0x000001c7b677a080 JavaThread "Unconstrained build operations Thread 110"        [_thread_blocked, id=23224, stack(0x000000188bf00000,0x000000188c000000) (1024K)]
  0x000001c7b6787fa0 JavaThread "Unconstrained build operations Thread 111"        [_thread_blocked, id=27584, stack(0x000000188c000000,0x000000188c100000) (1024K)]
  0x000001c7b6787910 JavaThread "Unconstrained build operations Thread 112"        [_thread_blocked, id=21008, stack(0x000000188c100000,0x000000188c200000) (1024K)]
  0x000001c7b67851b0 JavaThread "Unconstrained build operations Thread 113"        [_thread_blocked, id=23592, stack(0x000000188c200000,0x000000188c300000) (1024K)]
  0x000001c7b67830e0 JavaThread "Unconstrained build operations Thread 114"        [_thread_blocked, id=9264, stack(0x000000188c300000,0x000000188c400000) (1024K)]
  0x000001c7b67816a0 JavaThread "Unconstrained build operations Thread 115"        [_thread_blocked, id=24908, stack(0x000000188c400000,0x000000188c500000) (1024K)]
  0x000001c7b6783e00 JavaThread "Unconstrained build operations Thread 116"        [_thread_blocked, id=13984, stack(0x000000188c500000,0x000000188c600000) (1024K)]
  0x000001c7b6783770 JavaThread "Unconstrained build operations Thread 117"        [_thread_blocked, id=17348, stack(0x000000188c600000,0x000000188c700000) (1024K)]
  0x000001c7b6782a50 JavaThread "Unconstrained build operations Thread 118"        [_thread_blocked, id=22156, stack(0x000000188c700000,0x000000188c800000) (1024K)]
  0x000001c7b6786560 JavaThread "Unconstrained build operations Thread 119"        [_thread_blocked, id=26048, stack(0x000000188c800000,0x000000188c900000) (1024K)]
  0x000001c7b6784490 JavaThread "Unconstrained build operations Thread 120"        [_thread_blocked, id=6224, stack(0x000000188c900000,0x000000188ca00000) (1024K)]
  0x000001c7b77bd160 JavaThread "WorkerExecutor Queue"              [_thread_blocked, id=11936, stack(0x000000188ca00000,0x000000188cb00000) (1024K)]
  0x000001c7b77baa00 JavaThread "RMI Scheduler(0)"           daemon [_thread_blocked, id=2396, stack(0x000000188cb00000,0x000000188cc00000) (1024K)]
  0x000001c7b77bff50 JavaThread "RMI GC Daemon"              daemon [_thread_blocked, id=5940, stack(0x000000188cd00000,0x000000188ce00000) (1024K)]
  0x000001c7b77be510 JavaThread "RMI TCP Accept-0"           daemon [_thread_in_native, id=14564, stack(0x000000188ce00000,0x000000188cf00000) (1024K)]
  0x000001c7b77ba370 JavaThread "RMI Reaper"                        [_thread_blocked, id=2896, stack(0x000000188cf00000,0x000000188d000000) (1024K)]
  0x000001c7b77bc440 JavaThread "RMI TCP Connection(idle)"   daemon [_thread_blocked, id=22124, stack(0x000000188d000000,0x000000188d100000) (1024K)]
  0x000001c7b77bcad0 JavaThread "WorkerExecutor Queue Thread 2"        [_thread_blocked, id=21660, stack(0x000000188cc00000,0x000000188cd00000) (1024K)]
  0x000001c7b77bb090 JavaThread "RMI TCP Connection(4)-127.0.0.1" daemon [_thread_in_native, id=6404, stack(0x000000188d200000,0x000000188d300000) (1024K)]
  0x000001c7b77bbdb0 JavaThread "RMI TCP Connection(3)-127.0.0.1" daemon [_thread_in_native, id=25712, stack(0x000000188d300000,0x000000188d400000) (1024K)]
  0x000001c7b77c3a60 JavaThread "Cache worker for Java compile cache (C:\Users\Administrator\.gradle\caches\8.13\javaCompile)"        [_thread_blocked, id=11852, stack(0x000000188d100000,0x000000188d200000) (1024K)]
Total: 186

Other Threads:
  0x000001c7a77828b0 VMThread "VM Thread"                           [id=23320, stack(0x0000001880f00000,0x0000001881000000) (1024K)]
  0x000001c7a7772260 WatcherThread "VM Periodic Task Thread"        [id=5236, stack(0x0000001880e00000,0x0000001880f00000) (1024K)]
  0x000001c78f18ba30 WorkerThread "GC Thread#0"                     [id=30780, stack(0x0000001880900000,0x0000001880a00000) (1024K)]
  0x000001c7ac2f3f20 WorkerThread "GC Thread#1"                     [id=2228, stack(0x0000001881a00000,0x0000001881b00000) (1024K)]
  0x000001c7ac478510 WorkerThread "GC Thread#2"                     [id=24708, stack(0x0000001881b00000,0x0000001881c00000) (1024K)]
  0x000001c7ac3899d0 WorkerThread "GC Thread#3"                     [id=28060, stack(0x0000001881c00000,0x0000001881d00000) (1024K)]
  0x000001c7acc233a0 WorkerThread "GC Thread#4"                     [id=15496, stack(0x0000001881d00000,0x0000001881e00000) (1024K)]
  0x000001c7ad7554b0 WorkerThread "GC Thread#5"                     [id=29836, stack(0x0000001881f00000,0x0000001882000000) (1024K)]
  0x000001c7ad862bb0 WorkerThread "GC Thread#6"                     [id=12848, stack(0x0000001882000000,0x0000001882100000) (1024K)]
  0x000001c7ad862f50 WorkerThread "GC Thread#7"                     [id=13924, stack(0x0000001882100000,0x0000001882200000) (1024K)]
  0x000001c7ad86a3f0 WorkerThread "GC Thread#8"                     [id=5704, stack(0x0000001882200000,0x0000001882300000) (1024K)]
  0x000001c7ad96bab0 WorkerThread "GC Thread#9"                     [id=27404, stack(0x0000001882c00000,0x0000001882d00000) (1024K)]
  0x000001c78f19d600 ConcurrentGCThread "G1 Main Marker"            [id=26872, stack(0x0000001880a00000,0x0000001880b00000) (1024K)]
  0x000001c78f19e010 WorkerThread "G1 Conc#0"                       [id=29292, stack(0x0000001880b00000,0x0000001880c00000) (1024K)]
  0x000001c7ad96a890 WorkerThread "G1 Conc#1"                       [id=25936, stack(0x0000001882d00000,0x0000001882e00000) (1024K)]
  0x000001c7ad96be50 WorkerThread "G1 Conc#2"                       [id=12736, stack(0x0000001882e00000,0x0000001882f00000) (1024K)]
  0x000001c7a76445f0 ConcurrentGCThread "G1 Refine#0"               [id=17492, stack(0x0000001880c00000,0x0000001880d00000) (1024K)]
  0x000001c7a7644e10 ConcurrentGCThread "G1 Service"                [id=3580, stack(0x0000001880d00000,0x0000001880e00000) (1024K)]
Total: 18

Threads with active compile tasks:
C2 CompilerThread0  39892 15712       4       java.lang.String::split (148 bytes)
Total: 1

VM state: not at safepoint (normal execution)

VM Mutex/Monitor currently owned by a thread: None

Heap address: 0x0000000080000000, size: 2048 MB, Compressed Oops mode: 32-bit

CDS archive(s) not mapped
Compressed class space mapped at: 0x0000000100000000-0x0000000140000000, reserved size: 1073741824
Narrow klass base: 0x0000000000000000, Narrow klass shift: 3, Narrow klass range: 0x140000000

GC Precious Log:
 CardTable entry size: 512
 Card Set container configuration: InlinePtr #cards 5 size 8 Array Of Cards #cards 12 size 40 Howl #buckets 4 coarsen threshold 1843 Howl Bitmap #cards 512 size 80 coarsen threshold 460 Card regions per heap region 1 cards per card region 2048
 CPUs: 12 total, 12 available
 Memory: 8028M
 Large Page Support: Disabled
 NUMA Support: Disabled
 Compressed Oops: Enabled (32-bit)
 Heap Region Size: 1M
 Heap Min Capacity: 8M
 Heap Initial Capacity: 126M
 Heap Max Capacity: 2G
 Pre-touch: Disabled
 Parallel Workers: 10
 Concurrent Workers: 3
 Concurrent Refinement Workers: 10
 Periodic GC: Disabled

Heap:
 garbage-first heap   total 304128K, used 176846K [0x0000000080000000, 0x0000000100000000)
  region size 1024K, 22 young (22528K), 9 survivors (9216K)
 Metaspace       used 126987K, committed 129280K, reserved 1179648K
  class space    used 17830K, committed 18944K, reserved 1048576K

Heap Regions: E=young(eden), S=young(survivor), O=old, HS=humongous(starts), HC=humongous(continues), CS=collection set, F=free, TAMS=top-at-mark-start, PB=parsable bottom
|   0|0x0000000080000000, 0x0000000080100000, 0x0000000080100000|100%|HS|  |TAMS 0x0000000080000000| PB 0x0000000080000000| Complete 
|   1|0x0000000080100000, 0x0000000080200000, 0x0000000080200000|100%|HC|  |TAMS 0x0000000080100000| PB 0x0000000080100000| Complete 
|   2|0x0000000080200000, 0x0000000080300000, 0x0000000080300000|100%|HC|  |TAMS 0x0000000080200000| PB 0x0000000080200000| Complete 
|   3|0x0000000080300000, 0x0000000080400000, 0x0000000080400000|100%| O|  |TAMS 0x0000000080300000| PB 0x0000000080300000| Untracked 
|   4|0x0000000080400000, 0x0000000080500000, 0x0000000080500000|100%| O|  |TAMS 0x0000000080400000| PB 0x0000000080400000| Untracked 
|   5|0x0000000080500000, 0x0000000080600000, 0x0000000080600000|100%| O|  |TAMS 0x0000000080500000| PB 0x0000000080500000| Untracked 
|   6|0x0000000080600000, 0x0000000080700000, 0x0000000080700000|100%|HS|  |TAMS 0x0000000080600000| PB 0x0000000080600000| Complete 
|   7|0x0000000080700000, 0x0000000080800000, 0x0000000080800000|100%| O|  |TAMS 0x0000000080700000| PB 0x0000000080700000| Untracked 
|   8|0x0000000080800000, 0x0000000080900000, 0x0000000080900000|100%| O|  |TAMS 0x0000000080800000| PB 0x0000000080800000| Untracked 
|   9|0x0000000080900000, 0x0000000080a00000, 0x0000000080a00000|100%| O|  |TAMS 0x0000000080900000| PB 0x0000000080900000| Untracked 
|  10|0x0000000080a00000, 0x0000000080b00000, 0x0000000080b00000|100%| O|  |TAMS 0x0000000080a00000| PB 0x0000000080a00000| Untracked 
|  11|0x0000000080b00000, 0x0000000080c00000, 0x0000000080c00000|100%| O|  |TAMS 0x0000000080b00000| PB 0x0000000080b00000| Untracked 
|  12|0x0000000080c00000, 0x0000000080d00000, 0x0000000080d00000|100%| O|  |TAMS 0x0000000080c00000| PB 0x0000000080c00000| Untracked 
|  13|0x0000000080d00000, 0x0000000080e00000, 0x0000000080e00000|100%| O|  |TAMS 0x0000000080d00000| PB 0x0000000080d00000| Untracked 
|  14|0x0000000080e00000, 0x0000000080f00000, 0x0000000080f00000|100%| O|  |TAMS 0x0000000080e00000| PB 0x0000000080e00000| Untracked 
|  15|0x0000000080f00000, 0x0000000081000000, 0x0000000081000000|100%| O|  |TAMS 0x0000000080f00000| PB 0x0000000080f00000| Untracked 
|  16|0x0000000081000000, 0x0000000081100000, 0x0000000081100000|100%| O|  |TAMS 0x0000000081000000| PB 0x0000000081000000| Untracked 
|  17|0x0000000081100000, 0x0000000081200000, 0x0000000081200000|100%| O|  |TAMS 0x0000000081100000| PB 0x0000000081100000| Untracked 
|  18|0x0000000081200000, 0x0000000081300000, 0x0000000081300000|100%| O|  |TAMS 0x0000000081200000| PB 0x0000000081200000| Untracked 
|  19|0x0000000081300000, 0x0000000081400000, 0x0000000081400000|100%| O|  |TAMS 0x0000000081300000| PB 0x0000000081300000| Untracked 
|  20|0x0000000081400000, 0x0000000081500000, 0x0000000081500000|100%| O|  |TAMS 0x0000000081400000| PB 0x0000000081400000| Untracked 
|  21|0x0000000081500000, 0x0000000081600000, 0x0000000081600000|100%| O|  |TAMS 0x0000000081500000| PB 0x0000000081500000| Untracked 
|  22|0x0000000081600000, 0x0000000081700000, 0x0000000081700000|100%| O|  |TAMS 0x0000000081600000| PB 0x0000000081600000| Untracked 
|  23|0x0000000081700000, 0x0000000081800000, 0x0000000081800000|100%| O|  |TAMS 0x0000000081700000| PB 0x0000000081700000| Untracked 
|  24|0x0000000081800000, 0x0000000081900000, 0x0000000081900000|100%| O|  |TAMS 0x0000000081800000| PB 0x0000000081800000| Untracked 
|  25|0x0000000081900000, 0x0000000081a00000, 0x0000000081a00000|100%| O|  |TAMS 0x0000000081900000| PB 0x0000000081900000| Untracked 
|  26|0x0000000081a00000, 0x0000000081b00000, 0x0000000081b00000|100%| O|  |TAMS 0x0000000081a00000| PB 0x0000000081a00000| Untracked 
|  27|0x0000000081b00000, 0x0000000081c00000, 0x0000000081c00000|100%|HS|  |TAMS 0x0000000081b00000| PB 0x0000000081b00000| Complete 
|  28|0x0000000081c00000, 0x0000000081d00000, 0x0000000081d00000|100%|HC|  |TAMS 0x0000000081c00000| PB 0x0000000081c00000| Complete 
|  29|0x0000000081d00000, 0x0000000081e00000, 0x0000000081e00000|100%|HS|  |TAMS 0x0000000081d00000| PB 0x0000000081d00000| Complete 
|  30|0x0000000081e00000, 0x0000000081f00000, 0x0000000081f00000|100%|HS|  |TAMS 0x0000000081e00000| PB 0x0000000081e00000| Complete 
|  31|0x0000000081f00000, 0x0000000082000000, 0x0000000082000000|100%| O|  |TAMS 0x0000000081f00000| PB 0x0000000081f00000| Untracked 
|  32|0x0000000082000000, 0x0000000082100000, 0x0000000082100000|100%| O|  |TAMS 0x0000000082000000| PB 0x0000000082000000| Untracked 
|  33|0x0000000082100000, 0x0000000082200000, 0x0000000082200000|100%| O|  |TAMS 0x0000000082100000| PB 0x0000000082100000| Untracked 
|  34|0x0000000082200000, 0x0000000082300000, 0x0000000082300000|100%| O|  |TAMS 0x0000000082200000| PB 0x0000000082200000| Untracked 
|  35|0x0000000082300000, 0x0000000082400000, 0x0000000082400000|100%| O|  |TAMS 0x0000000082300000| PB 0x0000000082300000| Untracked 
|  36|0x0000000082400000, 0x0000000082500000, 0x0000000082500000|100%| O|  |TAMS 0x0000000082400000| PB 0x0000000082400000| Untracked 
|  37|0x0000000082500000, 0x0000000082600000, 0x0000000082600000|100%| O|  |TAMS 0x0000000082500000| PB 0x0000000082500000| Untracked 
|  38|0x0000000082600000, 0x0000000082700000, 0x0000000082700000|100%| O|  |TAMS 0x0000000082600000| PB 0x0000000082600000| Untracked 
|  39|0x0000000082700000, 0x0000000082800000, 0x0000000082800000|100%| O|  |TAMS 0x0000000082700000| PB 0x0000000082700000| Untracked 
|  40|0x0000000082800000, 0x0000000082900000, 0x0000000082900000|100%| O|  |TAMS 0x0000000082800000| PB 0x0000000082800000| Untracked 
|  41|0x0000000082900000, 0x0000000082a00000, 0x0000000082a00000|100%| O|  |TAMS 0x0000000082900000| PB 0x0000000082900000| Untracked 
|  42|0x0000000082a00000, 0x0000000082b00000, 0x0000000082b00000|100%| O|  |TAMS 0x0000000082a00000| PB 0x0000000082a00000| Untracked 
|  43|0x0000000082b00000, 0x0000000082c00000, 0x0000000082c00000|100%| O|  |TAMS 0x0000000082b00000| PB 0x0000000082b00000| Untracked 
|  44|0x0000000082c00000, 0x0000000082d00000, 0x0000000082d00000|100%| O|  |TAMS 0x0000000082c00000| PB 0x0000000082c00000| Untracked 
|  45|0x0000000082d00000, 0x0000000082e00000, 0x0000000082e00000|100%| O|  |TAMS 0x0000000082d00000| PB 0x0000000082d00000| Untracked 
|  46|0x0000000082e00000, 0x0000000082f00000, 0x0000000082f00000|100%|HS|  |TAMS 0x0000000082e00000| PB 0x0000000082e00000| Complete 
|  47|0x0000000082f00000, 0x0000000083000000, 0x0000000083000000|100%| O|  |TAMS 0x0000000082f00000| PB 0x0000000082f00000| Untracked 
|  48|0x0000000083000000, 0x0000000083100000, 0x0000000083100000|100%| O|  |TAMS 0x0000000083000000| PB 0x0000000083000000| Untracked 
|  49|0x0000000083100000, 0x0000000083200000, 0x0000000083200000|100%|HS|  |TAMS 0x0000000083100000| PB 0x0000000083100000| Complete 
|  50|0x0000000083200000, 0x0000000083300000, 0x0000000083300000|100%| O|  |TAMS 0x0000000083200000| PB 0x0000000083200000| Untracked 
|  51|0x0000000083300000, 0x0000000083400000, 0x0000000083400000|100%| O|  |TAMS 0x0000000083300000| PB 0x0000000083300000| Untracked 
|  52|0x0000000083400000, 0x0000000083500000, 0x0000000083500000|100%|HS|  |TAMS 0x0000000083400000| PB 0x0000000083400000| Complete 
|  53|0x0000000083500000, 0x0000000083600000, 0x0000000083600000|100%|HC|  |TAMS 0x0000000083500000| PB 0x0000000083500000| Complete 
|  54|0x0000000083600000, 0x0000000083700000, 0x0000000083700000|100%| O|  |TAMS 0x0000000083600000| PB 0x0000000083600000| Untracked 
|  55|0x0000000083700000, 0x0000000083800000, 0x0000000083800000|100%| O|  |TAMS 0x0000000083700000| PB 0x0000000083700000| Untracked 
|  56|0x0000000083800000, 0x0000000083900000, 0x0000000083900000|100%| O|  |TAMS 0x0000000083800000| PB 0x0000000083800000| Untracked 
|  57|0x0000000083900000, 0x0000000083a00000, 0x0000000083a00000|100%| O|  |TAMS 0x0000000083900000| PB 0x0000000083900000| Untracked 
|  58|0x0000000083a00000, 0x0000000083b00000, 0x0000000083b00000|100%| O|  |TAMS 0x0000000083a00000| PB 0x0000000083a00000| Untracked 
|  59|0x0000000083b00000, 0x0000000083c00000, 0x0000000083c00000|100%| O|  |TAMS 0x0000000083b00000| PB 0x0000000083b00000| Untracked 
|  60|0x0000000083c00000, 0x0000000083d00000, 0x0000000083d00000|100%|HS|  |TAMS 0x0000000083c00000| PB 0x0000000083c00000| Complete 
|  61|0x0000000083d00000, 0x0000000083e00000, 0x0000000083e00000|100%|HC|  |TAMS 0x0000000083d00000| PB 0x0000000083d00000| Complete 
|  62|0x0000000083e00000, 0x0000000083f00000, 0x0000000083f00000|100%|HS|  |TAMS 0x0000000083e00000| PB 0x0000000083e00000| Complete 
|  63|0x0000000083f00000, 0x0000000084000000, 0x0000000084000000|100%|HS|  |TAMS 0x0000000083f00000| PB 0x0000000083f00000| Complete 
|  64|0x0000000084000000, 0x0000000084100000, 0x0000000084100000|100%| O|  |TAMS 0x0000000084000000| PB 0x0000000084000000| Untracked 
|  65|0x0000000084100000, 0x0000000084200000, 0x0000000084200000|100%| O|  |TAMS 0x0000000084100000| PB 0x0000000084100000| Untracked 
|  66|0x0000000084200000, 0x0000000084300000, 0x0000000084300000|100%| O|  |TAMS 0x0000000084200000| PB 0x0000000084200000| Untracked 
|  67|0x0000000084300000, 0x0000000084400000, 0x0000000084400000|100%| O|  |TAMS 0x0000000084300000| PB 0x0000000084300000| Untracked 
|  68|0x0000000084400000, 0x0000000084500000, 0x0000000084500000|100%|HS|  |TAMS 0x0000000084400000| PB 0x0000000084400000| Complete 
|  69|0x0000000084500000, 0x0000000084600000, 0x0000000084600000|100%|HC|  |TAMS 0x0000000084500000| PB 0x0000000084500000| Complete 
|  70|0x0000000084600000, 0x0000000084700000, 0x0000000084700000|100%|HC|  |TAMS 0x0000000084600000| PB 0x0000000084600000| Complete 
|  71|0x0000000084700000, 0x0000000084800000, 0x0000000084800000|100%| O|  |TAMS 0x0000000084700000| PB 0x0000000084700000| Untracked 
|  72|0x0000000084800000, 0x0000000084900000, 0x0000000084900000|100%| O|  |TAMS 0x0000000084800000| PB 0x0000000084800000| Untracked 
|  73|0x0000000084900000, 0x0000000084a00000, 0x0000000084a00000|100%| O|  |TAMS 0x0000000084900000| PB 0x0000000084900000| Untracked 
|  74|0x0000000084a00000, 0x0000000084b00000, 0x0000000084b00000|100%| O|  |TAMS 0x0000000084a00000| PB 0x0000000084a00000| Untracked 
|  75|0x0000000084b00000, 0x0000000084c00000, 0x0000000084c00000|100%|HS|  |TAMS 0x0000000084b00000| PB 0x0000000084b00000| Complete 
|  76|0x0000000084c00000, 0x0000000084d00000, 0x0000000084d00000|100%| O|  |TAMS 0x0000000084c00000| PB 0x0000000084c00000| Untracked 
|  77|0x0000000084d00000, 0x0000000084e00000, 0x0000000084e00000|100%| O|  |TAMS 0x0000000084d00000| PB 0x0000000084d00000| Untracked 
|  78|0x0000000084e00000, 0x0000000084f00000, 0x0000000084f00000|100%| O|  |TAMS 0x0000000084e00000| PB 0x0000000084e00000| Untracked 
|  79|0x0000000084f00000, 0x0000000085000000, 0x0000000085000000|100%| O|  |TAMS 0x0000000084f00000| PB 0x0000000084f00000| Untracked 
|  80|0x0000000085000000, 0x0000000085100000, 0x0000000085100000|100%| O|  |TAMS 0x0000000085000000| PB 0x0000000085000000| Untracked 
|  81|0x0000000085100000, 0x0000000085200000, 0x0000000085200000|100%|HS|  |TAMS 0x0000000085100000| PB 0x0000000085100000| Complete 
|  82|0x0000000085200000, 0x0000000085300000, 0x0000000085300000|100%|HC|  |TAMS 0x0000000085200000| PB 0x0000000085200000| Complete 
|  83|0x0000000085300000, 0x0000000085400000, 0x0000000085400000|100%|HC|  |TAMS 0x0000000085300000| PB 0x0000000085300000| Complete 
|  84|0x0000000085400000, 0x0000000085500000, 0x0000000085500000|100%| O|  |TAMS 0x0000000085400000| PB 0x0000000085400000| Untracked 
|  85|0x0000000085500000, 0x0000000085600000, 0x0000000085600000|100%| O|  |TAMS 0x0000000085500000| PB 0x0000000085500000| Untracked 
|  86|0x0000000085600000, 0x0000000085700000, 0x0000000085700000|100%| O|  |TAMS 0x0000000085600000| PB 0x0000000085600000| Untracked 
|  87|0x0000000085700000, 0x0000000085800000, 0x0000000085800000|100%| O|  |TAMS 0x0000000085700000| PB 0x0000000085700000| Untracked 
|  88|0x0000000085800000, 0x0000000085900000, 0x0000000085900000|100%| O|  |TAMS 0x0000000085800000| PB 0x0000000085800000| Untracked 
|  89|0x0000000085900000, 0x0000000085a00000, 0x0000000085a00000|100%| O|  |TAMS 0x0000000085900000| PB 0x0000000085900000| Untracked 
|  90|0x0000000085a00000, 0x0000000085b00000, 0x0000000085b00000|100%| O|  |TAMS 0x0000000085a00000| PB 0x0000000085a00000| Untracked 
|  91|0x0000000085b00000, 0x0000000085c00000, 0x0000000085c00000|100%| O|  |TAMS 0x0000000085b00000| PB 0x0000000085b00000| Untracked 
|  92|0x0000000085c00000, 0x0000000085d00000, 0x0000000085d00000|100%| O|  |TAMS 0x0000000085c00000| PB 0x0000000085c00000| Untracked 
|  93|0x0000000085d00000, 0x0000000085e00000, 0x0000000085e00000|100%| O|  |TAMS 0x0000000085d00000| PB 0x0000000085d00000| Untracked 
|  94|0x0000000085e00000, 0x0000000085f00000, 0x0000000085f00000|100%| O|  |TAMS 0x0000000085e00000| PB 0x0000000085e00000| Untracked 
|  95|0x0000000085f00000, 0x0000000086000000, 0x0000000086000000|100%| O|  |TAMS 0x0000000085f00000| PB 0x0000000085f00000| Untracked 
|  96|0x0000000086000000, 0x0000000086100000, 0x0000000086100000|100%| O|  |TAMS 0x0000000086000000| PB 0x0000000086000000| Untracked 
|  97|0x0000000086100000, 0x0000000086200000, 0x0000000086200000|100%| O|  |TAMS 0x0000000086100000| PB 0x0000000086100000| Untracked 
|  98|0x0000000086200000, 0x0000000086300000, 0x0000000086300000|100%| O|  |TAMS 0x0000000086200000| PB 0x0000000086200000| Untracked 
|  99|0x0000000086300000, 0x0000000086400000, 0x0000000086400000|100%| O|  |TAMS 0x0000000086300000| PB 0x0000000086300000| Untracked 
| 100|0x0000000086400000, 0x0000000086500000, 0x0000000086500000|100%| O|  |TAMS 0x0000000086400000| PB 0x0000000086400000| Untracked 
| 101|0x0000000086500000, 0x0000000086600000, 0x0000000086600000|100%| O|  |TAMS 0x0000000086500000| PB 0x0000000086500000| Untracked 
| 102|0x0000000086600000, 0x0000000086700000, 0x0000000086700000|100%| O|  |TAMS 0x0000000086600000| PB 0x0000000086600000| Untracked 
| 103|0x0000000086700000, 0x0000000086800000, 0x0000000086800000|100%| O|  |TAMS 0x0000000086700000| PB 0x0000000086700000| Untracked 
| 104|0x0000000086800000, 0x0000000086900000, 0x0000000086900000|100%| O|  |TAMS 0x0000000086800000| PB 0x0000000086800000| Untracked 
| 105|0x0000000086900000, 0x0000000086a00000, 0x0000000086a00000|100%| O|  |TAMS 0x0000000086900000| PB 0x0000000086900000| Untracked 
| 106|0x0000000086a00000, 0x0000000086b00000, 0x0000000086b00000|100%| O|  |TAMS 0x0000000086a00000| PB 0x0000000086a00000| Untracked 
| 107|0x0000000086b00000, 0x0000000086c00000, 0x0000000086c00000|100%| O|  |TAMS 0x0000000086b00000| PB 0x0000000086b00000| Untracked 
| 108|0x0000000086c00000, 0x0000000086d00000, 0x0000000086d00000|100%| O|  |TAMS 0x0000000086c00000| PB 0x0000000086c00000| Untracked 
| 109|0x0000000086d00000, 0x0000000086e00000, 0x0000000086e00000|100%| O|  |TAMS 0x0000000086d00000| PB 0x0000000086d00000| Untracked 
| 110|0x0000000086e00000, 0x0000000086f00000, 0x0000000086f00000|100%| O|  |TAMS 0x0000000086e00000| PB 0x0000000086e00000| Untracked 
| 111|0x0000000086f00000, 0x0000000087000000, 0x0000000087000000|100%| O|  |TAMS 0x0000000086f00000| PB 0x0000000086f00000| Untracked 
| 112|0x0000000087000000, 0x0000000087100000, 0x0000000087100000|100%| O|  |TAMS 0x0000000087000000| PB 0x0000000087000000| Untracked 
| 113|0x0000000087100000, 0x0000000087200000, 0x0000000087200000|100%| O|  |TAMS 0x0000000087100000| PB 0x0000000087100000| Untracked 
| 114|0x0000000087200000, 0x0000000087300000, 0x0000000087300000|100%| O|  |TAMS 0x0000000087200000| PB 0x0000000087200000| Untracked 
| 115|0x0000000087300000, 0x0000000087400000, 0x0000000087400000|100%| O|  |TAMS 0x0000000087300000| PB 0x0000000087300000| Untracked 
| 116|0x0000000087400000, 0x0000000087500000, 0x0000000087500000|100%| O|  |TAMS 0x0000000087400000| PB 0x0000000087400000| Untracked 
| 117|0x0000000087500000, 0x0000000087600000, 0x0000000087600000|100%| O|  |TAMS 0x0000000087500000| PB 0x0000000087500000| Untracked 
| 118|0x0000000087600000, 0x0000000087700000, 0x0000000087700000|100%| O|  |TAMS 0x0000000087600000| PB 0x0000000087600000| Untracked 
| 119|0x0000000087700000, 0x0000000087800000, 0x0000000087800000|100%| O|  |TAMS 0x0000000087700000| PB 0x0000000087700000| Untracked 
| 120|0x0000000087800000, 0x0000000087900000, 0x0000000087900000|100%| O|  |TAMS 0x0000000087800000| PB 0x0000000087800000| Untracked 
| 121|0x0000000087900000, 0x0000000087a00000, 0x0000000087a00000|100%| O|  |TAMS 0x0000000087900000| PB 0x0000000087900000| Untracked 
| 122|0x0000000087a00000, 0x0000000087b00000, 0x0000000087b00000|100%| O|  |TAMS 0x0000000087a00000| PB 0x0000000087a00000| Untracked 
| 123|0x0000000087b00000, 0x0000000087c00000, 0x0000000087c00000|100%| O|  |TAMS 0x0000000087b00000| PB 0x0000000087b00000| Untracked 
| 124|0x0000000087c00000, 0x0000000087d00000, 0x0000000087d00000|100%| O|Cm|TAMS 0x0000000087c00000| PB 0x0000000087c00000| Complete 
| 125|0x0000000087d00000, 0x0000000087e00000, 0x0000000087e00000|100%| O|Cm|TAMS 0x0000000087d00000| PB 0x0000000087d00000| Complete 
| 126|0x0000000087e00000, 0x0000000087f00000, 0x0000000087f00000|100%| O|Cm|TAMS 0x0000000087e00000| PB 0x0000000087e00000| Complete 
| 127|0x0000000087f00000, 0x0000000088000000, 0x0000000088000000|100%| O|Cm|TAMS 0x0000000087f00000| PB 0x0000000087f00000| Complete 
| 128|0x0000000088000000, 0x0000000088100000, 0x0000000088100000|100%| O|  |TAMS 0x0000000088000000| PB 0x0000000088000000| Untracked 
| 129|0x0000000088100000, 0x0000000088200000, 0x0000000088200000|100%| O|  |TAMS 0x0000000088100000| PB 0x0000000088100000| Untracked 
| 130|0x0000000088200000, 0x0000000088300000, 0x0000000088300000|100%| O|  |TAMS 0x0000000088200000| PB 0x0000000088200000| Untracked 
| 131|0x0000000088300000, 0x0000000088400000, 0x0000000088400000|100%| O|  |TAMS 0x0000000088300000| PB 0x0000000088300000| Untracked 
| 132|0x0000000088400000, 0x0000000088500000, 0x0000000088500000|100%| O|  |TAMS 0x0000000088400000| PB 0x0000000088400000| Untracked 
| 133|0x0000000088500000, 0x0000000088600000, 0x0000000088600000|100%| O|Cm|TAMS 0x0000000088500000| PB 0x0000000088500000| Complete 
| 134|0x0000000088600000, 0x0000000088700000, 0x0000000088700000|100%| O|  |TAMS 0x0000000088600000| PB 0x0000000088600000| Untracked 
| 135|0x0000000088700000, 0x0000000088800000, 0x0000000088800000|100%| O|  |TAMS 0x0000000088700000| PB 0x0000000088700000| Untracked 
| 136|0x0000000088800000, 0x0000000088900000, 0x0000000088900000|100%| O|  |TAMS 0x0000000088800000| PB 0x0000000088800000| Untracked 
| 137|0x0000000088900000, 0x0000000088a00000, 0x0000000088a00000|100%| O|  |TAMS 0x0000000088900000| PB 0x0000000088900000| Untracked 
| 138|0x0000000088a00000, 0x0000000088b00000, 0x0000000088b00000|100%| O|Cm|TAMS 0x0000000088a00000| PB 0x0000000088a00000| Complete 
| 139|0x0000000088b00000, 0x0000000088b57700, 0x0000000088c00000| 34%| O|  |TAMS 0x0000000088b00000| PB 0x0000000088b00000| Untracked 
| 140|0x0000000088c00000, 0x0000000088d00000, 0x0000000088d00000|100%|HS|  |TAMS 0x0000000088c00000| PB 0x0000000088c00000| Complete 
| 141|0x0000000088d00000, 0x0000000088e00000, 0x0000000088e00000|100%|HS|  |TAMS 0x0000000088d00000| PB 0x0000000088d00000| Complete 
| 142|0x0000000088e00000, 0x0000000088f00000, 0x0000000088f00000|100%|HS|  |TAMS 0x0000000088e00000| PB 0x0000000088e00000| Complete 
| 143|0x0000000088f00000, 0x0000000089000000, 0x0000000089000000|100%|HS|  |TAMS 0x0000000088f00000| PB 0x0000000088f00000| Complete 
| 144|0x0000000089000000, 0x0000000089100000, 0x0000000089100000|100%|HS|  |TAMS 0x0000000089000000| PB 0x0000000089000000| Complete 
| 145|0x0000000089100000, 0x0000000089200000, 0x0000000089200000|100%|HS|  |TAMS 0x0000000089100000| PB 0x0000000089100000| Complete 
| 146|0x0000000089200000, 0x0000000089300000, 0x0000000089300000|100%|HC|  |TAMS 0x0000000089200000| PB 0x0000000089200000| Complete 
| 147|0x0000000089300000, 0x0000000089300000, 0x0000000089400000|  0%| F|  |TAMS 0x0000000089300000| PB 0x0000000089300000| Untracked 
| 148|0x0000000089400000, 0x0000000089400000, 0x0000000089500000|  0%| F|  |TAMS 0x0000000089400000| PB 0x0000000089400000| Untracked 
| 149|0x0000000089500000, 0x0000000089500000, 0x0000000089600000|  0%| F|  |TAMS 0x0000000089500000| PB 0x0000000089500000| Untracked 
| 150|0x0000000089600000, 0x0000000089600000, 0x0000000089700000|  0%| F|  |TAMS 0x0000000089600000| PB 0x0000000089600000| Untracked 
| 151|0x0000000089700000, 0x0000000089700000, 0x0000000089800000|  0%| F|  |TAMS 0x0000000089700000| PB 0x0000000089700000| Untracked 
| 152|0x0000000089800000, 0x0000000089800000, 0x0000000089900000|  0%| F|  |TAMS 0x0000000089800000| PB 0x0000000089800000| Untracked 
| 153|0x0000000089900000, 0x0000000089900000, 0x0000000089a00000|  0%| F|  |TAMS 0x0000000089900000| PB 0x0000000089900000| Untracked 
| 154|0x0000000089a00000, 0x0000000089a00000, 0x0000000089b00000|  0%| F|  |TAMS 0x0000000089a00000| PB 0x0000000089a00000| Untracked 
| 155|0x0000000089b00000, 0x0000000089b00000, 0x0000000089c00000|  0%| F|  |TAMS 0x0000000089b00000| PB 0x0000000089b00000| Untracked 
| 156|0x0000000089c00000, 0x0000000089c00000, 0x0000000089d00000|  0%| F|  |TAMS 0x0000000089c00000| PB 0x0000000089c00000| Untracked 
| 157|0x0000000089d00000, 0x0000000089d00000, 0x0000000089e00000|  0%| F|  |TAMS 0x0000000089d00000| PB 0x0000000089d00000| Untracked 
| 158|0x0000000089e00000, 0x0000000089e00000, 0x0000000089f00000|  0%| F|  |TAMS 0x0000000089e00000| PB 0x0000000089e00000| Untracked 
| 159|0x0000000089f00000, 0x0000000089f00000, 0x000000008a000000|  0%| F|  |TAMS 0x0000000089f00000| PB 0x0000000089f00000| Untracked 
| 160|0x000000008a000000, 0x000000008a000000, 0x000000008a100000|  0%| F|  |TAMS 0x000000008a000000| PB 0x000000008a000000| Untracked 
| 161|0x000000008a100000, 0x000000008a100000, 0x000000008a200000|  0%| F|  |TAMS 0x000000008a100000| PB 0x000000008a100000| Untracked 
| 162|0x000000008a200000, 0x000000008a200000, 0x000000008a300000|  0%| F|  |TAMS 0x000000008a200000| PB 0x000000008a200000| Untracked 
| 163|0x000000008a300000, 0x000000008a300000, 0x000000008a400000|  0%| F|  |TAMS 0x000000008a300000| PB 0x000000008a300000| Untracked 
| 164|0x000000008a400000, 0x000000008a400000, 0x000000008a500000|  0%| F|  |TAMS 0x000000008a400000| PB 0x000000008a400000| Untracked 
| 165|0x000000008a500000, 0x000000008a500000, 0x000000008a600000|  0%| F|  |TAMS 0x000000008a500000| PB 0x000000008a500000| Untracked 
| 166|0x000000008a600000, 0x000000008a600000, 0x000000008a700000|  0%| F|  |TAMS 0x000000008a600000| PB 0x000000008a600000| Untracked 
| 167|0x000000008a700000, 0x000000008a700000, 0x000000008a800000|  0%| F|  |TAMS 0x000000008a700000| PB 0x000000008a700000| Untracked 
| 168|0x000000008a800000, 0x000000008a800000, 0x000000008a900000|  0%| F|  |TAMS 0x000000008a800000| PB 0x000000008a800000| Untracked 
| 169|0x000000008a900000, 0x000000008a900000, 0x000000008aa00000|  0%| F|  |TAMS 0x000000008a900000| PB 0x000000008a900000| Untracked 
| 170|0x000000008aa00000, 0x000000008aa00000, 0x000000008ab00000|  0%| F|  |TAMS 0x000000008aa00000| PB 0x000000008aa00000| Untracked 
| 171|0x000000008ab00000, 0x000000008ab00000, 0x000000008ac00000|  0%| F|  |TAMS 0x000000008ab00000| PB 0x000000008ab00000| Untracked 
| 172|0x000000008ac00000, 0x000000008ac00000, 0x000000008ad00000|  0%| F|  |TAMS 0x000000008ac00000| PB 0x000000008ac00000| Untracked 
| 173|0x000000008ad00000, 0x000000008ad00000, 0x000000008ae00000|  0%| F|  |TAMS 0x000000008ad00000| PB 0x000000008ad00000| Untracked 
| 174|0x000000008ae00000, 0x000000008ae00000, 0x000000008af00000|  0%| F|  |TAMS 0x000000008ae00000| PB 0x000000008ae00000| Untracked 
| 175|0x000000008af00000, 0x000000008af00000, 0x000000008b000000|  0%| F|  |TAMS 0x000000008af00000| PB 0x000000008af00000| Untracked 
| 176|0x000000008b000000, 0x000000008b000000, 0x000000008b100000|  0%| F|  |TAMS 0x000000008b000000| PB 0x000000008b000000| Untracked 
| 177|0x000000008b100000, 0x000000008b100000, 0x000000008b200000|  0%| F|  |TAMS 0x000000008b100000| PB 0x000000008b100000| Untracked 
| 178|0x000000008b200000, 0x000000008b200000, 0x000000008b300000|  0%| F|  |TAMS 0x000000008b200000| PB 0x000000008b200000| Untracked 
| 179|0x000000008b300000, 0x000000008b300000, 0x000000008b400000|  0%| F|  |TAMS 0x000000008b300000| PB 0x000000008b300000| Untracked 
| 180|0x000000008b400000, 0x000000008b400000, 0x000000008b500000|  0%| F|  |TAMS 0x000000008b400000| PB 0x000000008b400000| Untracked 
| 181|0x000000008b500000, 0x000000008b500000, 0x000000008b600000|  0%| F|  |TAMS 0x000000008b500000| PB 0x000000008b500000| Untracked 
| 182|0x000000008b600000, 0x000000008b600000, 0x000000008b700000|  0%| F|  |TAMS 0x000000008b600000| PB 0x000000008b600000| Untracked 
| 183|0x000000008b700000, 0x000000008b700000, 0x000000008b800000|  0%| F|  |TAMS 0x000000008b700000| PB 0x000000008b700000| Untracked 
| 184|0x000000008b800000, 0x000000008b800000, 0x000000008b900000|  0%| F|  |TAMS 0x000000008b800000| PB 0x000000008b800000| Untracked 
| 185|0x000000008b900000, 0x000000008b900000, 0x000000008ba00000|  0%| F|  |TAMS 0x000000008b900000| PB 0x000000008b900000| Untracked 
| 186|0x000000008ba00000, 0x000000008ba00000, 0x000000008bb00000|  0%| F|  |TAMS 0x000000008ba00000| PB 0x000000008ba00000| Untracked 
| 187|0x000000008bb00000, 0x000000008bb00000, 0x000000008bc00000|  0%| F|  |TAMS 0x000000008bb00000| PB 0x000000008bb00000| Untracked 
| 188|0x000000008bc00000, 0x000000008bc00000, 0x000000008bd00000|  0%| F|  |TAMS 0x000000008bc00000| PB 0x000000008bc00000| Untracked 
| 189|0x000000008bd00000, 0x000000008bd00000, 0x000000008be00000|  0%| F|  |TAMS 0x000000008bd00000| PB 0x000000008bd00000| Untracked 
| 190|0x000000008be00000, 0x000000008be00000, 0x000000008bf00000|  0%| F|  |TAMS 0x000000008be00000| PB 0x000000008be00000| Untracked 
| 191|0x000000008bf00000, 0x000000008bf00000, 0x000000008c000000|  0%| F|  |TAMS 0x000000008bf00000| PB 0x000000008bf00000| Untracked 
| 192|0x000000008c000000, 0x000000008c000000, 0x000000008c100000|  0%| F|  |TAMS 0x000000008c000000| PB 0x000000008c000000| Untracked 
| 193|0x000000008c100000, 0x000000008c100000, 0x000000008c200000|  0%| F|  |TAMS 0x000000008c100000| PB 0x000000008c100000| Untracked 
| 194|0x000000008c200000, 0x000000008c200000, 0x000000008c300000|  0%| F|  |TAMS 0x000000008c200000| PB 0x000000008c200000| Untracked 
| 195|0x000000008c300000, 0x000000008c300000, 0x000000008c400000|  0%| F|  |TAMS 0x000000008c300000| PB 0x000000008c300000| Untracked 
| 196|0x000000008c400000, 0x000000008c400000, 0x000000008c500000|  0%| F|  |TAMS 0x000000008c400000| PB 0x000000008c400000| Untracked 
| 197|0x000000008c500000, 0x000000008c500000, 0x000000008c600000|  0%| F|  |TAMS 0x000000008c500000| PB 0x000000008c500000| Untracked 
| 198|0x000000008c600000, 0x000000008c600000, 0x000000008c700000|  0%| F|  |TAMS 0x000000008c600000| PB 0x000000008c600000| Untracked 
| 199|0x000000008c700000, 0x000000008c700000, 0x000000008c800000|  0%| F|  |TAMS 0x000000008c700000| PB 0x000000008c700000| Untracked 
| 200|0x000000008c800000, 0x000000008c800000, 0x000000008c900000|  0%| F|  |TAMS 0x000000008c800000| PB 0x000000008c800000| Untracked 
| 201|0x000000008c900000, 0x000000008c900000, 0x000000008ca00000|  0%| F|  |TAMS 0x000000008c900000| PB 0x000000008c900000| Untracked 
| 202|0x000000008ca00000, 0x000000008ca00000, 0x000000008cb00000|  0%| F|  |TAMS 0x000000008ca00000| PB 0x000000008ca00000| Untracked 
| 203|0x000000008cb00000, 0x000000008cb00000, 0x000000008cc00000|  0%| F|  |TAMS 0x000000008cb00000| PB 0x000000008cb00000| Untracked 
| 204|0x000000008cc00000, 0x000000008cc00000, 0x000000008cd00000|  0%| F|  |TAMS 0x000000008cc00000| PB 0x000000008cc00000| Untracked 
| 205|0x000000008cd00000, 0x000000008cd00000, 0x000000008ce00000|  0%| F|  |TAMS 0x000000008cd00000| PB 0x000000008cd00000| Untracked 
| 206|0x000000008ce00000, 0x000000008ce00000, 0x000000008cf00000|  0%| F|  |TAMS 0x000000008ce00000| PB 0x000000008ce00000| Untracked 
| 207|0x000000008cf00000, 0x000000008cf00000, 0x000000008d000000|  0%| F|  |TAMS 0x000000008cf00000| PB 0x000000008cf00000| Untracked 
| 208|0x000000008d000000, 0x000000008d000000, 0x000000008d100000|  0%| F|  |TAMS 0x000000008d000000| PB 0x000000008d000000| Untracked 
| 209|0x000000008d100000, 0x000000008d100000, 0x000000008d200000|  0%| F|  |TAMS 0x000000008d100000| PB 0x000000008d100000| Untracked 
| 210|0x000000008d200000, 0x000000008d200000, 0x000000008d300000|  0%| F|  |TAMS 0x000000008d200000| PB 0x000000008d200000| Untracked 
| 211|0x000000008d300000, 0x000000008d300000, 0x000000008d400000|  0%| F|  |TAMS 0x000000008d300000| PB 0x000000008d300000| Untracked 
| 212|0x000000008d400000, 0x000000008d400000, 0x000000008d500000|  0%| F|  |TAMS 0x000000008d400000| PB 0x000000008d400000| Untracked 
| 213|0x000000008d500000, 0x000000008d500000, 0x000000008d600000|  0%| F|  |TAMS 0x000000008d500000| PB 0x000000008d500000| Untracked 
| 214|0x000000008d600000, 0x000000008d600000, 0x000000008d700000|  0%| F|  |TAMS 0x000000008d600000| PB 0x000000008d600000| Untracked 
| 215|0x000000008d700000, 0x000000008d700000, 0x000000008d800000|  0%| F|  |TAMS 0x000000008d700000| PB 0x000000008d700000| Untracked 
| 216|0x000000008d800000, 0x000000008d800000, 0x000000008d900000|  0%| F|  |TAMS 0x000000008d800000| PB 0x000000008d800000| Untracked 
| 217|0x000000008d900000, 0x000000008d900000, 0x000000008da00000|  0%| F|  |TAMS 0x000000008d900000| PB 0x000000008d900000| Untracked 
| 218|0x000000008da00000, 0x000000008da00000, 0x000000008db00000|  0%| F|  |TAMS 0x000000008da00000| PB 0x000000008da00000| Untracked 
| 219|0x000000008db00000, 0x000000008db00000, 0x000000008dc00000|  0%| F|  |TAMS 0x000000008db00000| PB 0x000000008db00000| Untracked 
| 220|0x000000008dc00000, 0x000000008dc00000, 0x000000008dd00000|  0%| F|  |TAMS 0x000000008dc00000| PB 0x000000008dc00000| Untracked 
| 221|0x000000008dd00000, 0x000000008dd00000, 0x000000008de00000|  0%| F|  |TAMS 0x000000008dd00000| PB 0x000000008dd00000| Untracked 
| 222|0x000000008de00000, 0x000000008de00000, 0x000000008df00000|  0%| F|  |TAMS 0x000000008de00000| PB 0x000000008de00000| Untracked 
| 223|0x000000008df00000, 0x000000008df00000, 0x000000008e000000|  0%| F|  |TAMS 0x000000008df00000| PB 0x000000008df00000| Untracked 
| 224|0x000000008e000000, 0x000000008e000000, 0x000000008e100000|  0%| F|  |TAMS 0x000000008e000000| PB 0x000000008e000000| Untracked 
| 225|0x000000008e100000, 0x000000008e100000, 0x000000008e200000|  0%| F|  |TAMS 0x000000008e100000| PB 0x000000008e100000| Untracked 
| 226|0x000000008e200000, 0x000000008e200000, 0x000000008e300000|  0%| F|  |TAMS 0x000000008e200000| PB 0x000000008e200000| Untracked 
| 227|0x000000008e300000, 0x000000008e300000, 0x000000008e400000|  0%| F|  |TAMS 0x000000008e300000| PB 0x000000008e300000| Untracked 
| 228|0x000000008e400000, 0x000000008e400000, 0x000000008e500000|  0%| F|  |TAMS 0x000000008e400000| PB 0x000000008e400000| Untracked 
| 229|0x000000008e500000, 0x000000008e500000, 0x000000008e600000|  0%| F|  |TAMS 0x000000008e500000| PB 0x000000008e500000| Untracked 
| 230|0x000000008e600000, 0x000000008e600000, 0x000000008e700000|  0%| F|  |TAMS 0x000000008e600000| PB 0x000000008e600000| Untracked 
| 231|0x000000008e700000, 0x000000008e700000, 0x000000008e800000|  0%| F|  |TAMS 0x000000008e700000| PB 0x000000008e700000| Untracked 
| 232|0x000000008e800000, 0x000000008e800000, 0x000000008e900000|  0%| F|  |TAMS 0x000000008e800000| PB 0x000000008e800000| Untracked 
| 233|0x000000008e900000, 0x000000008e900000, 0x000000008ea00000|  0%| F|  |TAMS 0x000000008e900000| PB 0x000000008e900000| Untracked 
| 234|0x000000008ea00000, 0x000000008ea00000, 0x000000008eb00000|  0%| F|  |TAMS 0x000000008ea00000| PB 0x000000008ea00000| Untracked 
| 235|0x000000008eb00000, 0x000000008eb00000, 0x000000008ec00000|  0%| F|  |TAMS 0x000000008eb00000| PB 0x000000008eb00000| Untracked 
| 236|0x000000008ec00000, 0x000000008ec00000, 0x000000008ed00000|  0%| F|  |TAMS 0x000000008ec00000| PB 0x000000008ec00000| Untracked 
| 237|0x000000008ed00000, 0x000000008ed00000, 0x000000008ee00000|  0%| F|  |TAMS 0x000000008ed00000| PB 0x000000008ed00000| Untracked 
| 238|0x000000008ee00000, 0x000000008ee00000, 0x000000008ef00000|  0%| F|  |TAMS 0x000000008ee00000| PB 0x000000008ee00000| Untracked 
| 239|0x000000008ef00000, 0x000000008ef00000, 0x000000008f000000|  0%| F|  |TAMS 0x000000008ef00000| PB 0x000000008ef00000| Untracked 
| 240|0x000000008f000000, 0x000000008f000000, 0x000000008f100000|  0%| F|  |TAMS 0x000000008f000000| PB 0x000000008f000000| Untracked 
| 241|0x000000008f100000, 0x000000008f100000, 0x000000008f200000|  0%| F|  |TAMS 0x000000008f100000| PB 0x000000008f100000| Untracked 
| 242|0x000000008f200000, 0x000000008f200000, 0x000000008f300000|  0%| F|  |TAMS 0x000000008f200000| PB 0x000000008f200000| Untracked 
| 243|0x000000008f300000, 0x000000008f300000, 0x000000008f400000|  0%| F|  |TAMS 0x000000008f300000| PB 0x000000008f300000| Untracked 
| 244|0x000000008f400000, 0x000000008f400000, 0x000000008f500000|  0%| F|  |TAMS 0x000000008f400000| PB 0x000000008f400000| Untracked 
| 245|0x000000008f500000, 0x000000008f500000, 0x000000008f600000|  0%| F|  |TAMS 0x000000008f500000| PB 0x000000008f500000| Untracked 
| 246|0x000000008f600000, 0x000000008f600000, 0x000000008f700000|  0%| F|  |TAMS 0x000000008f600000| PB 0x000000008f600000| Untracked 
| 247|0x000000008f700000, 0x000000008f700000, 0x000000008f800000|  0%| F|  |TAMS 0x000000008f700000| PB 0x000000008f700000| Untracked 
| 248|0x000000008f800000, 0x000000008f800000, 0x000000008f900000|  0%| F|  |TAMS 0x000000008f800000| PB 0x000000008f800000| Untracked 
| 249|0x000000008f900000, 0x000000008f900000, 0x000000008fa00000|  0%| F|  |TAMS 0x000000008f900000| PB 0x000000008f900000| Untracked 
| 250|0x000000008fa00000, 0x000000008fa5c130, 0x000000008fb00000| 35%| S|CS|TAMS 0x000000008fa00000| PB 0x000000008fa00000| Complete 
| 251|0x000000008fb00000, 0x000000008fc00000, 0x000000008fc00000|100%| S|CS|TAMS 0x000000008fb00000| PB 0x000000008fb00000| Complete 
| 252|0x000000008fc00000, 0x000000008fd00000, 0x000000008fd00000|100%| S|CS|TAMS 0x000000008fc00000| PB 0x000000008fc00000| Complete 
| 253|0x000000008fd00000, 0x000000008fe00000, 0x000000008fe00000|100%| S|CS|TAMS 0x000000008fd00000| PB 0x000000008fd00000| Complete 
| 254|0x000000008fe00000, 0x000000008ff00000, 0x000000008ff00000|100%| S|CS|TAMS 0x000000008fe00000| PB 0x000000008fe00000| Complete 
| 255|0x000000008ff00000, 0x0000000090000000, 0x0000000090000000|100%| S|CS|TAMS 0x000000008ff00000| PB 0x000000008ff00000| Complete 
| 256|0x0000000090000000, 0x0000000090100000, 0x0000000090100000|100%| S|CS|TAMS 0x0000000090000000| PB 0x0000000090000000| Complete 
| 257|0x0000000090100000, 0x0000000090200000, 0x0000000090200000|100%| S|CS|TAMS 0x0000000090100000| PB 0x0000000090100000| Complete 
| 258|0x0000000090200000, 0x0000000090300000, 0x0000000090300000|100%| S|CS|TAMS 0x0000000090200000| PB 0x0000000090200000| Complete 
| 259|0x0000000090300000, 0x0000000090300000, 0x0000000090400000|  0%| F|  |TAMS 0x0000000090300000| PB 0x0000000090300000| Untracked 
| 260|0x0000000090400000, 0x0000000090400000, 0x0000000090500000|  0%| F|  |TAMS 0x0000000090400000| PB 0x0000000090400000| Untracked 
| 261|0x0000000090500000, 0x0000000090500000, 0x0000000090600000|  0%| F|  |TAMS 0x0000000090500000| PB 0x0000000090500000| Untracked 
| 262|0x0000000090600000, 0x0000000090600000, 0x0000000090700000|  0%| F|  |TAMS 0x0000000090600000| PB 0x0000000090600000| Untracked 
| 263|0x0000000090700000, 0x0000000090700000, 0x0000000090800000|  0%| F|  |TAMS 0x0000000090700000| PB 0x0000000090700000| Untracked 
| 264|0x0000000090800000, 0x0000000090800000, 0x0000000090900000|  0%| F|  |TAMS 0x0000000090800000| PB 0x0000000090800000| Untracked 
| 265|0x0000000090900000, 0x0000000090900000, 0x0000000090a00000|  0%| F|  |TAMS 0x0000000090900000| PB 0x0000000090900000| Untracked 
| 266|0x0000000090a00000, 0x0000000090a00000, 0x0000000090b00000|  0%| F|  |TAMS 0x0000000090a00000| PB 0x0000000090a00000| Untracked 
| 267|0x0000000090b00000, 0x0000000090b00000, 0x0000000090c00000|  0%| F|  |TAMS 0x0000000090b00000| PB 0x0000000090b00000| Untracked 
| 268|0x0000000090c00000, 0x0000000090c00000, 0x0000000090d00000|  0%| F|  |TAMS 0x0000000090c00000| PB 0x0000000090c00000| Untracked 
| 269|0x0000000090d00000, 0x0000000090d00000, 0x0000000090e00000|  0%| F|  |TAMS 0x0000000090d00000| PB 0x0000000090d00000| Untracked 
| 270|0x0000000090e00000, 0x0000000090e00000, 0x0000000090f00000|  0%| F|  |TAMS 0x0000000090e00000| PB 0x0000000090e00000| Untracked 
| 271|0x0000000090f00000, 0x0000000090f00000, 0x0000000091000000|  0%| F|  |TAMS 0x0000000090f00000| PB 0x0000000090f00000| Untracked 
| 272|0x0000000091000000, 0x0000000091000000, 0x0000000091100000|  0%| F|  |TAMS 0x0000000091000000| PB 0x0000000091000000| Untracked 
| 273|0x0000000091100000, 0x0000000091100000, 0x0000000091200000|  0%| F|  |TAMS 0x0000000091100000| PB 0x0000000091100000| Untracked 
| 274|0x0000000091200000, 0x0000000091200000, 0x0000000091300000|  0%| F|  |TAMS 0x0000000091200000| PB 0x0000000091200000| Untracked 
| 275|0x0000000091300000, 0x0000000091300000, 0x0000000091400000|  0%| F|  |TAMS 0x0000000091300000| PB 0x0000000091300000| Untracked 
| 276|0x0000000091400000, 0x0000000091400000, 0x0000000091500000|  0%| F|  |TAMS 0x0000000091400000| PB 0x0000000091400000| Untracked 
| 277|0x0000000091500000, 0x00000000915bc2c8, 0x0000000091600000| 73%| E|  |TAMS 0x0000000091500000| PB 0x0000000091500000| Complete 
| 278|0x0000000091600000, 0x0000000091700000, 0x0000000091700000|100%| E|CS|TAMS 0x0000000091600000| PB 0x0000000091600000| Complete 
| 279|0x0000000091700000, 0x0000000091800000, 0x0000000091800000|100%| E|CS|TAMS 0x0000000091700000| PB 0x0000000091700000| Complete 
| 280|0x0000000091800000, 0x0000000091900000, 0x0000000091900000|100%| E|CS|TAMS 0x0000000091800000| PB 0x0000000091800000| Complete 
| 281|0x0000000091900000, 0x0000000091a00000, 0x0000000091a00000|100%| E|  |TAMS 0x0000000091900000| PB 0x0000000091900000| Complete 
| 282|0x0000000091a00000, 0x0000000091b00000, 0x0000000091b00000|100%| E|CS|TAMS 0x0000000091a00000| PB 0x0000000091a00000| Complete 
| 283|0x0000000091b00000, 0x0000000091c00000, 0x0000000091c00000|100%| E|CS|TAMS 0x0000000091b00000| PB 0x0000000091b00000| Complete 
| 284|0x0000000091c00000, 0x0000000091d00000, 0x0000000091d00000|100%| E|CS|TAMS 0x0000000091c00000| PB 0x0000000091c00000| Complete 
| 285|0x0000000091d00000, 0x0000000091e00000, 0x0000000091e00000|100%| E|CS|TAMS 0x0000000091d00000| PB 0x0000000091d00000| Complete 
| 286|0x0000000091e00000, 0x0000000091f00000, 0x0000000091f00000|100%| E|CS|TAMS 0x0000000091e00000| PB 0x0000000091e00000| Complete 
| 287|0x0000000091f00000, 0x0000000092000000, 0x0000000092000000|100%| E|CS|TAMS 0x0000000091f00000| PB 0x0000000091f00000| Complete 
|2039|0x00000000ff700000, 0x00000000ff800000, 0x00000000ff800000|100%| O|  |TAMS 0x00000000ff700000| PB 0x00000000ff700000| Untracked 
|2040|0x00000000ff800000, 0x00000000ff900000, 0x00000000ff900000|100%| E|CS|TAMS 0x00000000ff800000| PB 0x00000000ff800000| Complete 
|2041|0x00000000ff900000, 0x00000000ffa00000, 0x00000000ffa00000|100%| E|CS|TAMS 0x00000000ff900000| PB 0x00000000ff900000| Complete 
|2042|0x00000000ffa00000, 0x00000000ffb00000, 0x00000000ffb00000|100%| O|  |TAMS 0x00000000ffa00000| PB 0x00000000ffa00000| Untracked 
|2043|0x00000000ffb00000, 0x00000000ffc00000, 0x00000000ffc00000|100%| O|  |TAMS 0x00000000ffb00000| PB 0x00000000ffb00000| Untracked 
|2044|0x00000000ffc00000, 0x00000000ffd00000, 0x00000000ffd00000|100%| O|  |TAMS 0x00000000ffc00000| PB 0x00000000ffc00000| Untracked 
|2045|0x00000000ffd00000, 0x00000000ffe00000, 0x00000000ffe00000|100%| O|  |TAMS 0x00000000ffd00000| PB 0x00000000ffd00000| Untracked 
|2046|0x00000000ffe00000, 0x00000000fff00000, 0x00000000fff00000|100%| O|  |TAMS 0x00000000ffe00000| PB 0x00000000ffe00000| Untracked 
|2047|0x00000000fff00000, 0x0000000100000000, 0x0000000100000000|100%| O|  |TAMS 0x00000000fff00000| PB 0x00000000fff00000| Untracked 

Card table byte_map: [0x000001c7a2740000,0x000001c7a2b40000] _byte_map_base: 0x000001c7a2340000

Marking Bits: (CMBitMap*) 0x000001c78f18c040
 Bits: [0x000001c7a2b40000, 0x000001c7a4b40000)

Polling page: 0x000001c78d700000

Metaspace:

Usage:
  Non-class:    106.60 MB used.
      Class:     17.41 MB used.
       Both:    124.01 MB used.

Virtual space:
  Non-class space:      128.00 MB reserved,     107.75 MB ( 84%) committed,  2 nodes.
      Class space:        1.00 GB reserved,      18.50 MB (  2%) committed,  1 nodes.
             Both:        1.12 GB reserved,     126.25 MB ( 11%) committed. 

Chunk freelists:
   Non-Class:  3.53 MB
       Class:  13.31 MB
        Both:  16.84 MB

MaxMetaspaceSize: unlimited
CompressedClassSpaceSize: 1.00 GB
Initial GC threshold: 21.00 MB
Current GC threshold: 209.38 MB
CDS: off
 - commit_granule_bytes: 65536.
 - commit_granule_words: 8192.
 - virtual_space_node_default_size: 8388608.
 - enlarge_chunks_in_place: 1.
 - use_allocation_guard: 0.


Internal statistics:

num_allocs_failed_limit: 12.
num_arena_births: 4614.
num_arena_deaths: 0.
num_vsnodes_births: 3.
num_vsnodes_deaths: 0.
num_space_committed: 2019.
num_space_uncommitted: 0.
num_chunks_returned_to_freelist: 12.
num_chunks_taken_from_freelist: 10185.
num_chunk_merges: 12.
num_chunk_splits: 6568.
num_chunks_enlarged: 4000.
num_inconsistent_stats: 0.

CodeHeap 'non-profiled nmethods': size=120000Kb used=7785Kb max_used=7925Kb free=112214Kb
 bounds [0x000001c79a190000, 0x000001c79a950000, 0x000001c7a16c0000]
CodeHeap 'profiled nmethods': size=120000Kb used=24572Kb max_used=24800Kb free=95428Kb
 bounds [0x000001c7926c0000, 0x000001c793f00000, 0x000001c799bf0000]
CodeHeap 'non-nmethods': size=5760Kb used=2945Kb max_used=2989Kb free=2814Kb
 bounds [0x000001c799bf0000, 0x000001c799ef0000, 0x000001c79a190000]
CodeCache: size=245760Kb, used=35302Kb, max_used=35714Kb, free=210456Kb
 total_blobs=14270, nmethods=13224, adapters=950, full_count=0
Compilation: enabled, stopped_count=0, restarted_count=0

Compilation events (20 events):
Event: 39.807 Thread 0x000001c7a79f9740 15737       3       jdk.internal.loader.BuiltinClassLoader$LoadedModule::codeSourceURL (32 bytes)
Event: 39.807 Thread 0x000001c7a79f9740 nmethod 15737 0x000001c792d52210 code [0x000001c792d523e0, 0x000001c792d526f8]
Event: 39.809 Thread 0x000001c7a79f9740 15739   !   3       jdk.internal.jimage.decompressor.Decompressor::decompressResource (260 bytes)
Event: 39.812 Thread 0x000001c7a79f9740 nmethod 15739 0x000001c7938c7c10 code [0x000001c7938c8140, 0x000001c7938caac0]
Event: 39.812 Thread 0x000001c7a79f9740 15740       3       jdk.internal.jimage.decompressor.ZipDecompressor::decompress (81 bytes)
Event: 39.813 Thread 0x000001c7a79f9740 nmethod 15740 0x000001c792f91610 code [0x000001c792f91860, 0x000001c792f922a0]
Event: 39.813 Thread 0x000001c7a79f9740 15738       3       jdk.internal.jimage.BasicImageReader$$Lambda/0x0000000100161bb8::<init> (10 bytes)
Event: 39.813 Thread 0x000001c7a79f9740 nmethod 15738 0x000001c793255a10 code [0x000001c793255bc0, 0x000001c793255d78]
Event: 39.813 Thread 0x000001c7a79f9740 15741       3       java.security.SecureClassLoader::defineClass (12 bytes)
Event: 39.813 Thread 0x000001c7a79f9740 nmethod 15741 0x000001c79371ad10 code [0x000001c79371aec0, 0x000001c79371b058]
Event: 39.813 Thread 0x000001c7a79f9740 15742       3       java.lang.ClassLoader::defineClass (108 bytes)
Event: 39.814 Thread 0x000001c7a79f9740 nmethod 15742 0x000001c792fe8f90 code [0x000001c792fe92a0, 0x000001c792fea240]
Event: 39.820 Thread 0x000001c7a79f9740 15744       3       java.util.JumboEnumSet$EnumSetIterator::hasNext (67 bytes)
Event: 39.820 Thread 0x000001c7a79f9740 nmethod 15744 0x000001c793107510 code [0x000001c7931076c0, 0x000001c793107950]
Event: 39.823 Thread 0x000001c7a79f9740 15745       3       java.util.JumboEnumSet$EnumSetIterator::next (5 bytes)
Event: 39.823 Thread 0x000001c7a79f9740 nmethod 15745 0x000001c793b1fa90 code [0x000001c793b1fc40, 0x000001c793b1fd98]
Event: 39.823 Thread 0x000001c7a79f9740 15746       3       java.util.JumboEnumSet$EnumSetIterator::next (74 bytes)
Event: 39.823 Thread 0x000001c7a79f9740 nmethod 15746 0x000001c7930cf310 code [0x000001c7930cf4e0, 0x000001c7930cf7d8]
Event: 39.823 Thread 0x000001c7a79f9740 15747       3       com.sun.tools.javac.main.Option::matches (209 bytes)
Event: 39.824 Thread 0x000001c7a79f9740 nmethod 15747 0x000001c793377e10 code [0x000001c793378200, 0x000001c793379888]

GC Heap History (20 events):
Event: 11.412 GC heap before
{Heap before GC invocations=37 (full 0):
 garbage-first heap   total 202752K, used 182257K [0x0000000080000000, 0x0000000100000000)
  region size 1024K, 80 young (81920K), 8 survivors (8192K)
 Metaspace       used 114770K, committed 116928K, reserved 1179648K
  class space    used 16250K, committed 17280K, reserved 1048576K
}
Event: 11.418 GC heap after
{Heap after GC invocations=38 (full 0):
 garbage-first heap   total 202752K, used 112413K [0x0000000080000000, 0x0000000100000000)
  region size 1024K, 9 young (9216K), 9 survivors (9216K)
 Metaspace       used 114770K, committed 116928K, reserved 1179648K
  class space    used 16250K, committed 17280K, reserved 1048576K
}
Event: 11.822 GC heap before
{Heap before GC invocations=38 (full 0):
 garbage-first heap   total 202752K, used 181021K [0x0000000080000000, 0x0000000100000000)
  region size 1024K, 76 young (77824K), 9 survivors (9216K)
 Metaspace       used 115947K, committed 118144K, reserved 1179648K
  class space    used 16410K, committed 17472K, reserved 1048576K
}
Event: 11.832 GC heap after
{Heap after GC invocations=39 (full 0):
 garbage-first heap   total 202752K, used 120528K [0x0000000080000000, 0x0000000100000000)
  region size 1024K, 10 young (10240K), 10 survivors (10240K)
 Metaspace       used 115947K, committed 118144K, reserved 1179648K
  class space    used 16410K, committed 17472K, reserved 1048576K
}
Event: 12.555 GC heap before
{Heap before GC invocations=39 (full 0):
 garbage-first heap   total 202752K, used 179920K [0x0000000080000000, 0x0000000100000000)
  region size 1024K, 69 young (70656K), 10 survivors (10240K)
 Metaspace       used 118257K, committed 120448K, reserved 1179648K
  class space    used 16750K, committed 17792K, reserved 1048576K
}
Event: 12.568 GC heap after
{Heap after GC invocations=40 (full 0):
 garbage-first heap   total 202752K, used 130573K [0x0000000080000000, 0x0000000100000000)
  region size 1024K, 9 young (9216K), 9 survivors (9216K)
 Metaspace       used 118257K, committed 120448K, reserved 1179648K
  class space    used 16750K, committed 17792K, reserved 1048576K
}
Event: 12.877 GC heap before
{Heap before GC invocations=41 (full 0):
 garbage-first heap   total 219136K, used 179725K [0x0000000080000000, 0x0000000100000000)
  region size 1024K, 58 young (59392K), 9 survivors (9216K)
 Metaspace       used 118268K, committed 120448K, reserved 1179648K
  class space    used 16750K, committed 17792K, reserved 1048576K
}
Event: 12.891 GC heap after
{Heap after GC invocations=42 (full 0):
 garbage-first heap   total 219136K, used 133408K [0x0000000080000000, 0x0000000100000000)
  region size 1024K, 5 young (5120K), 5 survivors (5120K)
 Metaspace       used 118268K, committed 120448K, reserved 1179648K
  class space    used 16750K, committed 17792K, reserved 1048576K
}
Event: 13.263 GC heap before
{Heap before GC invocations=42 (full 0):
 garbage-first heap   total 219136K, used 197920K [0x0000000080000000, 0x0000000100000000)
  region size 1024K, 69 young (70656K), 5 survivors (5120K)
 Metaspace       used 118834K, committed 121088K, reserved 1179648K
  class space    used 16854K, committed 17984K, reserved 1048576K
}
Event: 13.271 GC heap after
{Heap after GC invocations=43 (full 0):
 garbage-first heap   total 219136K, used 133822K [0x0000000080000000, 0x0000000100000000)
  region size 1024K, 7 young (7168K), 7 survivors (7168K)
 Metaspace       used 118834K, committed 121088K, reserved 1179648K
  class space    used 16854K, committed 17984K, reserved 1048576K
}
Event: 13.501 GC heap before
{Heap before GC invocations=43 (full 0):
 garbage-first heap   total 219136K, used 199358K [0x0000000080000000, 0x0000000100000000)
  region size 1024K, 71 young (72704K), 7 survivors (7168K)
 Metaspace       used 119174K, committed 121472K, reserved 1179648K
  class space    used 16896K, committed 18048K, reserved 1048576K
}
Event: 13.513 GC heap after
{Heap after GC invocations=44 (full 0):
 garbage-first heap   total 219136K, used 136754K [0x0000000080000000, 0x0000000100000000)
  region size 1024K, 6 young (6144K), 6 survivors (6144K)
 Metaspace       used 119174K, committed 121472K, reserved 1179648K
  class space    used 16896K, committed 18048K, reserved 1048576K
}
Event: 14.017 GC heap before
{Heap before GC invocations=45 (full 0):
 garbage-first heap   total 230400K, used 198194K [0x0000000080000000, 0x0000000100000000)
  region size 1024K, 67 young (68608K), 6 survivors (6144K)
 Metaspace       used 119702K, committed 121984K, reserved 1179648K
  class space    used 16984K, committed 18112K, reserved 1048576K
}
Event: 14.026 GC heap after
{Heap after GC invocations=46 (full 0):
 garbage-first heap   total 230400K, used 147389K [0x0000000080000000, 0x0000000100000000)
  region size 1024K, 9 young (9216K), 9 survivors (9216K)
 Metaspace       used 119702K, committed 121984K, reserved 1179648K
  class space    used 16984K, committed 18112K, reserved 1048576K
}
Event: 14.569 GC heap before
{Heap before GC invocations=46 (full 0):
 garbage-first heap   total 230400K, used 206781K [0x0000000080000000, 0x0000000100000000)
  region size 1024K, 67 young (68608K), 9 survivors (9216K)
 Metaspace       used 121783K, committed 124096K, reserved 1179648K
  class space    used 17214K, committed 18368K, reserved 1048576K
}
Event: 14.577 GC heap after
{Heap after GC invocations=47 (full 0):
 garbage-first heap   total 304128K, used 150187K [0x0000000080000000, 0x0000000100000000)
  region size 1024K, 5 young (5120K), 5 survivors (5120K)
 Metaspace       used 121783K, committed 124096K, reserved 1179648K
  class space    used 17214K, committed 18368K, reserved 1048576K
}
Event: 22.821 GC heap before
{Heap before GC invocations=47 (full 0):
 garbage-first heap   total 304128K, used 271019K [0x0000000080000000, 0x0000000100000000)
  region size 1024K, 124 young (126976K), 5 survivors (5120K)
 Metaspace       used 123756K, committed 126016K, reserved 1179648K
  class space    used 17516K, committed 18624K, reserved 1048576K
}
Event: 22.832 GC heap after
{Heap after GC invocations=48 (full 0):
 garbage-first heap   total 304128K, used 156551K [0x0000000080000000, 0x0000000100000000)
  region size 1024K, 11 young (11264K), 11 survivors (11264K)
 Metaspace       used 123756K, committed 126016K, reserved 1179648K
  class space    used 17516K, committed 18624K, reserved 1048576K
}
Event: 39.440 GC heap before
{Heap before GC invocations=48 (full 0):
 garbage-first heap   total 304128K, used 186247K [0x0000000080000000, 0x0000000100000000)
  region size 1024K, 42 young (43008K), 11 survivors (11264K)
 Metaspace       used 124195K, committed 126464K, reserved 1179648K
  class space    used 17557K, committed 18688K, reserved 1048576K
}
Event: 39.476 GC heap after
{Heap after GC invocations=49 (full 0):
 garbage-first heap   total 304128K, used 158414K [0x0000000080000000, 0x0000000100000000)
  region size 1024K, 9 young (9216K), 9 survivors (9216K)
 Metaspace       used 124195K, committed 126464K, reserved 1179648K
  class space    used 17557K, committed 18688K, reserved 1048576K
}

Dll operation events (3 events):
Event: 0.028 Loaded shared library E:\android_studio\jbr\bin\java.dll
Event: 0.045 Loaded shared library E:\android_studio\jbr\bin\zip.dll
Event: 0.474 Loaded shared library E:\android_studio\jbr\bin\verify.dll

Deoptimization events (20 events):
Event: 39.620 Thread 0x000001c7b0649f70 Uncommon trap: trap_request=0xfffffff4 fr.pc=0x000001c79a85bdbc relative=0x000000000000009c
Event: 39.620 Thread 0x000001c7b0649f70 Uncommon trap: reason=null_check action=make_not_entrant pc=0x000001c79a85bdbc method=java.lang.Integer.equals(Ljava/lang/Object;)Z @ 1 c2
Event: 39.620 Thread 0x000001c7b0649f70 DEOPT PACKING pc=0x000001c79a85bdbc sp=0x00000018885fa1f0
Event: 39.620 Thread 0x000001c7b0649f70 DEOPT UNPACKING pc=0x000001c799c446a2 sp=0x00000018885fa190 mode 2
Event: 39.668 Thread 0x000001c7b0649f70 Uncommon trap: trap_request=0xffffff6e fr.pc=0x000001c79a941220 relative=0x00000000000000c0
Event: 39.668 Thread 0x000001c7b0649f70 Uncommon trap: reason=loop_limit_check action=maybe_recompile pc=0x000001c79a941220 method=org.gradle.api.internal.file.pattern.GreedyPathMatcher.matches([Ljava/lang/String;I)Z @ 34 c2
Event: 39.668 Thread 0x000001c7b0649f70 DEOPT PACKING pc=0x000001c79a941220 sp=0x00000018885f8260
Event: 39.668 Thread 0x000001c7b0649f70 DEOPT UNPACKING pc=0x000001c799c446a2 sp=0x00000018885f8200 mode 2
Event: 39.690 Thread 0x000001c7b0649f70 Uncommon trap: trap_request=0xffffffc6 fr.pc=0x000001c79a4466c8 relative=0x00000000000041a8
Event: 39.690 Thread 0x000001c7b0649f70 Uncommon trap: reason=bimorphic_or_optimized_type_check action=maybe_recompile pc=0x000001c79a4466c8 method=jdk.internal.loader.BuiltinClassLoader.loadClassOrNull(Ljava/lang/String;)Ljava/lang/Class; @ 3 c2
Event: 39.690 Thread 0x000001c7b0649f70 DEOPT PACKING pc=0x000001c79a4466c8 sp=0x00000018885f9620
Event: 39.690 Thread 0x000001c7b0649f70 DEOPT UNPACKING pc=0x000001c799c446a2 sp=0x00000018885f9520 mode 2
Event: 39.806 Thread 0x000001c7b0649f70 Uncommon trap: trap_request=0xffffffc6 fr.pc=0x000001c79a4466c8 relative=0x00000000000041a8
Event: 39.806 Thread 0x000001c7b0649f70 Uncommon trap: reason=bimorphic_or_optimized_type_check action=maybe_recompile pc=0x000001c79a4466c8 method=jdk.internal.loader.BuiltinClassLoader.loadClassOrNull(Ljava/lang/String;)Ljava/lang/Class; @ 3 c2
Event: 39.806 Thread 0x000001c7b0649f70 DEOPT PACKING pc=0x000001c79a4466c8 sp=0x00000018885f93b0
Event: 39.806 Thread 0x000001c7b0649f70 DEOPT UNPACKING pc=0x000001c799c446a2 sp=0x00000018885f92b0 mode 2
Event: 39.823 Thread 0x000001c7b0649f70 Uncommon trap: trap_request=0xffffff45 fr.pc=0x000001c79a2c6130 relative=0x0000000000000c30
Event: 39.823 Thread 0x000001c7b0649f70 Uncommon trap: reason=unstable_if action=reinterpret pc=0x000001c79a2c6130 method=java.util.regex.Pattern.escape(ZZZ)I @ 8 c2
Event: 39.823 Thread 0x000001c7b0649f70 DEOPT PACKING pc=0x000001c79a2c6130 sp=0x00000018885f99f0
Event: 39.823 Thread 0x000001c7b0649f70 DEOPT UNPACKING pc=0x000001c799c446a2 sp=0x00000018885f9988 mode 2

Classes loaded (20 events):
Event: 39.705 Loading class java/nio/charset/IllegalCharsetNameException
Event: 39.706 Loading class java/nio/charset/IllegalCharsetNameException done
Event: 39.706 Loading class java/nio/charset/UnsupportedCharsetException
Event: 39.706 Loading class java/nio/charset/UnsupportedCharsetException done
Event: 39.709 Loading class java/nio/file/ProviderNotFoundException
Event: 39.709 Loading class java/nio/file/ProviderNotFoundException done
Event: 39.724 Loading class java/util/JumboEnumSet
Event: 39.725 Loading class java/util/JumboEnumSet done
Event: 39.731 Loading class java/util/JumboEnumSet$EnumSetIterator
Event: 39.731 Loading class java/util/JumboEnumSet$EnumSetIterator done
Event: 39.736 Loading class java/util/ResourceBundle$KeyElementReference
Event: 39.736 Loading class java/util/ResourceBundle$CacheKeyReference
Event: 39.736 Loading class java/util/ResourceBundle$CacheKeyReference done
Event: 39.736 Loading class java/util/ResourceBundle$KeyElementReference done
Event: 39.739 Loading class java/util/ResourceBundle$3
Event: 39.739 Loading class java/util/ResourceBundle$3 done
Event: 39.754 Loading class java/util/ResourceBundle$BundleReference
Event: 39.754 Loading class java/util/ResourceBundle$BundleReference done
Event: 39.814 Loading class java/util/ServiceLoader$ProviderSpliterator
Event: 39.814 Loading class java/util/ServiceLoader$ProviderSpliterator done

Classes unloaded (0 events):
No events

Classes redefined (0 events):
No events

Internal exceptions (20 events):
Event: 14.867 Thread 0x000001c7b77bd160 Exception <a 'java/lang/NoSuchMethodError'{0x000000008dbdab78}: static Lorg/jetbrains/kotlin/daemon/common/LoopbackNetworkInterface$ClientLoopbackSocketFactory;.<clinit>()V> (0x000000008dbdab78) 
thrown [s\src\hotspot\share\prims\jni.cpp, line 1144]
Event: 14.917 Thread 0x000001c7b77bd160 Exception <a 'java/lang/NoSuchMethodError'{0x000000008c741860}: static [Ljava/rmi/server/ObjID;.<clinit>()V> (0x000000008c741860) 
thrown [s\src\hotspot\share\prims\jni.cpp, line 1144]
Event: 14.920 Thread 0x000001c7b77bd160 Exception <a 'java/lang/NoSuchMethodError'{0x000000008c44fd98}: static [B.<clinit>()V> (0x000000008c44fd98) 
thrown [s\src\hotspot\share\prims\jni.cpp, line 1144]
Event: 14.938 Thread 0x000001c7b0643d00 Exception <a 'java/lang/NoSuchMethodError'{0x000000008baff150}: static Ljava/lang/Object;.<clinit>()V> (0x000000008baff150) 
thrown [s\src\hotspot\share\prims\jni.cpp, line 1144]
Event: 14.944 Thread 0x000001c7b77bde80 Exception <a 'java/lang/NoSuchMethodError'{0x000000008d3c5a60}: 'java.lang.Object java.lang.invoke.DirectMethodHandle$Holder.newInvokeSpecial(java.lang.Object, java.lang.Object, int, java.lang.Object, long)'> (0x000000008d3c5a60) 
thrown [s\src\hotspot\share\interpreter\linkResolver.cpp, line 784]
Event: 15.023 Thread 0x000001c7b77bd160 Exception <a 'java/lang/NoSuchMethodError'{0x000000008b9e0770}: static Lorg/jetbrains/kotlin/daemon/common/CompileService$CallResult;.<clinit>()V> (0x000000008b9e0770) 
thrown [s\src\hotspot\share\prims\jni.cpp, line 1144]
Event: 15.024 Thread 0x000001c7b77bd160 Exception <a 'java/lang/NoSuchMethodError'{0x000000008b9eca08}: static Lorg/jetbrains/kotlin/daemon/common/CompileService$CallResult$Good;.<clinit>()V> (0x000000008b9eca08) 
thrown [s\src\hotspot\share\prims\jni.cpp, line 1144]
Event: 15.024 Thread 0x000001c7b77bd160 Exception <a 'java/lang/NoSuchMethodError'{0x000000008b9f9de8}: static Lorg/jetbrains/kotlin/daemon/common/DaemonJVMOptions;.<clinit>()V> (0x000000008b9f9de8) 
thrown [s\src\hotspot\share\prims\jni.cpp, line 1144]
Event: 15.036 Thread 0x000001c7b77bd160 Exception <a 'java/lang/NoSuchMethodError'{0x000000008b83fe88}: static Lorg/jetbrains/kotlin/daemon/common/CompileService$CallResult$Ok;.<clinit>()V> (0x000000008b83fe88) 
thrown [s\src\hotspot\share\prims\jni.cpp, line 1144]
Event: 15.063 Thread 0x000001c7b77bd160 Exception <a 'java/lang/NoSuchMethodError'{0x000000008b77d448}: static [Ljava/lang/Integer;.<clinit>()V> (0x000000008b77d448) 
thrown [s\src\hotspot\share\prims\jni.cpp, line 1144]
Event: 22.652 Thread 0x000001c7b77bc440 Exception <a 'java/lang/NoSuchMethodError'{0x000000008b575f18}: 'void java.lang.invoke.DelegatingMethodHandle$Holder.reinvoke_L(java.lang.Object, java.lang.Object, int, int, java.lang.Object, java.lang.Object)'> (0x000000008b575f18) 
thrown [s\src\hotspot\share\interpreter\linkResolver.cpp, line 784]
Event: 22.701 Thread 0x000001c7b77bc440 Exception <a 'java/lang/NoSuchMethodError'{0x000000008b5b5f60}: 'void java.lang.invoke.DirectMethodHandle$Holder.invokeInterface(java.lang.Object, java.lang.Object, int, java.lang.Object)'> (0x000000008b5b5f60) 
thrown [s\src\hotspot\share\interpreter\linkResolver.cpp, line 784]
Event: 22.842 Thread 0x000001c7b77bde80 Implicit null exception at 0x000001c79a21168b to 0x000001c79a211750
Event: 22.843 Thread 0x000001c7b77bde80 Implicit null exception at 0x000001c79a63180e to 0x000001c79a631fa4
Event: 23.230 Thread 0x000001c7b0649f70 Exception <a 'java/lang/NoSuchMethodError'{0x0000000091ac22f0}: static Ljava/lang/Object;.<clinit>()V> (0x0000000091ac22f0) 
thrown [s\src\hotspot\share\prims\jni.cpp, line 1144]
Event: 23.231 Thread 0x000001c7b0649f70 Exception <a 'java/lang/NoSuchMethodError'{0x0000000091af4be0}: static Lorg/jetbrains/kotlin/incremental/ClasspathChanges$ClasspathSnapshotEnabled$NotAvailableForNonIncrementalRun;.<clinit>()V> (0x0000000091af4be0) 
thrown [s\src\hotspot\share\prims\jni.cpp, line 1144]
Event: 23.231 Thread 0x000001c7b0649f70 Exception <a 'java/lang/NoSuchMethodError'{0x0000000091af6be0}: static Lorg/jetbrains/kotlin/incremental/ClasspathChanges$ClasspathSnapshotEnabled;.<clinit>()V> (0x0000000091af6be0) 
thrown [s\src\hotspot\share\prims\jni.cpp, line 1144]
Event: 23.232 Thread 0x000001c7b0649f70 Exception <a 'java/lang/NoSuchMethodError'{0x0000000091af8a30}: static Lorg/jetbrains/kotlin/incremental/ClasspathChanges;.<clinit>()V> (0x0000000091af8a30) 
thrown [s\src\hotspot\share\prims\jni.cpp, line 1144]
Event: 39.294 Thread 0x000001c7b0649f70 Exception <a 'java/lang/NoSuchMethodError'{0x00000000908775e0}: static Ljava/lang/Object;.<clinit>()V> (0x00000000908775e0) 
thrown [s\src\hotspot\share\prims\jni.cpp, line 1144]
Event: 39.620 Thread 0x000001c7b0649f70 Implicit null exception at 0x000001c79a85bd5a to 0x000001c79a85bdac

ZGC Phase Switch (0 events):
No events

VM Operations (20 events):
Event: 26.834 Executing VM operation: Cleanup
Event: 26.834 Executing VM operation: Cleanup done
Event: 30.835 Executing VM operation: Cleanup
Event: 30.835 Executing VM operation: Cleanup done
Event: 31.835 Executing VM operation: Cleanup
Event: 31.835 Executing VM operation: Cleanup done
Event: 37.837 Executing VM operation: Cleanup
Event: 37.837 Executing VM operation: Cleanup done
Event: 38.838 Executing VM operation: Cleanup
Event: 38.838 Executing VM operation: Cleanup done
Event: 39.397 Executing VM operation: HandshakeAllThreads (Deoptimize)
Event: 39.397 Executing VM operation: HandshakeAllThreads (Deoptimize) done
Event: 39.440 Executing VM operation: G1TryInitiateConcMark (G1 Humongous Allocation)
Event: 39.477 Executing VM operation: G1TryInitiateConcMark (G1 Humongous Allocation) done
Event: 39.756 Executing VM operation: G1PauseRemark
Event: 39.766 Executing VM operation: G1PauseRemark done
Event: 39.798 Executing VM operation: G1PauseCleanup
Event: 39.799 Executing VM operation: G1PauseCleanup done
Event: 39.822 Executing VM operation: HandshakeAllThreads (Deoptimize)
Event: 39.823 Executing VM operation: HandshakeAllThreads (Deoptimize) done

Memory protections (0 events):
No events

Nmethod flushes (20 events):
Event: 39.764 Thread 0x000001c7a77828b0 flushing  nmethod 0x000001c793b19f90
Event: 39.764 Thread 0x000001c7a77828b0 flushing  nmethod 0x000001c793b1b310
Event: 39.764 Thread 0x000001c7a77828b0 flushing  nmethod 0x000001c793b1b990
Event: 39.764 Thread 0x000001c7a77828b0 flushing  nmethod 0x000001c792f68990
Event: 39.764 Thread 0x000001c7a77828b0 flushing  nmethod 0x000001c792fb9910
Event: 39.764 Thread 0x000001c7a77828b0 flushing  nmethod 0x000001c793014f90
Event: 39.764 Thread 0x000001c7a77828b0 flushing  nmethod 0x000001c793177510
Event: 39.764 Thread 0x000001c7a77828b0 flushing  nmethod 0x000001c79317a210
Event: 39.764 Thread 0x000001c7a77828b0 flushing  nmethod 0x000001c79317b790
Event: 39.764 Thread 0x000001c7a77828b0 flushing  nmethod 0x000001c79317ce90
Event: 39.764 Thread 0x000001c7a77828b0 flushing  nmethod 0x000001c79324ba10
Event: 39.764 Thread 0x000001c7a77828b0 flushing  nmethod 0x000001c793377a10
Event: 39.764 Thread 0x000001c7a77828b0 flushing  nmethod 0x000001c79337bf10
Event: 39.764 Thread 0x000001c7a77828b0 flushing  nmethod 0x000001c7937a4890
Event: 39.764 Thread 0x000001c7a77828b0 flushing  nmethod 0x000001c793b11c10
Event: 39.764 Thread 0x000001c7a77828b0 flushing  nmethod 0x000001c793b14610
Event: 39.764 Thread 0x000001c7a77828b0 flushing  nmethod 0x000001c792fc4e10
Event: 39.764 Thread 0x000001c7a77828b0 flushing  nmethod 0x000001c793b1fa90
Event: 39.764 Thread 0x000001c7a77828b0 flushing  nmethod 0x000001c793b20e90
Event: 39.764 Thread 0x000001c7a77828b0 flushing  nmethod 0x000001c793b21290

Events (20 events):
Event: 13.306 Thread 0x000001c7b0649f70 Thread added: 0x000001c7b6783e00
Event: 13.315 Thread 0x000001c7b0649f70 Thread added: 0x000001c7b6783770
Event: 13.316 Thread 0x000001c7b0649f70 Thread added: 0x000001c7b6782a50
Event: 13.316 Thread 0x000001c7b0649f70 Thread added: 0x000001c7b6786560
Event: 13.316 Thread 0x000001c7b0649f70 Thread added: 0x000001c7b6784490
Event: 14.596 Thread 0x000001c7b0649f70 Thread added: 0x000001c7b77bd160
Event: 14.869 Thread 0x000001c7b77bd160 Thread added: 0x000001c7b77baa00
Event: 14.876 Thread 0x000001c7b77bd160 Thread added: 0x000001c7b77bde80
Event: 14.904 Loaded shared library E:\android_studio\jbr\bin\rmi.dll
Event: 14.908 Thread 0x000001c7b77bd160 Thread added: 0x000001c7b77bff50
Event: 15.056 Thread 0x000001c7b77bd160 Thread added: 0x000001c7b77be510
Event: 15.057 Thread 0x000001c7b77bd160 Thread added: 0x000001c7b77ba370
Event: 15.120 Thread 0x000001c7b77be510 Thread added: 0x000001c7b77bc440
Event: 22.850 Thread 0x000001c7b77bde80 Thread exited: 0x000001c7b77bde80
Event: 23.234 Thread 0x000001c7b0649f70 Thread added: 0x000001c7b77bcad0
Event: 23.240 Thread 0x000001c7b77bd160 Thread added: 0x000001c7b77bf230
Event: 23.278 Thread 0x000001c7b77be510 Thread added: 0x000001c7b77bb090
Event: 26.372 Thread 0x000001c7b77be510 Thread added: 0x000001c7b77bbdb0
Event: 39.503 Thread 0x000001c7b77bf230 Thread exited: 0x000001c7b77bf230
Event: 39.617 Thread 0x000001c7b0649f70 Thread added: 0x000001c7b77c3a60


Dynamic libraries:
0x00007ff79b220000 - 0x00007ff79b22a000 	E:\android_studio\jbr\bin\java.exe
0x00007ffb0bbf0000 - 0x00007ffb0bde8000 	C:\Windows\SYSTEM32\ntdll.dll
0x00007ffb0a340000 - 0x00007ffb0a402000 	C:\Windows\System32\KERNEL32.DLL
0x00007ffb09320000 - 0x00007ffb09616000 	C:\Windows\System32\KERNELBASE.dll
0x00007ffb099f0000 - 0x00007ffb09af0000 	C:\Windows\System32\ucrtbase.dll
0x00007ffaebfb0000 - 0x00007ffaebfcb000 	E:\android_studio\jbr\bin\VCRUNTIME140.dll
0x00007ffa53fc0000 - 0x00007ffa53fd8000 	E:\android_studio\jbr\bin\jli.dll
0x00007ffb0b4b0000 - 0x00007ffb0b64d000 	C:\Windows\System32\USER32.dll
0x00007ffb09620000 - 0x00007ffb09642000 	C:\Windows\System32\win32u.dll
0x00007ffb0ab80000 - 0x00007ffb0abab000 	C:\Windows\System32\GDI32.dll
0x00007ffb09af0000 - 0x00007ffb09c0a000 	C:\Windows\System32\gdi32full.dll
0x00007ffb09280000 - 0x00007ffb0931d000 	C:\Windows\System32\msvcp_win.dll
0x00007ffaf3ce0000 - 0x00007ffaf3f7a000 	C:\Windows\WinSxS\amd64_microsoft.windows.common-controls_6595b64144ccf1df_6.0.19041.4355_none_60b8b9eb71f62e16\COMCTL32.dll
0x00007ffb0b670000 - 0x00007ffb0b70e000 	C:\Windows\System32\msvcrt.dll
0x00007ffb0af90000 - 0x00007ffb0afbf000 	C:\Windows\System32\IMM32.DLL
0x0000000066b80000 - 0x0000000066b8d000 	C:\Program Files (x86)\360\360Safe\safemon\SafeWrapper.dll
0x00007ffb0a290000 - 0x00007ffb0a33f000 	C:\Windows\System32\ADVAPI32.dll
0x00007ffb0a060000 - 0x00007ffb0a0ff000 	C:\Windows\System32\sechost.dll
0x00007ffb0a160000 - 0x00007ffb0a283000 	C:\Windows\System32\RPCRT4.dll
0x00007ffb097d0000 - 0x00007ffb097f7000 	C:\Windows\System32\bcrypt.dll
0x00007ffb02250000 - 0x00007ffb02355000 	C:\Program Files (x86)\360\360Safe\safemon\libzdtp64.dll
0x00007ffb0a410000 - 0x00007ffb0ab7f000 	C:\Windows\System32\SHELL32.dll
0x00007ffb0bb50000 - 0x00007ffb0bba5000 	C:\Windows\System32\SHLWAPI.dll
0x00007ffb08d90000 - 0x00007ffb08d9a000 	C:\Windows\SYSTEM32\VERSION.dll
0x00007ffaebfa0000 - 0x00007ffaebfac000 	E:\android_studio\jbr\bin\vcruntime140_1.dll
0x00007ffa34710000 - 0x00007ffa3479d000 	E:\android_studio\jbr\bin\msvcp140.dll
0x00007ffaadc60000 - 0x00007ffaae8f6000 	E:\android_studio\jbr\bin\server\jvm.dll
0x00007ffb0b440000 - 0x00007ffb0b4ab000 	C:\Windows\System32\WS2_32.dll
0x00007ffb08750000 - 0x00007ffb0879b000 	C:\Windows\SYSTEM32\POWRPROF.dll
0x00007ffaf7330000 - 0x00007ffaf7357000 	C:\Windows\SYSTEM32\WINMM.dll
0x00007ffb08600000 - 0x00007ffb08612000 	C:\Windows\SYSTEM32\UMPDC.dll
0x00007ffb07a40000 - 0x00007ffb07a52000 	C:\Windows\SYSTEM32\kernel.appcore.dll
0x00007ffaebf90000 - 0x00007ffaebf9a000 	E:\android_studio\jbr\bin\jimage.dll
0x00007ffb07590000 - 0x00007ffb07774000 	C:\Windows\SYSTEM32\DBGHELP.DLL
0x00007ffaeadb0000 - 0x00007ffaeade4000 	C:\Windows\SYSTEM32\dbgcore.DLL
0x00007ffb09800000 - 0x00007ffb09882000 	C:\Windows\System32\bcryptPrimitives.dll
0x00007ffaaa5d0000 - 0x00007ffaaa5de000 	E:\android_studio\jbr\bin\instrument.dll
0x00007ffadfa00000 - 0x00007ffadfa20000 	E:\android_studio\jbr\bin\java.dll
0x00007ffadc3f0000 - 0x00007ffadc408000 	E:\android_studio\jbr\bin\zip.dll
0x00007ffb06de0000 - 0x00007ffb07583000 	C:\Windows\SYSTEM32\windows.storage.dll
0x00007ffb09c70000 - 0x00007ffb09fc5000 	C:\Windows\System32\combase.dll
0x00007ffb08bf0000 - 0x00007ffb08c1b000 	C:\Windows\SYSTEM32\Wldp.dll
0x00007ffb0ad90000 - 0x00007ffb0ae5d000 	C:\Windows\System32\OLEAUT32.dll
0x00007ffb0ace0000 - 0x00007ffb0ad8d000 	C:\Windows\System32\SHCORE.dll
0x00007ffb091b0000 - 0x00007ffb091d5000 	C:\Windows\SYSTEM32\profapi.dll
0x00007ffaebf60000 - 0x00007ffaebf70000 	E:\android_studio\jbr\bin\net.dll
0x00007ffb02940000 - 0x00007ffb02a4a000 	C:\Windows\SYSTEM32\WINHTTP.dll
0x00007ffb08950000 - 0x00007ffb089bc000 	C:\Windows\system32\mswsock.dll
0x00007ffadbb10000 - 0x00007ffadbb26000 	E:\android_studio\jbr\bin\nio.dll
0x00007ffaec110000 - 0x00007ffaec120000 	E:\android_studio\jbr\bin\verify.dll
0x00007ffaa7350000 - 0x00007ffaa7377000 	C:\Users\Administrator\.gradle\native\1def1411415f61bf3af743bc5b6707747c0891f09f0c88961ee8f79bc544acac\windows-amd64\native-platform.dll
0x00007ffa51840000 - 0x00007ffa518b8000 	C:\Users\Administrator\.gradle\native\0.2.7\x86_64-windows-gnu\gradle-fileevents.dll
0x00007ffadfb90000 - 0x00007ffadfb99000 	E:\android_studio\jbr\bin\management.dll
0x00007ffadc5b0000 - 0x00007ffadc5bb000 	E:\android_studio\jbr\bin\management_ext.dll
0x00007ffb0af80000 - 0x00007ffb0af88000 	C:\Windows\System32\PSAPI.DLL
0x00007ffb08da0000 - 0x00007ffb08ddb000 	C:\Windows\SYSTEM32\IPHLPAPI.DLL
0x00007ffb0bb40000 - 0x00007ffb0bb48000 	C:\Windows\System32\NSI.dll
0x00007ffaebd40000 - 0x00007ffaebd49000 	E:\android_studio\jbr\bin\extnet.dll
0x00007ffb08b40000 - 0x00007ffb08b58000 	C:\Windows\SYSTEM32\CRYPTSP.dll
0x00007ffb08240000 - 0x00007ffb08278000 	C:\Windows\system32\rsaenh.dll
0x00007ffb09170000 - 0x00007ffb0919e000 	C:\Windows\SYSTEM32\USERENV.dll
0x00007ffb08b60000 - 0x00007ffb08b6c000 	C:\Windows\SYSTEM32\CRYPTBASE.dll
0x00007ffaf19e0000 - 0x00007ffaf19e7000 	C:\Windows\system32\wshunix.dll
0x00007ffaf62d0000 - 0x00007ffaf62e7000 	C:\Windows\system32\napinsp.dll
0x00007ffaec270000 - 0x00007ffaec28b000 	C:\Windows\system32\pnrpnsp.dll
0x00007ffaec250000 - 0x00007ffaec265000 	C:\Windows\system32\wshbth.dll
0x00007ffb04310000 - 0x00007ffb0432d000 	C:\Windows\system32\NLAapi.dll
0x00007ffb08630000 - 0x00007ffb086fa000 	C:\Windows\SYSTEM32\DNSAPI.dll
0x00007ffaec230000 - 0x00007ffaec242000 	C:\Windows\System32\winrnr.dll
0x0000000065790000 - 0x00000000657b6000 	C:\Program Files\Bonjour\mdnsNSP.dll
0x00007ffaf0810000 - 0x00007ffaf081a000 	C:\Windows\System32\rasadhlp.dll
0x00007ffaf4210000 - 0x00007ffaf4290000 	C:\Windows\System32\fwpuclnt.dll
0x00007ffaa7c60000 - 0x00007ffaa7c67000 	E:\android_studio\jbr\bin\rmi.dll

JVMTI agents:
C:\Users\Administrator\.gradle\wrapper\dists\gradle-8.13-bin\5xuhj0ry160q40clulazy9h7d\gradle-8.13\lib\agents\gradle-instrumentation-agent-8.13.jar path:E:\android_studio\jbr\bin\instrument.dll, loaded, initialized, instrumentlib options:none

dbghelp: loaded successfully - version: 4.0.5 - missing functions: none
symbol engine: initialized successfully - sym options: 0x614 - pdb path: .;E:\android_studio\jbr\bin;C:\Windows\SYSTEM32;C:\Windows\WinSxS\amd64_microsoft.windows.common-controls_6595b64144ccf1df_6.0.19041.4355_none_60b8b9eb71f62e16;C:\Program Files (x86)\360\360Safe\safemon;E:\android_studio\jbr\bin\server;C:\Users\Administrator\.gradle\native\1def1411415f61bf3af743bc5b6707747c0891f09f0c88961ee8f79bc544acac\windows-amd64;C:\Users\Administrator\.gradle\native\0.2.7\x86_64-windows-gnu;C:\Program Files\Bonjour

VM Arguments:
jvm_args: --add-opens=java.base/java.lang=ALL-UNNAMED --add-opens=java.base/java.lang.invoke=ALL-UNNAMED --add-opens=java.base/java.util=ALL-UNNAMED --add-opens=java.prefs/java.util.prefs=ALL-UNNAMED --add-exports=jdk.compiler/com.sun.tools.javac.api=ALL-UNNAMED --add-exports=jdk.compiler/com.sun.tools.javac.util=ALL-UNNAMED --add-opens=java.base/java.util=ALL-UNNAMED --add-opens=java.prefs/java.util.prefs=ALL-UNNAMED --add-opens=java.base/java.nio.charset=ALL-UNNAMED --add-opens=java.base/java.net=ALL-UNNAMED --add-opens=java.base/java.util.concurrent.atomic=ALL-UNNAMED --add-opens=java.xml/javax.xml.namespace=ALL-UNNAMED -Xmx2048m -Dfile.encoding=UTF-8 -Duser.country=CN -Duser.language=zh -Duser.variant -javaagent:C:\Users\Administrator\.gradle\wrapper\dists\gradle-8.13-bin\5xuhj0ry160q40clulazy9h7d\gradle-8.13\lib\agents\gradle-instrumentation-agent-8.13.jar 
java_command: org.gradle.launcher.daemon.bootstrap.GradleDaemon 8.13
java_class_path (initial): C:\Users\Administrator\.gradle\wrapper\dists\gradle-8.13-bin\5xuhj0ry160q40clulazy9h7d\gradle-8.13\lib\gradle-daemon-main-8.13.jar
Launcher Type: SUN_STANDARD

[Global flags]
     intx CICompilerCount                          = 4                                         {product} {ergonomic}
     uint ConcGCThreads                            = 3                                         {product} {ergonomic}
     uint G1ConcRefinementThreads                  = 10                                        {product} {ergonomic}
   size_t G1HeapRegionSize                         = 1048576                                   {product} {ergonomic}
    uintx GCDrainStackTargetSize                   = 64                                        {product} {ergonomic}
   size_t InitialHeapSize                          = 132120576                                 {product} {ergonomic}
   size_t MarkStackSize                            = 4194304                                   {product} {ergonomic}
   size_t MaxHeapSize                              = 2147483648                                {product} {command line}
   size_t MaxNewSize                               = 1287651328                                {product} {ergonomic}
   size_t MinHeapDeltaBytes                        = 1048576                                   {product} {ergonomic}
   size_t MinHeapSize                              = 8388608                                   {product} {ergonomic}
    uintx NonNMethodCodeHeapSize                   = 5839372                                {pd product} {ergonomic}
    uintx NonProfiledCodeHeapSize                  = 122909434                              {pd product} {ergonomic}
    uintx ProfiledCodeHeapSize                     = 122909434                              {pd product} {ergonomic}
    uintx ReservedCodeCacheSize                    = 251658240                              {pd product} {ergonomic}
     bool SegmentedCodeCache                       = true                                      {product} {ergonomic}
   size_t SoftMaxHeapSize                          = 2147483648                             {manageable} {ergonomic}
     bool UseCompressedOops                        = true                           {product lp64_product} {ergonomic}
     bool UseG1GC                                  = true                                      {product} {ergonomic}
     bool UseLargePagesIndividualAllocation        = false                                  {pd product} {ergonomic}

Logging:
Log output configuration:
 #0: stdout all=warning uptime,level,tags foldmultilines=false
 #1: stderr all=off uptime,level,tags foldmultilines=false

Environment Variables:
JAVA_HOME=C:\Program Files\Eclipse Adoptium\jdk-17.0.17.10-hotspot\
PATH=C:\Program Files\Eclipse Adoptium\jdk-17.0.17.10-hotspot\bin;D:\中国电子口岸客户端控件\libs\txrn;D:\中国电子口岸客户端控件\libs\MOFCOM;D:\中国电子口岸客户端控件\libs\cus;D:\中国电子口岸客户端控件\libs\pdfes;D:\中国电子口岸客户端控件\libs\pdf;D:\中国电子口岸客户端控件\libs\others;D:\中国电子口岸客户端控件\libs;D:\中国电子口岸客户端控件\;C:\Windows\system32;C:\Windows;C:\Windows\System32\Wbem;C:\Windows\System32\WindowsPowerShell\v1.0\;C:\Windows\System32\OpenSSH\;C:\Program Files\dotnet\;E:\git\Git\cmd;C:\Program Files\nodejs\;E:\python\Scripts\;E:\python\;C:\Users\Administrator\AppData\Local\Microsoft\WindowsApps;E:\vscode\Microsoft VS Code\bin;E:\winsurf\Windsurf\bin;C:\Users\Administrator\AppData\Roaming\npm;E:\tools\ffmpeg-8.0.1-essentials_build\bin;E:\godot;
USERNAME=Administrator
OS=Windows_NT
PROCESSOR_IDENTIFIER=Intel64 Family 6 Model 151 Stepping 5, GenuineIntel
TMP=C:\Users\ADMINI~1\AppData\Local\Temp
TEMP=C:\Users\ADMINI~1\AppData\Local\Temp




Periodic native trim disabled

JNI global refs:
JNI global refs: 28, weak refs: 0

JNI global refs memory usage: 835, weak refs: 833

Process memory usage:
Resident Set Size: 408584K (4% of 8220848K total physical memory with 17324K free physical memory)

OOME stack traces (most recent first):
Classloader memory used:
Loader org.gradle.internal.classloader.VisitableURLClassLoader                         : 47009K
Loader org.gradle.internal.classloader.VisitableURLClassLoader$InstrumentingVisitableURLClassLoader: 32399K
Loader bootstrap                                                                       : 30779K
Loader org.gradle.initialization.MixInLegacyTypesClassLoader                           : 13650K
Loader jdk.internal.loader.ClassLoaders$AppClassLoader                                 : 1501K
Loader jdk.internal.loader.ClassLoaders$PlatformClassLoader                            : 637K
Loader jdk.internal.reflect.DelegatingClassLoader                                      : 595K
Loader org.gradle.internal.classloader.VisitableURLClassLoader                         : 250K
Loader org.gradle.groovy.scripts.internal.DefaultScriptCompilationHandler$ScriptClassLoader: 135K
Loader org.codehaus.groovy.runtime.callsite.CallSiteClassLoader                        : 27488B


[error occurred during error reporting (Classloader stats), id 0xe0000001, Out of Memory Error (s\src\hotspot\share\memory\arena.cpp:168)]
---------------  S Y S T E M  ---------------

OS:
 Windows 10 , 64 bit Build 19041 (10.0.19041.5678)
OS uptime: 1 days 7:55 hours

CPU: total 12 (initial active 12) (6 cores per cpu, 2 threads per core) family 6 model 151 stepping 5 microcode 0x36, cx8, cmov, fxsr, ht, mmx, 3dnowpref, sse, sse2, sse3, ssse3, sse4.1, sse4.2, popcnt, lzcnt, tsc, tscinvbit, avx, avx2, aes, erms, clmul, bmi1, bmi2, adx, sha, fma, vzeroupper, clflush, clflushopt, clwb, serialize, rdtscp, rdpid, fsrm, f16c, pku, cet_ibt, cet_ss
Processor Information for the first 12 processors :
  Max Mhz: 2500, Current Mhz: 2500, Mhz Limit: 2500

Memory: 4k page, system-wide physical 8028M (16M free)
TotalPageFile size 27228M (AvailPageFile size 5M)
current process WorkingSet (physical memory assigned to process): 398M, peak: 551M
current process commit charge ("private bytes"): 662M, peak: 672M

vm_info: OpenJDK 64-Bit Server VM (21.0.8+-14196175-b1038.72) for windows-amd64 JRE (21.0.8+-14196175-b1038.72), built on 2025-10-01T10:24:33Z by "builder" with MS VC++ 16.10 / 16.11 (VS2019)

END.
