#
# There is insufficient memory for the Java Runtime Environment to continue.
# Native memory allocation (malloc) failed to allocate 1093536 bytes. Error detail: Chunk::new
# Possible reasons:
#   The system is out of physical RAM or swap space
#   This process is running with CompressedOops enabled, and the Java Heap may be blocking the growth of the native heap
# Possible solutions:
#   Reduce memory load on the system
#   Increase physical memory or swap space
#   Check if swap backing store is full
#   Decrease Java heap size (-Xmx/-Xms)
#   Decrease number of Java threads
#   Decrease Java thread stack sizes (-Xss)
#   Set larger code cache with -XX:ReservedCodeCacheSize=
#   JVM is running with Unscaled Compressed Oops mode in which the Java heap is
#     placed in the first 4GB address space. The Java Heap base address is the
#     maximum limit for the native heap growth. Please use -XX:HeapBaseMinAddress
#     to set the Java Heap base and to place the Java Heap above 4GB virtual address.
# This output file may be truncated or incomplete.
#
#  Out of Memory Error (arena.cpp:168), pid=3520, tid=13448
#
# JRE version: OpenJDK Runtime Environment (21.0.8) (build 21.0.8+-14196175-b1038.72)
# Java VM: OpenJDK 64-Bit Server VM (21.0.8+-14196175-b1038.72, mixed mode, tiered, compressed oops, compressed class ptrs, g1 gc, windows-amd64)
# No core dump will be written. Minidumps are not enabled by default on client versions of Windows
#

---------------  S U M M A R Y ------------

Command Line: --add-opens=java.base/java.lang=ALL-UNNAMED --add-opens=java.base/java.lang.invoke=ALL-UNNAMED --add-opens=java.base/java.util=ALL-UNNAMED --add-opens=java.prefs/java.util.prefs=ALL-UNNAMED --add-exports=jdk.compiler/com.sun.tools.javac.api=ALL-UNNAMED --add-exports=jdk.compiler/com.sun.tools.javac.util=ALL-UNNAMED --add-opens=java.base/java.util=ALL-UNNAMED --add-opens=java.prefs/java.util.prefs=ALL-UNNAMED --add-opens=java.base/java.nio.charset=ALL-UNNAMED --add-opens=java.base/java.net=ALL-UNNAMED --add-opens=java.base/java.util.concurrent.atomic=ALL-UNNAMED --add-opens=java.xml/javax.xml.namespace=ALL-UNNAMED -Xmx2048m -Dfile.encoding=UTF-8 -Duser.country=CN -Duser.language=zh -Duser.variant -javaagent:C:\Users\Administrator\.gradle\wrapper\dists\gradle-8.13-bin\5xuhj0ry160q40clulazy9h7d\gradle-8.13\lib\agents\gradle-instrumentation-agent-8.13.jar org.gradle.launcher.daemon.bootstrap.GradleDaemon 8.13

Host: 12th Gen Intel(R) Core(TM) i5-12400F, 12 cores, 7G,  Windows 10 , 64 bit Build 19041 (10.0.19041.5678)
Time: Sat Apr 11 15:38:03 2026 elapsed time: 2662.328907 seconds (0d 0h 44m 22s)

---------------  T H R E A D  ---------------

Current thread (0x000001885e3434d0):  JavaThread "C2 CompilerThread0" daemon [_thread_in_native, id=13448, stack(0x0000000a70900000,0x0000000a70a00000) (1024K)]


Current CompileTask:
C2:2662329 27564       4       org.gradle.api.internal.artifacts.transform.AbstractTransformedArtifactSet::visit (104 bytes)

Stack: [0x0000000a70900000,0x0000000a70a00000]
Native frames: (J=compiled Java code, j=interpreted, Vv=VM code, C=native code)
V  [jvm.dll+0x6d68d9]
V  [jvm.dll+0x866693]
V  [jvm.dll+0x868c4e]
V  [jvm.dll+0x869333]
V  [jvm.dll+0x280566]
V  [jvm.dll+0xc07cd]
V  [jvm.dll+0xc0d03]
V  [jvm.dll+0x2f5970]
V  [jvm.dll+0x5ff719]
V  [jvm.dll+0x252362]
V  [jvm.dll+0x24ab5d]
V  [jvm.dll+0x24871e]
V  [jvm.dll+0x1c73a4]
V  [jvm.dll+0x257f9e]
V  [jvm.dll+0x2564e6]
V  [jvm.dll+0x3f4696]
V  [jvm.dll+0x80eac8]
V  [jvm.dll+0x6d512d]
C  [ucrtbase.dll+0x21bb2]
C  [KERNEL32.DLL+0x17374]
C  [ntdll.dll+0x4cc91]


---------------  P R O C E S S  ---------------

Threads class SMR info:
_java_thread_list=0x000001886e896e70, length=151, elements={
0x0000018845a41370, 0x000001885e2fb5b0, 0x000001885e31e010, 0x000001885e31ecf0,
0x000001885e334c20, 0x000001885e335680, 0x000001885e336700, 0x000001885e33a010,
0x000001885e3434d0, 0x000001885e363f80, 0x000001885e3392f0, 0x000001885e339980,
0x000001885e33a6a0, 0x000001885e33ad30, 0x00000188641c9cd0, 0x00000188641ca9f0,
0x00000188641cb080, 0x0000018866045aa0, 0x00000188660495b0, 0x00000188660467c0,
0x0000018866048890, 0x0000018866048f20, 0x0000018866048200, 0x0000018866597b90,
0x0000018866598f40, 0x0000018865d50940, 0x0000018865d4d4c0, 0x0000018865d4e1e0,
0x00000188672d53f0, 0x000001886d354d10, 0x000001886d358190, 0x000001886d356750,
0x000001886d358820, 0x000001886d354680, 0x000001886e64cd30, 0x000001886e64d3c0,
0x00000188656fb2a0, 0x00000188656fda00, 0x00000188656fedb0, 0x00000188656fac10,
0x00000188656fbfc0, 0x00000188656f91d0, 0x00000188657007f0, 0x00000188656fc650,
0x00000188656ff440, 0x00000188656fcce0, 0x00000188656fd370, 0x0000018865700e80,
0x00000188656f9ef0, 0x0000018865701510, 0x00000188656fa580, 0x0000018865705d40,
0x00000188657063d0, 0x0000018865706a60, 0x00000188657070f0, 0x0000018865702f50,
0x0000018865702230, 0x00000188657035e0, 0x0000018865707e10, 0x0000018865704990,
0x0000018865707780, 0x00000188657028c0, 0x0000018865704300, 0x00000188657084a0,
0x0000018865703c70, 0x00000188657056b0, 0x000001886edee1a0, 0x000001886edf0900,
0x000001886edeba40, 0x000001886edefbe0, 0x000001886edecdf0, 0x000001886edec760,
0x000001886edf0f90, 0x000001886eded480, 0x000001886edf0270, 0x000001886edea690,
0x000001886edf3060, 0x000001886edf1cb0, 0x000001886edf36f0, 0x000001886edf3d80,
0x000001886edf4410, 0x000001886edf4aa0, 0x000001886ededb10, 0x000001886edf5130,
0x000001886edf57c0, 0x000001886edf8c40, 0x000001886edf7f20, 0x000001886edf85b0,
0x000001886edf92d0, 0x000001886edf9960, 0x000001886d35c330, 0x000001886d357470,
0x000001886d3553a0, 0x000001886d35d050, 0x000001886d35c9c0, 0x000001886d35a260,
0x000001886d359540, 0x000001886d3560c0, 0x000001886d35d6e0, 0x000001886d35dd70,
0x000001886d35fe40, 0x000001886d35f7b0, 0x000001886d35e400, 0x000001886d35ea90,
0x000001886d358eb0, 0x000001886d360b60, 0x000001886d3611f0, 0x000001886d361880,
0x000001886d35a8f0, 0x000001886d361f10, 0x000001886d35af80, 0x000001886d3625a0,
0x000001886d362c30, 0x000001886d3632c0, 0x000001886e4bdb00, 0x000001886e4be820,
0x000001886e4be190, 0x000001886e4bfbd0, 0x000001886e4c0260, 0x000001886e4bcde0,
0x000001886e4bc0c0, 0x000001886e4bc750, 0x000001886e4c0f80, 0x000001886e4bad10,
0x000001886e4b9ff0, 0x000001886e4bb3a0, 0x000001886e4beeb0, 0x000001886e4bf540,
0x000001886e4c1610, 0x000001886e4ba680, 0x000001886e4bd470, 0x000001886e64ee00,
0x000001886e64da50, 0x000001886e651560, 0x000001886e64e0e0, 0x000001886e64e770,
0x000001886e6501b0, 0x000001886e650840, 0x000001886e64f490, 0x000001886e64c010,
0x000001886e652280, 0x000001886e650ed0, 0x000001886e64fb20, 0x000001886e651bf0,
0x000001886e652910, 0x000001886e653630, 0x000001886e652fa0, 0x000001886e367060,
0x000001886e36a4e0, 0x000001886e36c5b0, 0x000001886e36cc40
}

Java Threads: ( => current thread )
  0x0000018845a41370 JavaThread "main"                              [_thread_blocked, id=17356, stack(0x0000000a6fa00000,0x0000000a6fb00000) (1024K)]
  0x000001885e2fb5b0 JavaThread "Common-Cleaner"             daemon [_thread_blocked, id=12936, stack(0x0000000a70200000,0x0000000a70300000) (1024K)]
  0x000001885e31e010 JavaThread "Reference Handler"          daemon [_thread_blocked, id=12972, stack(0x0000000a70300000,0x0000000a70400000) (1024K)]
  0x000001885e31ecf0 JavaThread "Finalizer"                  daemon [_thread_blocked, id=21624, stack(0x0000000a70400000,0x0000000a70500000) (1024K)]
  0x000001885e334c20 JavaThread "Signal Dispatcher"          daemon [_thread_blocked, id=6064, stack(0x0000000a70500000,0x0000000a70600000) (1024K)]
  0x000001885e335680 JavaThread "Attach Listener"            daemon [_thread_blocked, id=23076, stack(0x0000000a70600000,0x0000000a70700000) (1024K)]
  0x000001885e336700 JavaThread "Service Thread"             daemon [_thread_blocked, id=6184, stack(0x0000000a70700000,0x0000000a70800000) (1024K)]
  0x000001885e33a010 JavaThread "Monitor Deflation Thread"   daemon [_thread_blocked, id=11660, stack(0x0000000a70800000,0x0000000a70900000) (1024K)]
=>0x000001885e3434d0 JavaThread "C2 CompilerThread0"         daemon [_thread_in_native, id=13448, stack(0x0000000a70900000,0x0000000a70a00000) (1024K)]
  0x000001885e363f80 JavaThread "C1 CompilerThread0"         daemon [_thread_blocked, id=22052, stack(0x0000000a70a00000,0x0000000a70b00000) (1024K)]
  0x000001885e3392f0 JavaThread "Notification Thread"        daemon [_thread_blocked, id=9124, stack(0x0000000a70b00000,0x0000000a70c00000) (1024K)]
  0x000001885e339980 JavaThread "Daemon health stats"               [_thread_blocked, id=17648, stack(0x0000000a71400000,0x0000000a71500000) (1024K)]
  0x000001885e33a6a0 JavaThread "Incoming local TCP Connector on port 64657"        [_thread_in_native, id=13132, stack(0x0000000a71500000,0x0000000a71600000) (1024K)]
  0x000001885e33ad30 JavaThread "Daemon periodic checks"            [_thread_blocked, id=11856, stack(0x0000000a71600000,0x0000000a71700000) (1024K)]
  0x00000188641c9cd0 JavaThread "Cache worker for journal cache (C:\Users\Administrator\.gradle\caches\journal-1)"        [_thread_blocked, id=23728, stack(0x0000000a72100000,0x0000000a72200000) (1024K)]
  0x00000188641ca9f0 JavaThread "File lock request listener"        [_thread_in_native, id=18080, stack(0x0000000a72200000,0x0000000a72300000) (1024K)]
  0x00000188641cb080 JavaThread "Cache worker for file hash cache (C:\Users\Administrator\.gradle\caches\8.13\fileHashes)"        [_thread_blocked, id=4020, stack(0x0000000a72300000,0x0000000a72400000) (1024K)]
  0x0000018866045aa0 JavaThread "File watcher server"        daemon [_thread_in_native, id=9612, stack(0x0000000a72600000,0x0000000a72700000) (1024K)]
  0x00000188660495b0 JavaThread "File watcher consumer"      daemon [_thread_blocked, id=23912, stack(0x0000000a72700000,0x0000000a72800000) (1024K)]
  0x00000188660467c0 JavaThread "jar transforms"                    [_thread_blocked, id=14472, stack(0x0000000a72800000,0x0000000a72900000) (1024K)]
  0x0000018866048890 JavaThread "jar transforms Thread 2"           [_thread_blocked, id=21148, stack(0x0000000a72900000,0x0000000a72a00000) (1024K)]
  0x0000018866048f20 JavaThread "Cache worker for file content cache (C:\Users\Administrator\.gradle\caches\8.13\fileContent)"        [_thread_blocked, id=16164, stack(0x0000000a72b00000,0x0000000a72c00000) (1024K)]
  0x0000018866048200 JavaThread "jar transforms Thread 3"           [_thread_blocked, id=17100, stack(0x0000000a72c00000,0x0000000a72d00000) (1024K)]
  0x0000018866597b90 JavaThread "jar transforms Thread 4"           [_thread_blocked, id=16368, stack(0x0000000a73900000,0x0000000a73a00000) (1024K)]
  0x0000018866598f40 JavaThread "jar transforms Thread 5"           [_thread_blocked, id=19816, stack(0x0000000a73a00000,0x0000000a73b00000) (1024K)]
  0x0000018865d50940 JavaThread "jar transforms Thread 6"           [_thread_blocked, id=18260, stack(0x0000000a74000000,0x0000000a74100000) (1024K)]
  0x0000018865d4d4c0 JavaThread "jar transforms Thread 7"           [_thread_blocked, id=15940, stack(0x0000000a74100000,0x0000000a74200000) (1024K)]
  0x0000018865d4e1e0 JavaThread "jar transforms Thread 8"           [_thread_blocked, id=17560, stack(0x0000000a74200000,0x0000000a74300000) (1024K)]
  0x00000188672d53f0 JavaThread "Memory manager"                    [_thread_blocked, id=8204, stack(0x0000000a77000000,0x0000000a77100000) (1024K)]
  0x000001886d354d10 JavaThread "RMI Scheduler(0)"           daemon [_thread_blocked, id=6820, stack(0x0000000a7bd00000,0x0000000a7be00000) (1024K)]
  0x000001886d358190 JavaThread "RMI GC Daemon"              daemon [_thread_blocked, id=22064, stack(0x0000000a7bf00000,0x0000000a7c000000) (1024K)]
  0x000001886d356750 JavaThread "RMI TCP Accept-0"           daemon [_thread_in_native, id=15076, stack(0x0000000a7c000000,0x0000000a7c100000) (1024K)]
  0x000001886d358820 JavaThread "RMI Reaper"                        [_thread_blocked, id=16768, stack(0x0000000a7c100000,0x0000000a7c200000) (1024K)]
  0x000001886d354680 JavaThread "Cache worker for Java compile cache (C:\Users\Administrator\.gradle\caches\8.13\javaCompile)"        [_thread_blocked, id=22428, stack(0x0000000a7c700000,0x0000000a7c800000) (1024K)]
  0x000001886e64cd30 JavaThread "Daemon Thread 2"                   [_thread_blocked, id=13216, stack(0x0000000a6f700000,0x0000000a6f800000) (1024K)]
  0x000001886e64d3c0 JavaThread "Handler for socket connection from /127.0.0.1:64657 to /127.0.0.1:59540"        [_thread_in_native, id=9164, stack(0x0000000a6f800000,0x0000000a6f900000) (1024K)]
  0x00000188656fb2a0 JavaThread "Cancel handler"                    [_thread_blocked, id=15000, stack(0x0000000a6f900000,0x0000000a6fa00000) (1024K)]
  0x00000188656fda00 JavaThread "Daemon worker Thread 2"            [_thread_in_Java, id=19196, stack(0x0000000a71700000,0x0000000a71800000) (1024K)]
  0x00000188656fedb0 JavaThread "Asynchronous log dispatcher for DefaultDaemonConnection: socket connection from /127.0.0.1:64657 to /127.0.0.1:59540"        [_thread_blocked, id=11128, stack(0x0000000a71800000,0x0000000a71900000) (1024K)]
  0x00000188656fac10 JavaThread "Stdin handler"                     [_thread_blocked, id=11216, stack(0x0000000a71900000,0x0000000a71a00000) (1024K)]
  0x00000188656fbfc0 JavaThread "Daemon client event forwarder"        [_thread_blocked, id=9184, stack(0x0000000a71a00000,0x0000000a71b00000) (1024K)]
  0x00000188656f91d0 JavaThread "Cache worker for file hash cache (E:\ClickAssist\.gradle\8.13\fileHashes)"        [_thread_blocked, id=2472, stack(0x0000000a71b00000,0x0000000a71c00000) (1024K)]
  0x00000188657007f0 JavaThread "Cache worker for Build Output Cleanup Cache (E:\ClickAssist\.gradle\buildOutputCleanup)"        [_thread_blocked, id=23560, stack(0x0000000a71c00000,0x0000000a71d00000) (1024K)]
  0x00000188656fc650 JavaThread "Cache worker for checksums cache (E:\ClickAssist\.gradle\8.13\checksums)"        [_thread_blocked, id=6880, stack(0x0000000a71d00000,0x0000000a71e00000) (1024K)]
  0x00000188656ff440 JavaThread "Cache worker for cache directory md-supplier (C:\Users\Administrator\.gradle\caches\8.13\md-supplier)"        [_thread_blocked, id=17064, stack(0x0000000a72400000,0x0000000a72500000) (1024K)]
  0x00000188656fcce0 JavaThread "Cache worker for cache directory md-rule (C:\Users\Administrator\.gradle\caches\8.13\md-rule)"        [_thread_blocked, id=13772, stack(0x0000000a72500000,0x0000000a72600000) (1024K)]
  0x00000188656fd370 JavaThread "Unconstrained build operations"        [_thread_blocked, id=16008, stack(0x0000000a72a00000,0x0000000a72b00000) (1024K)]
  0x0000018865700e80 JavaThread "Unconstrained build operations Thread 2"        [_thread_blocked, id=23532, stack(0x0000000a72d00000,0x0000000a72e00000) (1024K)]
  0x00000188656f9ef0 JavaThread "Unconstrained build operations Thread 3"        [_thread_blocked, id=1148, stack(0x0000000a72e00000,0x0000000a72f00000) (1024K)]
  0x0000018865701510 JavaThread "Unconstrained build operations Thread 4"        [_thread_blocked, id=4080, stack(0x0000000a72f00000,0x0000000a73000000) (1024K)]
  0x00000188656fa580 JavaThread "Unconstrained build operations Thread 5"        [_thread_blocked, id=1964, stack(0x0000000a73000000,0x0000000a73100000) (1024K)]
  0x0000018865705d40 JavaThread "Unconstrained build operations Thread 6"        [_thread_blocked, id=3252, stack(0x0000000a73100000,0x0000000a73200000) (1024K)]
  0x00000188657063d0 JavaThread "Unconstrained build operations Thread 7"        [_thread_blocked, id=6776, stack(0x0000000a73200000,0x0000000a73300000) (1024K)]
  0x0000018865706a60 JavaThread "Unconstrained build operations Thread 8"        [_thread_blocked, id=9208, stack(0x0000000a73300000,0x0000000a73400000) (1024K)]
  0x00000188657070f0 JavaThread "Unconstrained build operations Thread 9"        [_thread_blocked, id=20832, stack(0x0000000a73400000,0x0000000a73500000) (1024K)]
  0x0000018865702f50 JavaThread "Unconstrained build operations Thread 10"        [_thread_blocked, id=12104, stack(0x0000000a73500000,0x0000000a73600000) (1024K)]
  0x0000018865702230 JavaThread "Unconstrained build operations Thread 11"        [_thread_blocked, id=21736, stack(0x0000000a73600000,0x0000000a73700000) (1024K)]
  0x00000188657035e0 JavaThread "Unconstrained build operations Thread 12"        [_thread_blocked, id=10424, stack(0x0000000a73700000,0x0000000a73800000) (1024K)]
  0x0000018865707e10 JavaThread "Unconstrained build operations Thread 13"        [_thread_blocked, id=11896, stack(0x0000000a73800000,0x0000000a73900000) (1024K)]
  0x0000018865704990 JavaThread "Unconstrained build operations Thread 14"        [_thread_blocked, id=23356, stack(0x0000000a73b00000,0x0000000a73c00000) (1024K)]
  0x0000018865707780 JavaThread "Unconstrained build operations Thread 15"        [_thread_blocked, id=7652, stack(0x0000000a73c00000,0x0000000a73d00000) (1024K)]
  0x00000188657028c0 JavaThread "Unconstrained build operations Thread 16"        [_thread_blocked, id=3996, stack(0x0000000a73d00000,0x0000000a73e00000) (1024K)]
  0x0000018865704300 JavaThread "Unconstrained build operations Thread 17"        [_thread_blocked, id=272, stack(0x0000000a73e00000,0x0000000a73f00000) (1024K)]
  0x00000188657084a0 JavaThread "Unconstrained build operations Thread 18"        [_thread_blocked, id=6260, stack(0x0000000a73f00000,0x0000000a74000000) (1024K)]
  0x0000018865703c70 JavaThread "Unconstrained build operations Thread 19"        [_thread_blocked, id=8736, stack(0x0000000a74300000,0x0000000a74400000) (1024K)]
  0x00000188657056b0 JavaThread "Unconstrained build operations Thread 20"        [_thread_blocked, id=20844, stack(0x0000000a74400000,0x0000000a74500000) (1024K)]
  0x000001886edee1a0 JavaThread "Unconstrained build operations Thread 21"        [_thread_blocked, id=1764, stack(0x0000000a74500000,0x0000000a74600000) (1024K)]
  0x000001886edf0900 JavaThread "Unconstrained build operations Thread 22"        [_thread_blocked, id=11324, stack(0x0000000a74600000,0x0000000a74700000) (1024K)]
  0x000001886edeba40 JavaThread "Unconstrained build operations Thread 23"        [_thread_blocked, id=2704, stack(0x0000000a74700000,0x0000000a74800000) (1024K)]
  0x000001886edefbe0 JavaThread "Unconstrained build operations Thread 24"        [_thread_blocked, id=18660, stack(0x0000000a74800000,0x0000000a74900000) (1024K)]
  0x000001886edecdf0 JavaThread "Unconstrained build operations Thread 25"        [_thread_blocked, id=14680, stack(0x0000000a74900000,0x0000000a74a00000) (1024K)]
  0x000001886edec760 JavaThread "Unconstrained build operations Thread 26"        [_thread_blocked, id=22448, stack(0x0000000a74a00000,0x0000000a74b00000) (1024K)]
  0x000001886edf0f90 JavaThread "Unconstrained build operations Thread 27"        [_thread_blocked, id=12316, stack(0x0000000a74b00000,0x0000000a74c00000) (1024K)]
  0x000001886eded480 JavaThread "Unconstrained build operations Thread 28"        [_thread_blocked, id=14972, stack(0x0000000a74c00000,0x0000000a74d00000) (1024K)]
  0x000001886edf0270 JavaThread "Unconstrained build operations Thread 29"        [_thread_blocked, id=9604, stack(0x0000000a74d00000,0x0000000a74e00000) (1024K)]
  0x000001886edea690 JavaThread "Unconstrained build operations Thread 30"        [_thread_blocked, id=1936, stack(0x0000000a74e00000,0x0000000a74f00000) (1024K)]
  0x000001886edf3060 JavaThread "Unconstrained build operations Thread 31"        [_thread_blocked, id=4128, stack(0x0000000a74f00000,0x0000000a75000000) (1024K)]
  0x000001886edf1cb0 JavaThread "Unconstrained build operations Thread 32"        [_thread_blocked, id=8628, stack(0x0000000a75000000,0x0000000a75100000) (1024K)]
  0x000001886edf36f0 JavaThread "Unconstrained build operations Thread 33"        [_thread_blocked, id=6888, stack(0x0000000a75100000,0x0000000a75200000) (1024K)]
  0x000001886edf3d80 JavaThread "Unconstrained build operations Thread 34"        [_thread_blocked, id=14984, stack(0x0000000a75200000,0x0000000a75300000) (1024K)]
  0x000001886edf4410 JavaThread "Unconstrained build operations Thread 35"        [_thread_blocked, id=20148, stack(0x0000000a75300000,0x0000000a75400000) (1024K)]
  0x000001886edf4aa0 JavaThread "Unconstrained build operations Thread 36"        [_thread_blocked, id=13168, stack(0x0000000a75400000,0x0000000a75500000) (1024K)]
  0x000001886ededb10 JavaThread "Unconstrained build operations Thread 37"        [_thread_blocked, id=21548, stack(0x0000000a75500000,0x0000000a75600000) (1024K)]
  0x000001886edf5130 JavaThread "Unconstrained build operations Thread 38"        [_thread_blocked, id=21948, stack(0x0000000a75600000,0x0000000a75700000) (1024K)]
  0x000001886edf57c0 JavaThread "Unconstrained build operations Thread 39"        [_thread_blocked, id=9408, stack(0x0000000a75700000,0x0000000a75800000) (1024K)]
  0x000001886edf8c40 JavaThread "Unconstrained build operations Thread 40"        [_thread_blocked, id=20856, stack(0x0000000a75800000,0x0000000a75900000) (1024K)]
  0x000001886edf7f20 JavaThread "included builds"                   [_thread_blocked, id=21808, stack(0x0000000a75b00000,0x0000000a75c00000) (1024K)]
  0x000001886edf85b0 JavaThread "Execution worker"                  [_thread_blocked, id=21152, stack(0x0000000a75c00000,0x0000000a75d00000) (1024K)]
  0x000001886edf92d0 JavaThread "Execution worker Thread 2"         [_thread_blocked, id=13124, stack(0x0000000a75d00000,0x0000000a75e00000) (1024K)]
  0x000001886edf9960 JavaThread "Execution worker Thread 3"         [_thread_blocked, id=23992, stack(0x0000000a75e00000,0x0000000a75f00000) (1024K)]
  0x000001886d35c330 JavaThread "Execution worker Thread 4"         [_thread_blocked, id=13676, stack(0x0000000a75f00000,0x0000000a76000000) (1024K)]
  0x000001886d357470 JavaThread "Execution worker Thread 5"         [_thread_blocked, id=23160, stack(0x0000000a76000000,0x0000000a76100000) (1024K)]
  0x000001886d3553a0 JavaThread "Execution worker Thread 6"         [_thread_blocked, id=7484, stack(0x0000000a76100000,0x0000000a76200000) (1024K)]
  0x000001886d35d050 JavaThread "Execution worker Thread 7"         [_thread_blocked, id=15608, stack(0x0000000a76200000,0x0000000a76300000) (1024K)]
  0x000001886d35c9c0 JavaThread "Execution worker Thread 8"         [_thread_blocked, id=21440, stack(0x0000000a76300000,0x0000000a76400000) (1024K)]
  0x000001886d35a260 JavaThread "Execution worker Thread 9"         [_thread_blocked, id=21784, stack(0x0000000a76400000,0x0000000a76500000) (1024K)]
  0x000001886d359540 JavaThread "Execution worker Thread 10"        [_thread_blocked, id=16120, stack(0x0000000a76500000,0x0000000a76600000) (1024K)]
  0x000001886d3560c0 JavaThread "Execution worker Thread 11"        [_thread_blocked, id=17992, stack(0x0000000a76600000,0x0000000a76700000) (1024K)]
  0x000001886d35d6e0 JavaThread "Cache worker for execution history cache (E:\ClickAssist\.gradle\8.13\executionHistory)"        [_thread_blocked, id=11732, stack(0x0000000a76700000,0x0000000a76800000) (1024K)]
  0x000001886d35dd70 JavaThread "Unconstrained build operations Thread 41"        [_thread_blocked, id=11032, stack(0x0000000a76800000,0x0000000a76900000) (1024K)]
  0x000001886d35fe40 JavaThread "Unconstrained build operations Thread 42"        [_thread_blocked, id=16416, stack(0x0000000a76900000,0x0000000a76a00000) (1024K)]
  0x000001886d35f7b0 JavaThread "Unconstrained build operations Thread 43"        [_thread_blocked, id=24488, stack(0x0000000a76a00000,0x0000000a76b00000) (1024K)]
  0x000001886d35e400 JavaThread "Unconstrained build operations Thread 44"        [_thread_blocked, id=9228, stack(0x0000000a76b00000,0x0000000a76c00000) (1024K)]
  0x000001886d35ea90 JavaThread "Unconstrained build operations Thread 45"        [_thread_blocked, id=11888, stack(0x0000000a76c00000,0x0000000a76d00000) (1024K)]
  0x000001886d358eb0 JavaThread "Unconstrained build operations Thread 46"        [_thread_blocked, id=11972, stack(0x0000000a76d00000,0x0000000a76e00000) (1024K)]
  0x000001886d360b60 JavaThread "Unconstrained build operations Thread 47"        [_thread_blocked, id=19252, stack(0x0000000a76e00000,0x0000000a76f00000) (1024K)]
  0x000001886d3611f0 JavaThread "Unconstrained build operations Thread 48"        [_thread_blocked, id=21272, stack(0x0000000a76f00000,0x0000000a77000000) (1024K)]
  0x000001886d361880 JavaThread "Unconstrained build operations Thread 49"        [_thread_blocked, id=23388, stack(0x0000000a77100000,0x0000000a77200000) (1024K)]
  0x000001886d35a8f0 JavaThread "Unconstrained build operations Thread 50"        [_thread_blocked, id=17708, stack(0x0000000a77200000,0x0000000a77300000) (1024K)]
  0x000001886d361f10 JavaThread "Unconstrained build operations Thread 51"        [_thread_blocked, id=19088, stack(0x0000000a77300000,0x0000000a77400000) (1024K)]
  0x000001886d35af80 JavaThread "Unconstrained build operations Thread 52"        [_thread_blocked, id=22644, stack(0x0000000a77400000,0x0000000a77500000) (1024K)]
  0x000001886d3625a0 JavaThread "Unconstrained build operations Thread 53"        [_thread_blocked, id=1060, stack(0x0000000a77500000,0x0000000a77600000) (1024K)]
  0x000001886d362c30 JavaThread "Unconstrained build operations Thread 54"        [_thread_blocked, id=22084, stack(0x0000000a77600000,0x0000000a77700000) (1024K)]
  0x000001886d3632c0 JavaThread "Unconstrained build operations Thread 55"        [_thread_blocked, id=7444, stack(0x0000000a77700000,0x0000000a77800000) (1024K)]
  0x000001886e4bdb00 JavaThread "Unconstrained build operations Thread 56"        [_thread_blocked, id=8856, stack(0x0000000a77800000,0x0000000a77900000) (1024K)]
  0x000001886e4be820 JavaThread "Unconstrained build operations Thread 57"        [_thread_blocked, id=17700, stack(0x0000000a77900000,0x0000000a77a00000) (1024K)]
  0x000001886e4be190 JavaThread "Unconstrained build operations Thread 58"        [_thread_blocked, id=2408, stack(0x0000000a77a00000,0x0000000a77b00000) (1024K)]
  0x000001886e4bfbd0 JavaThread "Unconstrained build operations Thread 59"        [_thread_blocked, id=9144, stack(0x0000000a77b00000,0x0000000a77c00000) (1024K)]
  0x000001886e4c0260 JavaThread "Unconstrained build operations Thread 60"        [_thread_blocked, id=3024, stack(0x0000000a77c00000,0x0000000a77d00000) (1024K)]
  0x000001886e4bcde0 JavaThread "Unconstrained build operations Thread 61"        [_thread_blocked, id=16836, stack(0x0000000a77d00000,0x0000000a77e00000) (1024K)]
  0x000001886e4bc0c0 JavaThread "Unconstrained build operations Thread 62"        [_thread_blocked, id=15868, stack(0x0000000a77e00000,0x0000000a77f00000) (1024K)]
  0x000001886e4bc750 JavaThread "Unconstrained build operations Thread 63"        [_thread_blocked, id=7588, stack(0x0000000a77f00000,0x0000000a78000000) (1024K)]
  0x000001886e4c0f80 JavaThread "Unconstrained build operations Thread 64"        [_thread_blocked, id=22256, stack(0x0000000a78000000,0x0000000a78100000) (1024K)]
  0x000001886e4bad10 JavaThread "Unconstrained build operations Thread 65"        [_thread_blocked, id=10940, stack(0x0000000a78100000,0x0000000a78200000) (1024K)]
  0x000001886e4b9ff0 JavaThread "Unconstrained build operations Thread 66"        [_thread_blocked, id=21740, stack(0x0000000a78200000,0x0000000a78300000) (1024K)]
  0x000001886e4bb3a0 JavaThread "Unconstrained build operations Thread 67"        [_thread_blocked, id=23752, stack(0x0000000a78300000,0x0000000a78400000) (1024K)]
  0x000001886e4beeb0 JavaThread "Unconstrained build operations Thread 68"        [_thread_blocked, id=14228, stack(0x0000000a78400000,0x0000000a78500000) (1024K)]
  0x000001886e4bf540 JavaThread "Unconstrained build operations Thread 69"        [_thread_blocked, id=17068, stack(0x0000000a78500000,0x0000000a78600000) (1024K)]
  0x000001886e4c1610 JavaThread "Unconstrained build operations Thread 70"        [_thread_blocked, id=15800, stack(0x0000000a78600000,0x0000000a78700000) (1024K)]
  0x000001886e4ba680 JavaThread "Unconstrained build operations Thread 71"        [_thread_blocked, id=18076, stack(0x0000000a78700000,0x0000000a78800000) (1024K)]
  0x000001886e4bd470 JavaThread "Unconstrained build operations Thread 72"        [_thread_blocked, id=16924, stack(0x0000000a78800000,0x0000000a78900000) (1024K)]
  0x000001886e64ee00 JavaThread "Unconstrained build operations Thread 73"        [_thread_blocked, id=3328, stack(0x0000000a78900000,0x0000000a78a00000) (1024K)]
  0x000001886e64da50 JavaThread "Unconstrained build operations Thread 74"        [_thread_blocked, id=14440, stack(0x0000000a78a00000,0x0000000a78b00000) (1024K)]
  0x000001886e651560 JavaThread "Unconstrained build operations Thread 75"        [_thread_blocked, id=15460, stack(0x0000000a78b00000,0x0000000a78c00000) (1024K)]
  0x000001886e64e0e0 JavaThread "Unconstrained build operations Thread 76"        [_thread_blocked, id=8448, stack(0x0000000a78c00000,0x0000000a78d00000) (1024K)]
  0x000001886e64e770 JavaThread "Unconstrained build operations Thread 77"        [_thread_blocked, id=14960, stack(0x0000000a78d00000,0x0000000a78e00000) (1024K)]
  0x000001886e6501b0 JavaThread "Unconstrained build operations Thread 78"        [_thread_blocked, id=12312, stack(0x0000000a78e00000,0x0000000a78f00000) (1024K)]
  0x000001886e650840 JavaThread "Unconstrained build operations Thread 79"        [_thread_blocked, id=23952, stack(0x0000000a78f00000,0x0000000a79000000) (1024K)]
  0x000001886e64f490 JavaThread "Unconstrained build operations Thread 80"        [_thread_blocked, id=12436, stack(0x0000000a79000000,0x0000000a79100000) (1024K)]
  0x000001886e64c010 JavaThread "Unconstrained build operations Thread 81"        [_thread_blocked, id=1584, stack(0x0000000a79100000,0x0000000a79200000) (1024K)]
  0x000001886e652280 JavaThread "Unconstrained build operations Thread 82"        [_thread_blocked, id=10148, stack(0x0000000a79200000,0x0000000a79300000) (1024K)]
  0x000001886e650ed0 JavaThread "Unconstrained build operations Thread 83"        [_thread_blocked, id=11336, stack(0x0000000a79300000,0x0000000a79400000) (1024K)]
  0x000001886e64fb20 JavaThread "Unconstrained build operations Thread 84"        [_thread_blocked, id=8116, stack(0x0000000a79400000,0x0000000a79500000) (1024K)]
  0x000001886e651bf0 JavaThread "Unconstrained build operations Thread 85"        [_thread_blocked, id=23520, stack(0x0000000a79500000,0x0000000a79600000) (1024K)]
  0x000001886e652910 JavaThread "Unconstrained build operations Thread 86"        [_thread_blocked, id=6872, stack(0x0000000a79600000,0x0000000a79700000) (1024K)]
  0x000001886e653630 JavaThread "Unconstrained build operations Thread 87"        [_thread_blocked, id=21536, stack(0x0000000a79700000,0x0000000a79800000) (1024K)]
  0x000001886e652fa0 JavaThread "Unconstrained build operations Thread 88"        [_thread_blocked, id=15592, stack(0x0000000a79800000,0x0000000a79900000) (1024K)]
  0x000001886e367060 JavaThread "Unconstrained build operations Thread 89"        [_thread_blocked, id=20660, stack(0x0000000a79900000,0x0000000a79a00000) (1024K)]
  0x000001886e36a4e0 JavaThread "Unconstrained build operations Thread 90"        [_thread_blocked, id=3984, stack(0x0000000a79a00000,0x0000000a79b00000) (1024K)]
  0x000001886e36c5b0 JavaThread "Unconstrained build operations Thread 91"        [_thread_blocked, id=15384, stack(0x0000000a79b00000,0x0000000a79c00000) (1024K)]
  0x000001886e36cc40 JavaThread "Unconstrained build operations Thread 92"        [_thread_blocked, id=17236, stack(0x0000000a79c00000,0x0000000a79d00000) (1024K)]
Total: 151

Other Threads:
  0x0000018843f5c050 VMThread "VM Thread"                           [id=13952, stack(0x0000000a70100000,0x0000000a70200000) (1024K)]
  0x000001885da5abf0 WatcherThread "VM Periodic Task Thread"        [id=6744, stack(0x0000000a70000000,0x0000000a70100000) (1024K)]
  0x0000018843f5d610 WorkerThread "GC Thread#0"                     [id=15292, stack(0x0000000a6fb00000,0x0000000a6fc00000) (1024K)]
  0x0000018843f5cb30 WorkerThread "GC Thread#1"                     [id=8740, stack(0x0000000a70c00000,0x0000000a70d00000) (1024K)]
  0x0000018843f5c790 WorkerThread "GC Thread#2"                     [id=21816, stack(0x0000000a70d00000,0x0000000a70e00000) (1024K)]
  0x0000018843f5ced0 WorkerThread "GC Thread#3"                     [id=19180, stack(0x0000000a70e00000,0x0000000a70f00000) (1024K)]
  0x00000188635ae020 WorkerThread "GC Thread#4"                     [id=23148, stack(0x0000000a70f00000,0x0000000a71000000) (1024K)]
  0x00000188635b0ba0 WorkerThread "GC Thread#5"                     [id=16640, stack(0x0000000a71000000,0x0000000a71100000) (1024K)]
  0x00000188635af5e0 WorkerThread "GC Thread#6"                     [id=16944, stack(0x0000000a71100000,0x0000000a71200000) (1024K)]
  0x00000188635aeb00 WorkerThread "GC Thread#7"                     [id=11088, stack(0x0000000a71200000,0x0000000a71300000) (1024K)]
  0x00000188635b00c0 WorkerThread "GC Thread#8"                     [id=22220, stack(0x0000000a71300000,0x0000000a71400000) (1024K)]
  0x00000188635b0f40 WorkerThread "GC Thread#9"                     [id=23652, stack(0x0000000a71e00000,0x0000000a71f00000) (1024K)]
  0x0000018845aad450 ConcurrentGCThread "G1 Main Marker"            [id=5648, stack(0x0000000a6fc00000,0x0000000a6fd00000) (1024K)]
  0x0000018843f5bcb0 WorkerThread "G1 Conc#0"                       [id=11912, stack(0x0000000a6fd00000,0x0000000a6fe00000) (1024K)]
  0x00000188635afd20 WorkerThread "G1 Conc#1"                       [id=22224, stack(0x0000000a71f00000,0x0000000a72000000) (1024K)]
  0x00000188635b12e0 WorkerThread "G1 Conc#2"                       [id=2932, stack(0x0000000a72000000,0x0000000a72100000) (1024K)]
  0x000001885d92a480 ConcurrentGCThread "G1 Refine#0"               [id=14008, stack(0x0000000a6fe00000,0x0000000a6ff00000) (1024K)]
  0x000001885d92af00 ConcurrentGCThread "G1 Service"                [id=24060, stack(0x0000000a6ff00000,0x0000000a70000000) (1024K)]
Total: 18

Threads with active compile tasks:
C2 CompilerThread0  2662393 27564       4       org.gradle.api.internal.artifacts.transform.AbstractTransformedArtifactSet::visit (104 bytes)
Total: 1

VM state: not at safepoint (normal execution)

VM Mutex/Monitor currently owned by a thread: None

Heap address: 0x0000000080000000, size: 2048 MB, Compressed Oops mode: 32-bit

CDS archive(s) not mapped
Compressed class space mapped at: 0x0000000100000000-0x0000000140000000, reserved size: 1073741824
Narrow klass base: 0x0000000000000000, Narrow klass shift: 3, Narrow klass range: 0x140000000

GC Precious Log:
 CardTable entry size: 512
 Card Set container configuration: InlinePtr #cards 5 size 8 Array Of Cards #cards 12 size 40 Howl #buckets 4 coarsen threshold 1843 Howl Bitmap #cards 512 size 80 coarsen threshold 460 Card regions per heap region 1 cards per card region 2048
 CPUs: 12 total, 12 available
 Memory: 8028M
 Large Page Support: Disabled
 NUMA Support: Disabled
 Compressed Oops: Enabled (32-bit)
 Heap Region Size: 1M
 Heap Min Capacity: 8M
 Heap Initial Capacity: 126M
 Heap Max Capacity: 2G
 Pre-touch: Disabled
 Parallel Workers: 10
 Concurrent Workers: 3
 Concurrent Refinement Workers: 10
 Periodic GC: Disabled

Heap:
 garbage-first heap   total 432128K, used 310003K [0x0000000080000000, 0x0000000100000000)
  region size 1024K, 125 young (128000K), 6 survivors (6144K)
 Metaspace       used 169471K, committed 172032K, reserved 1245184K
  class space    used 24211K, committed 25472K, reserved 1048576K

Heap Regions: E=young(eden), S=young(survivor), O=old, HS=humongous(starts), HC=humongous(continues), CS=collection set, F=free, TAMS=top-at-mark-start, PB=parsable bottom
|   0|0x0000000080000000, 0x0000000080100000, 0x0000000080100000|100%|HS|  |TAMS 0x0000000080000000| PB 0x0000000080000000| Complete 
|   1|0x0000000080100000, 0x0000000080200000, 0x0000000080200000|100%|HC|  |TAMS 0x0000000080100000| PB 0x0000000080100000| Complete 
|   2|0x0000000080200000, 0x0000000080300000, 0x0000000080300000|100%|HC|  |TAMS 0x0000000080200000| PB 0x0000000080200000| Complete 
|   3|0x0000000080300000, 0x0000000080400000, 0x0000000080400000|100%| O|  |TAMS 0x0000000080300000| PB 0x0000000080300000| Untracked 
|   4|0x0000000080400000, 0x0000000080500000, 0x0000000080500000|100%| O|  |TAMS 0x0000000080400000| PB 0x0000000080400000| Untracked 
|   5|0x0000000080500000, 0x0000000080600000, 0x0000000080600000|100%| O|  |TAMS 0x0000000080500000| PB 0x0000000080500000| Untracked 
|   6|0x0000000080600000, 0x0000000080700000, 0x0000000080700000|100%|HS|  |TAMS 0x0000000080600000| PB 0x0000000080600000| Complete 
|   7|0x0000000080700000, 0x0000000080800000, 0x0000000080800000|100%| O|  |TAMS 0x0000000080700000| PB 0x0000000080700000| Untracked 
|   8|0x0000000080800000, 0x0000000080900000, 0x0000000080900000|100%| O|  |TAMS 0x0000000080800000| PB 0x0000000080800000| Untracked 
|   9|0x0000000080900000, 0x0000000080a00000, 0x0000000080a00000|100%| O|  |TAMS 0x0000000080900000| PB 0x0000000080900000| Untracked 
|  10|0x0000000080a00000, 0x0000000080b00000, 0x0000000080b00000|100%| O|  |TAMS 0x0000000080a00000| PB 0x0000000080a00000| Untracked 
|  11|0x0000000080b00000, 0x0000000080c00000, 0x0000000080c00000|100%| O|  |TAMS 0x0000000080b00000| PB 0x0000000080b00000| Untracked 
|  12|0x0000000080c00000, 0x0000000080d00000, 0x0000000080d00000|100%| O|  |TAMS 0x0000000080c00000| PB 0x0000000080c00000| Untracked 
|  13|0x0000000080d00000, 0x0000000080e00000, 0x0000000080e00000|100%| O|  |TAMS 0x0000000080d00000| PB 0x0000000080d00000| Untracked 
|  14|0x0000000080e00000, 0x0000000080f00000, 0x0000000080f00000|100%| O|  |TAMS 0x0000000080e00000| PB 0x0000000080e00000| Untracked 
|  15|0x0000000080f00000, 0x0000000081000000, 0x0000000081000000|100%| O|  |TAMS 0x0000000080f00000| PB 0x0000000080f00000| Untracked 
|  16|0x0000000081000000, 0x0000000081100000, 0x0000000081100000|100%| O|  |TAMS 0x0000000081000000| PB 0x0000000081000000| Untracked 
|  17|0x0000000081100000, 0x0000000081200000, 0x0000000081200000|100%| O|  |TAMS 0x0000000081100000| PB 0x0000000081100000| Untracked 
|  18|0x0000000081200000, 0x0000000081300000, 0x0000000081300000|100%| O|  |TAMS 0x0000000081200000| PB 0x0000000081200000| Untracked 
|  19|0x0000000081300000, 0x0000000081400000, 0x0000000081400000|100%| O|  |TAMS 0x0000000081300000| PB 0x0000000081300000| Untracked 
|  20|0x0000000081400000, 0x0000000081500000, 0x0000000081500000|100%| O|  |TAMS 0x0000000081400000| PB 0x0000000081400000| Untracked 
|  21|0x0000000081500000, 0x0000000081600000, 0x0000000081600000|100%| O|  |TAMS 0x0000000081500000| PB 0x0000000081500000| Untracked 
|  22|0x0000000081600000, 0x0000000081700000, 0x0000000081700000|100%| O|  |TAMS 0x0000000081600000| PB 0x0000000081600000| Untracked 
|  23|0x0000000081700000, 0x0000000081800000, 0x0000000081800000|100%| O|  |TAMS 0x0000000081700000| PB 0x0000000081700000| Untracked 
|  24|0x0000000081800000, 0x0000000081900000, 0x0000000081900000|100%| O|  |TAMS 0x0000000081800000| PB 0x0000000081800000| Untracked 
|  25|0x0000000081900000, 0x0000000081a00000, 0x0000000081a00000|100%| O|  |TAMS 0x0000000081900000| PB 0x0000000081900000| Untracked 
|  26|0x0000000081a00000, 0x0000000081b00000, 0x0000000081b00000|100%| O|  |TAMS 0x0000000081a00000| PB 0x0000000081a00000| Untracked 
|  27|0x0000000081b00000, 0x0000000081c00000, 0x0000000081c00000|100%| O|  |TAMS 0x0000000081b00000| PB 0x0000000081b00000| Untracked 
|  28|0x0000000081c00000, 0x0000000081d00000, 0x0000000081d00000|100%|HS|  |TAMS 0x0000000081c00000| PB 0x0000000081c00000| Complete 
|  29|0x0000000081d00000, 0x0000000081e00000, 0x0000000081e00000|100%|HC|  |TAMS 0x0000000081d00000| PB 0x0000000081d00000| Complete 
|  30|0x0000000081e00000, 0x0000000081f00000, 0x0000000081f00000|100%| O|  |TAMS 0x0000000081e00000| PB 0x0000000081e00000| Untracked 
|  31|0x0000000081f00000, 0x0000000082000000, 0x0000000082000000|100%| O|  |TAMS 0x0000000081f00000| PB 0x0000000081f00000| Untracked 
|  32|0x0000000082000000, 0x0000000082100000, 0x0000000082100000|100%| O|  |TAMS 0x0000000082000000| PB 0x0000000082000000| Untracked 
|  33|0x0000000082100000, 0x0000000082200000, 0x0000000082200000|100%| O|  |TAMS 0x0000000082100000| PB 0x0000000082100000| Untracked 
|  34|0x0000000082200000, 0x0000000082300000, 0x0000000082300000|100%| O|  |TAMS 0x0000000082200000| PB 0x0000000082200000| Untracked 
|  35|0x0000000082300000, 0x0000000082400000, 0x0000000082400000|100%| O|  |TAMS 0x0000000082300000| PB 0x0000000082300000| Untracked 
|  36|0x0000000082400000, 0x0000000082500000, 0x0000000082500000|100%| O|  |TAMS 0x0000000082400000| PB 0x0000000082400000| Untracked 
|  37|0x0000000082500000, 0x0000000082600000, 0x0000000082600000|100%| O|  |TAMS 0x0000000082500000| PB 0x0000000082500000| Untracked 
|  38|0x0000000082600000, 0x0000000082700000, 0x0000000082700000|100%| O|  |TAMS 0x0000000082600000| PB 0x0000000082600000| Untracked 
|  39|0x0000000082700000, 0x0000000082800000, 0x0000000082800000|100%| O|  |TAMS 0x0000000082700000| PB 0x0000000082700000| Untracked 
|  40|0x0000000082800000, 0x0000000082900000, 0x0000000082900000|100%| O|  |TAMS 0x0000000082800000| PB 0x0000000082800000| Untracked 
|  41|0x0000000082900000, 0x0000000082a00000, 0x0000000082a00000|100%| O|  |TAMS 0x0000000082900000| PB 0x0000000082900000| Untracked 
|  42|0x0000000082a00000, 0x0000000082b00000, 0x0000000082b00000|100%| O|  |TAMS 0x0000000082a00000| PB 0x0000000082a00000| Untracked 
|  43|0x0000000082b00000, 0x0000000082c00000, 0x0000000082c00000|100%| O|  |TAMS 0x0000000082b00000| PB 0x0000000082b00000| Untracked 
|  44|0x0000000082c00000, 0x0000000082d00000, 0x0000000082d00000|100%| O|  |TAMS 0x0000000082c00000| PB 0x0000000082c00000| Untracked 
|  45|0x0000000082d00000, 0x0000000082e00000, 0x0000000082e00000|100%| O|  |TAMS 0x0000000082d00000| PB 0x0000000082d00000| Untracked 
|  46|0x0000000082e00000, 0x0000000082f00000, 0x0000000082f00000|100%| O|  |TAMS 0x0000000082e00000| PB 0x0000000082e00000| Untracked 
|  47|0x0000000082f00000, 0x0000000083000000, 0x0000000083000000|100%| O|  |TAMS 0x0000000082f00000| PB 0x0000000082f00000| Untracked 
|  48|0x0000000083000000, 0x0000000083100000, 0x0000000083100000|100%| O|  |TAMS 0x0000000083000000| PB 0x0000000083000000| Untracked 
|  49|0x0000000083100000, 0x0000000083200000, 0x0000000083200000|100%| O|  |TAMS 0x0000000083100000| PB 0x0000000083100000| Untracked 
|  50|0x0000000083200000, 0x0000000083300000, 0x0000000083300000|100%| O|  |TAMS 0x0000000083200000| PB 0x0000000083200000| Untracked 
|  51|0x0000000083300000, 0x0000000083400000, 0x0000000083400000|100%| O|  |TAMS 0x0000000083300000| PB 0x0000000083300000| Untracked 
|  52|0x0000000083400000, 0x0000000083500000, 0x0000000083500000|100%|HS|  |TAMS 0x0000000083400000| PB 0x0000000083400000| Complete 
|  53|0x0000000083500000, 0x0000000083600000, 0x0000000083600000|100%|HS|  |TAMS 0x0000000083500000| PB 0x0000000083500000| Complete 
|  54|0x0000000083600000, 0x0000000083700000, 0x0000000083700000|100%|HS|  |TAMS 0x0000000083600000| PB 0x0000000083600000| Complete 
|  55|0x0000000083700000, 0x0000000083800000, 0x0000000083800000|100%|HC|  |TAMS 0x0000000083700000| PB 0x0000000083700000| Complete 
|  56|0x0000000083800000, 0x0000000083900000, 0x0000000083900000|100%|HS|  |TAMS 0x0000000083800000| PB 0x0000000083800000| Complete 
|  57|0x0000000083900000, 0x0000000083a00000, 0x0000000083a00000|100%|HS|  |TAMS 0x0000000083900000| PB 0x0000000083900000| Complete 
|  58|0x0000000083a00000, 0x0000000083b00000, 0x0000000083b00000|100%| O|  |TAMS 0x0000000083a00000| PB 0x0000000083a00000| Untracked 
|  59|0x0000000083b00000, 0x0000000083c00000, 0x0000000083c00000|100%| O|  |TAMS 0x0000000083b00000| PB 0x0000000083b00000| Untracked 
|  60|0x0000000083c00000, 0x0000000083d00000, 0x0000000083d00000|100%|HS|  |TAMS 0x0000000083c00000| PB 0x0000000083c00000| Complete 
|  61|0x0000000083d00000, 0x0000000083e00000, 0x0000000083e00000|100%|HC|  |TAMS 0x0000000083d00000| PB 0x0000000083d00000| Complete 
|  62|0x0000000083e00000, 0x0000000083f00000, 0x0000000083f00000|100%| O|  |TAMS 0x0000000083e00000| PB 0x0000000083e00000| Untracked 
|  63|0x0000000083f00000, 0x0000000084000000, 0x0000000084000000|100%|HS|  |TAMS 0x0000000083f00000| PB 0x0000000083f00000| Complete 
|  64|0x0000000084000000, 0x0000000084100000, 0x0000000084100000|100%|HC|  |TAMS 0x0000000084000000| PB 0x0000000084000000| Complete 
|  65|0x0000000084100000, 0x0000000084200000, 0x0000000084200000|100%|HC|  |TAMS 0x0000000084100000| PB 0x0000000084100000| Complete 
|  66|0x0000000084200000, 0x0000000084300000, 0x0000000084300000|100%|HS|  |TAMS 0x0000000084200000| PB 0x0000000084200000| Complete 
|  67|0x0000000084300000, 0x0000000084400000, 0x0000000084400000|100%| O|  |TAMS 0x0000000084300000| PB 0x0000000084300000| Untracked 
|  68|0x0000000084400000, 0x0000000084500000, 0x0000000084500000|100%| O|  |TAMS 0x0000000084400000| PB 0x0000000084400000| Untracked 
|  69|0x0000000084500000, 0x0000000084600000, 0x0000000084600000|100%| O|  |TAMS 0x0000000084500000| PB 0x0000000084500000| Untracked 
|  70|0x0000000084600000, 0x0000000084700000, 0x0000000084700000|100%| O|  |TAMS 0x0000000084600000| PB 0x0000000084600000| Untracked 
|  71|0x0000000084700000, 0x0000000084800000, 0x0000000084800000|100%| O|  |TAMS 0x0000000084700000| PB 0x0000000084700000| Untracked 
|  72|0x0000000084800000, 0x0000000084900000, 0x0000000084900000|100%| O|  |TAMS 0x0000000084800000| PB 0x0000000084800000| Untracked 
|  73|0x0000000084900000, 0x0000000084a00000, 0x0000000084a00000|100%| O|  |TAMS 0x0000000084900000| PB 0x0000000084900000| Untracked 
|  74|0x0000000084a00000, 0x0000000084b00000, 0x0000000084b00000|100%|HS|  |TAMS 0x0000000084a00000| PB 0x0000000084a00000| Complete 
|  75|0x0000000084b00000, 0x0000000084c00000, 0x0000000084c00000|100%| O|  |TAMS 0x0000000084b00000| PB 0x0000000084b00000| Untracked 
|  76|0x0000000084c00000, 0x0000000084d00000, 0x0000000084d00000|100%|HS|  |TAMS 0x0000000084c00000| PB 0x0000000084c00000| Complete 
|  77|0x0000000084d00000, 0x0000000084e00000, 0x0000000084e00000|100%|HC|  |TAMS 0x0000000084d00000| PB 0x0000000084d00000| Complete 
|  78|0x0000000084e00000, 0x0000000084f00000, 0x0000000084f00000|100%|HC|  |TAMS 0x0000000084e00000| PB 0x0000000084e00000| Complete 
|  79|0x0000000084f00000, 0x0000000085000000, 0x0000000085000000|100%| O|  |TAMS 0x0000000084f00000| PB 0x0000000084f00000| Untracked 
|  80|0x0000000085000000, 0x0000000085100000, 0x0000000085100000|100%| O|  |TAMS 0x0000000085000000| PB 0x0000000085000000| Untracked 
|  81|0x0000000085100000, 0x0000000085200000, 0x0000000085200000|100%| O|  |TAMS 0x0000000085100000| PB 0x0000000085100000| Untracked 
|  82|0x0000000085200000, 0x0000000085300000, 0x0000000085300000|100%| O|  |TAMS 0x0000000085200000| PB 0x0000000085200000| Untracked 
|  83|0x0000000085300000, 0x0000000085400000, 0x0000000085400000|100%| O|  |TAMS 0x0000000085300000| PB 0x0000000085300000| Untracked 
|  84|0x0000000085400000, 0x0000000085500000, 0x0000000085500000|100%| O|  |TAMS 0x0000000085400000| PB 0x0000000085400000| Untracked 
|  85|0x0000000085500000, 0x0000000085600000, 0x0000000085600000|100%| O|  |TAMS 0x0000000085500000| PB 0x0000000085500000| Untracked 
|  86|0x0000000085600000, 0x0000000085700000, 0x0000000085700000|100%| O|  |TAMS 0x0000000085600000| PB 0x0000000085600000| Untracked 
|  87|0x0000000085700000, 0x0000000085800000, 0x0000000085800000|100%| O|  |TAMS 0x0000000085700000| PB 0x0000000085700000| Untracked 
|  88|0x0000000085800000, 0x0000000085900000, 0x0000000085900000|100%| O|  |TAMS 0x0000000085800000| PB 0x0000000085800000| Untracked 
|  89|0x0000000085900000, 0x0000000085a00000, 0x0000000085a00000|100%| O|  |TAMS 0x0000000085900000| PB 0x0000000085900000| Untracked 
|  90|0x0000000085a00000, 0x0000000085b00000, 0x0000000085b00000|100%| O|  |TAMS 0x0000000085a00000| PB 0x0000000085a00000| Untracked 
|  91|0x0000000085b00000, 0x0000000085c00000, 0x0000000085c00000|100%| O|  |TAMS 0x0000000085b00000| PB 0x0000000085b00000| Untracked 
|  92|0x0000000085c00000, 0x0000000085d00000, 0x0000000085d00000|100%| O|  |TAMS 0x0000000085c00000| PB 0x0000000085c00000| Untracked 
|  93|0x0000000085d00000, 0x0000000085e00000, 0x0000000085e00000|100%|HS|  |TAMS 0x0000000085d00000| PB 0x0000000085d00000| Complete 
|  94|0x0000000085e00000, 0x0000000085f00000, 0x0000000085f00000|100%| O|  |TAMS 0x0000000085e00000| PB 0x0000000085e00000| Untracked 
|  95|0x0000000085f00000, 0x0000000086000000, 0x0000000086000000|100%| O|  |TAMS 0x0000000085f00000| PB 0x0000000085f00000| Untracked 
|  96|0x0000000086000000, 0x0000000086100000, 0x0000000086100000|100%| O|  |TAMS 0x0000000086000000| PB 0x0000000086000000| Untracked 
|  97|0x0000000086100000, 0x0000000086200000, 0x0000000086200000|100%| O|  |TAMS 0x0000000086100000| PB 0x0000000086100000| Untracked 
|  98|0x0000000086200000, 0x0000000086300000, 0x0000000086300000|100%| O|  |TAMS 0x0000000086200000| PB 0x0000000086200000| Untracked 
|  99|0x0000000086300000, 0x0000000086400000, 0x0000000086400000|100%| O|  |TAMS 0x0000000086300000| PB 0x0000000086300000| Untracked 
| 100|0x0000000086400000, 0x0000000086500000, 0x0000000086500000|100%| O|  |TAMS 0x0000000086400000| PB 0x0000000086400000| Untracked 
| 101|0x0000000086500000, 0x0000000086600000, 0x0000000086600000|100%| O|  |TAMS 0x0000000086500000| PB 0x0000000086500000| Untracked 
| 102|0x0000000086600000, 0x0000000086700000, 0x0000000086700000|100%| O|  |TAMS 0x0000000086600000| PB 0x0000000086600000| Untracked 
| 103|0x0000000086700000, 0x0000000086800000, 0x0000000086800000|100%| O|  |TAMS 0x0000000086700000| PB 0x0000000086700000| Untracked 
| 104|0x0000000086800000, 0x0000000086900000, 0x0000000086900000|100%| O|  |TAMS 0x0000000086800000| PB 0x0000000086800000| Untracked 
| 105|0x0000000086900000, 0x0000000086a00000, 0x0000000086a00000|100%| O|  |TAMS 0x0000000086900000| PB 0x0000000086900000| Untracked 
| 106|0x0000000086a00000, 0x0000000086b00000, 0x0000000086b00000|100%| O|  |TAMS 0x0000000086a00000| PB 0x0000000086a00000| Untracked 
| 107|0x0000000086b00000, 0x0000000086c00000, 0x0000000086c00000|100%| O|  |TAMS 0x0000000086b00000| PB 0x0000000086b00000| Untracked 
| 108|0x0000000086c00000, 0x0000000086d00000, 0x0000000086d00000|100%| O|  |TAMS 0x0000000086c00000| PB 0x0000000086c00000| Untracked 
| 109|0x0000000086d00000, 0x0000000086e00000, 0x0000000086e00000|100%| O|  |TAMS 0x0000000086d00000| PB 0x0000000086d00000| Untracked 
| 110|0x0000000086e00000, 0x0000000086f00000, 0x0000000086f00000|100%| O|  |TAMS 0x0000000086e00000| PB 0x0000000086e00000| Untracked 
| 111|0x0000000086f00000, 0x0000000087000000, 0x0000000087000000|100%| O|  |TAMS 0x0000000086f00000| PB 0x0000000086f00000| Untracked 
| 112|0x0000000087000000, 0x0000000087100000, 0x0000000087100000|100%| O|  |TAMS 0x0000000087000000| PB 0x0000000087000000| Untracked 
| 113|0x0000000087100000, 0x0000000087200000, 0x0000000087200000|100%| O|  |TAMS 0x0000000087100000| PB 0x0000000087100000| Untracked 
| 114|0x0000000087200000, 0x0000000087300000, 0x0000000087300000|100%| O|  |TAMS 0x0000000087200000| PB 0x0000000087200000| Untracked 
| 115|0x0000000087300000, 0x0000000087400000, 0x0000000087400000|100%| O|  |TAMS 0x0000000087300000| PB 0x0000000087300000| Untracked 
| 116|0x0000000087400000, 0x0000000087500000, 0x0000000087500000|100%| O|  |TAMS 0x0000000087400000| PB 0x0000000087400000| Untracked 
| 117|0x0000000087500000, 0x0000000087600000, 0x0000000087600000|100%| O|  |TAMS 0x0000000087500000| PB 0x0000000087500000| Untracked 
| 118|0x0000000087600000, 0x0000000087700000, 0x0000000087700000|100%| O|  |TAMS 0x0000000087600000| PB 0x0000000087600000| Untracked 
| 119|0x0000000087700000, 0x0000000087800000, 0x0000000087800000|100%| O|  |TAMS 0x0000000087700000| PB 0x0000000087700000| Untracked 
| 120|0x0000000087800000, 0x0000000087900000, 0x0000000087900000|100%| O|  |TAMS 0x0000000087800000| PB 0x0000000087800000| Untracked 
| 121|0x0000000087900000, 0x0000000087a00000, 0x0000000087a00000|100%| O|  |TAMS 0x0000000087900000| PB 0x0000000087900000| Untracked 
| 122|0x0000000087a00000, 0x0000000087b00000, 0x0000000087b00000|100%| O|  |TAMS 0x0000000087a00000| PB 0x0000000087a00000| Untracked 
| 123|0x0000000087b00000, 0x0000000087c00000, 0x0000000087c00000|100%| O|  |TAMS 0x0000000087b00000| PB 0x0000000087b00000| Untracked 
| 124|0x0000000087c00000, 0x0000000087d00000, 0x0000000087d00000|100%| O|  |TAMS 0x0000000087c00000| PB 0x0000000087c00000| Untracked 
| 125|0x0000000087d00000, 0x0000000087e00000, 0x0000000087e00000|100%| O|  |TAMS 0x0000000087d00000| PB 0x0000000087d00000| Untracked 
| 126|0x0000000087e00000, 0x0000000087f00000, 0x0000000087f00000|100%| O|  |TAMS 0x0000000087e00000| PB 0x0000000087e00000| Untracked 
| 127|0x0000000087f00000, 0x0000000088000000, 0x0000000088000000|100%| O|  |TAMS 0x0000000087f00000| PB 0x0000000087f00000| Untracked 
| 128|0x0000000088000000, 0x0000000088100000, 0x0000000088100000|100%| O|Cm|TAMS 0x0000000088000000| PB 0x0000000088000000| Complete 
| 129|0x0000000088100000, 0x0000000088200000, 0x0000000088200000|100%| O|  |TAMS 0x0000000088100000| PB 0x0000000088100000| Untracked 
| 130|0x0000000088200000, 0x0000000088300000, 0x0000000088300000|100%| O|  |TAMS 0x0000000088200000| PB 0x0000000088200000| Untracked 
| 131|0x0000000088300000, 0x0000000088400000, 0x0000000088400000|100%| O|Cm|TAMS 0x0000000088300000| PB 0x0000000088300000| Complete 
| 132|0x0000000088400000, 0x0000000088400000, 0x0000000088500000|  0%| F|  |TAMS 0x0000000088400000| PB 0x0000000088400000| Untracked 
| 133|0x0000000088500000, 0x0000000088500000, 0x0000000088600000|  0%| F|  |TAMS 0x0000000088500000| PB 0x0000000088500000| Untracked 
| 134|0x0000000088600000, 0x0000000088600000, 0x0000000088700000|  0%| F|  |TAMS 0x0000000088600000| PB 0x0000000088600000| Untracked 
| 135|0x0000000088700000, 0x0000000088800000, 0x0000000088800000|100%| O|Cm|TAMS 0x0000000088700000| PB 0x0000000088700000| Complete 
| 136|0x0000000088800000, 0x0000000088800000, 0x0000000088900000|  0%| F|  |TAMS 0x0000000088800000| PB 0x0000000088800000| Untracked 
| 137|0x0000000088900000, 0x0000000088a00000, 0x0000000088a00000|100%| O|  |TAMS 0x0000000088900000| PB 0x0000000088900000| Untracked 
| 138|0x0000000088a00000, 0x0000000088b00000, 0x0000000088b00000|100%| O|  |TAMS 0x0000000088a00000| PB 0x0000000088a00000| Untracked 
| 139|0x0000000088b00000, 0x0000000088c00000, 0x0000000088c00000|100%| O|  |TAMS 0x0000000088b00000| PB 0x0000000088b00000| Untracked 
| 140|0x0000000088c00000, 0x0000000088d00000, 0x0000000088d00000|100%| O|  |TAMS 0x0000000088c00000| PB 0x0000000088c00000| Untracked 
| 141|0x0000000088d00000, 0x0000000088e00000, 0x0000000088e00000|100%| O|  |TAMS 0x0000000088d00000| PB 0x0000000088d00000| Untracked 
| 142|0x0000000088e00000, 0x0000000088f00000, 0x0000000088f00000|100%| O|  |TAMS 0x0000000088e00000| PB 0x0000000088e00000| Untracked 
| 143|0x0000000088f00000, 0x0000000088f00000, 0x0000000089000000|  0%| F|  |TAMS 0x0000000088f00000| PB 0x0000000088f00000| Untracked 
| 144|0x0000000089000000, 0x0000000089100000, 0x0000000089100000|100%| O|  |TAMS 0x0000000089000000| PB 0x0000000089000000| Untracked 
| 145|0x0000000089100000, 0x0000000089200000, 0x0000000089200000|100%| O|  |TAMS 0x0000000089100000| PB 0x0000000089100000| Untracked 
| 146|0x0000000089200000, 0x0000000089200000, 0x0000000089300000|  0%| F|  |TAMS 0x0000000089200000| PB 0x0000000089200000| Untracked 
| 147|0x0000000089300000, 0x0000000089300000, 0x0000000089400000|  0%| F|  |TAMS 0x0000000089300000| PB 0x0000000089300000| Untracked 
| 148|0x0000000089400000, 0x0000000089400000, 0x0000000089500000|  0%| F|  |TAMS 0x0000000089400000| PB 0x0000000089400000| Untracked 
| 149|0x0000000089500000, 0x0000000089600000, 0x0000000089600000|100%| O|  |TAMS 0x0000000089500000| PB 0x0000000089500000| Untracked 
| 150|0x0000000089600000, 0x0000000089600000, 0x0000000089700000|  0%| F|  |TAMS 0x0000000089600000| PB 0x0000000089600000| Untracked 
| 151|0x0000000089700000, 0x0000000089700000, 0x0000000089800000|  0%| F|  |TAMS 0x0000000089700000| PB 0x0000000089700000| Untracked 
| 152|0x0000000089800000, 0x0000000089800000, 0x0000000089900000|  0%| F|  |TAMS 0x0000000089800000| PB 0x0000000089800000| Untracked 
| 153|0x0000000089900000, 0x0000000089a00000, 0x0000000089a00000|100%| O|  |TAMS 0x0000000089900000| PB 0x0000000089900000| Untracked 
| 154|0x0000000089a00000, 0x0000000089a00000, 0x0000000089b00000|  0%| F|  |TAMS 0x0000000089a00000| PB 0x0000000089a00000| Untracked 
| 155|0x0000000089b00000, 0x0000000089c00000, 0x0000000089c00000|100%| O|Cm|TAMS 0x0000000089b00000| PB 0x0000000089b00000| Complete 
| 156|0x0000000089c00000, 0x0000000089d00000, 0x0000000089d00000|100%| O|  |TAMS 0x0000000089c00000| PB 0x0000000089c00000| Untracked 
| 157|0x0000000089d00000, 0x0000000089d00000, 0x0000000089e00000|  0%| F|  |TAMS 0x0000000089d00000| PB 0x0000000089d00000| Untracked 
| 158|0x0000000089e00000, 0x0000000089e00000, 0x0000000089f00000|  0%| F|  |TAMS 0x0000000089e00000| PB 0x0000000089e00000| Untracked 
| 159|0x0000000089f00000, 0x0000000089f00000, 0x000000008a000000|  0%| F|  |TAMS 0x0000000089f00000| PB 0x0000000089f00000| Untracked 
| 160|0x000000008a000000, 0x000000008a000000, 0x000000008a100000|  0%| F|  |TAMS 0x000000008a000000| PB 0x000000008a000000| Untracked 
| 161|0x000000008a100000, 0x000000008a100000, 0x000000008a200000|  0%| F|  |TAMS 0x000000008a100000| PB 0x000000008a100000| Untracked 
| 162|0x000000008a200000, 0x000000008a300000, 0x000000008a300000|100%| O|  |TAMS 0x000000008a200000| PB 0x000000008a200000| Untracked 
| 163|0x000000008a300000, 0x000000008a300000, 0x000000008a400000|  0%| F|  |TAMS 0x000000008a300000| PB 0x000000008a300000| Untracked 
| 164|0x000000008a400000, 0x000000008a500000, 0x000000008a500000|100%| O|Cm|TAMS 0x000000008a400000| PB 0x000000008a400000| Complete 
| 165|0x000000008a500000, 0x000000008a500000, 0x000000008a600000|  0%| F|  |TAMS 0x000000008a500000| PB 0x000000008a500000| Untracked 
| 166|0x000000008a600000, 0x000000008a600000, 0x000000008a700000|  0%| F|  |TAMS 0x000000008a600000| PB 0x000000008a600000| Untracked 
| 167|0x000000008a700000, 0x000000008a800000, 0x000000008a800000|100%| O|  |TAMS 0x000000008a700000| PB 0x000000008a700000| Untracked 
| 168|0x000000008a800000, 0x000000008a800000, 0x000000008a900000|  0%| F|  |TAMS 0x000000008a800000| PB 0x000000008a800000| Untracked 
| 169|0x000000008a900000, 0x000000008a900000, 0x000000008aa00000|  0%| F|  |TAMS 0x000000008a900000| PB 0x000000008a900000| Untracked 
| 170|0x000000008aa00000, 0x000000008aa00000, 0x000000008ab00000|  0%| F|  |TAMS 0x000000008aa00000| PB 0x000000008aa00000| Untracked 
| 171|0x000000008ab00000, 0x000000008ac00000, 0x000000008ac00000|100%| O|Cm|TAMS 0x000000008ab00000| PB 0x000000008ab00000| Complete 
| 172|0x000000008ac00000, 0x000000008ad00000, 0x000000008ad00000|100%| O|  |TAMS 0x000000008ac00000| PB 0x000000008ac00000| Untracked 
| 173|0x000000008ad00000, 0x000000008ae00000, 0x000000008ae00000|100%| O|  |TAMS 0x000000008ad00000| PB 0x000000008ad00000| Untracked 
| 174|0x000000008ae00000, 0x000000008af00000, 0x000000008af00000|100%| O|  |TAMS 0x000000008ae00000| PB 0x000000008ae00000| Untracked 
| 175|0x000000008af00000, 0x000000008b000000, 0x000000008b000000|100%| O|  |TAMS 0x000000008af00000| PB 0x000000008af00000| Untracked 
| 176|0x000000008b000000, 0x000000008b100000, 0x000000008b100000|100%| O|  |TAMS 0x000000008b000000| PB 0x000000008b000000| Untracked 
| 177|0x000000008b100000, 0x000000008b200000, 0x000000008b200000|100%| O|  |TAMS 0x000000008b100000| PB 0x000000008b100000| Untracked 
| 178|0x000000008b200000, 0x000000008b200000, 0x000000008b300000|  0%| F|  |TAMS 0x000000008b200000| PB 0x000000008b200000| Untracked 
| 179|0x000000008b300000, 0x000000008b400000, 0x000000008b400000|100%| O|  |TAMS 0x000000008b300000| PB 0x000000008b300000| Untracked 
| 180|0x000000008b400000, 0x000000008b500000, 0x000000008b500000|100%| O|  |TAMS 0x000000008b400000| PB 0x000000008b400000| Untracked 
| 181|0x000000008b500000, 0x000000008b600000, 0x000000008b600000|100%| O|  |TAMS 0x000000008b500000| PB 0x000000008b500000| Untracked 
| 182|0x000000008b600000, 0x000000008b700000, 0x000000008b700000|100%| O|Cm|TAMS 0x000000008b600000| PB 0x000000008b600000| Complete 
| 183|0x000000008b700000, 0x000000008b800000, 0x000000008b800000|100%| O|Cm|TAMS 0x000000008b700000| PB 0x000000008b700000| Complete 
| 184|0x000000008b800000, 0x000000008b900000, 0x000000008b900000|100%| O|  |TAMS 0x000000008b800000| PB 0x000000008b800000| Untracked 
| 185|0x000000008b900000, 0x000000008b900000, 0x000000008ba00000|  0%| F|  |TAMS 0x000000008b900000| PB 0x000000008b900000| Untracked 
| 186|0x000000008ba00000, 0x000000008ba00000, 0x000000008bb00000|  0%| F|  |TAMS 0x000000008ba00000| PB 0x000000008ba00000| Untracked 
| 187|0x000000008bb00000, 0x000000008bb00000, 0x000000008bc00000|  0%| F|  |TAMS 0x000000008bb00000| PB 0x000000008bb00000| Untracked 
| 188|0x000000008bc00000, 0x000000008bc00000, 0x000000008bd00000|  0%| F|  |TAMS 0x000000008bc00000| PB 0x000000008bc00000| Untracked 
| 189|0x000000008bd00000, 0x000000008bd00000, 0x000000008be00000|  0%| F|  |TAMS 0x000000008bd00000| PB 0x000000008bd00000| Untracked 
| 190|0x000000008be00000, 0x000000008be00000, 0x000000008bf00000|  0%| F|  |TAMS 0x000000008be00000| PB 0x000000008be00000| Untracked 
| 191|0x000000008bf00000, 0x000000008bf00000, 0x000000008c000000|  0%| F|  |TAMS 0x000000008bf00000| PB 0x000000008bf00000| Untracked 
| 192|0x000000008c000000, 0x000000008c000000, 0x000000008c100000|  0%| F|  |TAMS 0x000000008c000000| PB 0x000000008c000000| Untracked 
| 193|0x000000008c100000, 0x000000008c100000, 0x000000008c200000|  0%| F|  |TAMS 0x000000008c100000| PB 0x000000008c100000| Untracked 
| 194|0x000000008c200000, 0x000000008c200000, 0x000000008c300000|  0%| F|  |TAMS 0x000000008c200000| PB 0x000000008c200000| Untracked 
| 195|0x000000008c300000, 0x000000008c300000, 0x000000008c400000|  0%| F|  |TAMS 0x000000008c300000| PB 0x000000008c300000| Untracked 
| 196|0x000000008c400000, 0x000000008c400000, 0x000000008c500000|  0%| F|  |TAMS 0x000000008c400000| PB 0x000000008c400000| Untracked 
| 197|0x000000008c500000, 0x000000008c500000, 0x000000008c600000|  0%| F|  |TAMS 0x000000008c500000| PB 0x000000008c500000| Untracked 
| 198|0x000000008c600000, 0x000000008c600000, 0x000000008c700000|  0%| F|  |TAMS 0x000000008c600000| PB 0x000000008c600000| Untracked 
| 199|0x000000008c700000, 0x000000008c700000, 0x000000008c800000|  0%| F|  |TAMS 0x000000008c700000| PB 0x000000008c700000| Untracked 
| 200|0x000000008c800000, 0x000000008c800000, 0x000000008c900000|  0%| F|  |TAMS 0x000000008c800000| PB 0x000000008c800000| Untracked 
| 201|0x000000008c900000, 0x000000008c900000, 0x000000008ca00000|  0%| F|  |TAMS 0x000000008c900000| PB 0x000000008c900000| Untracked 
| 202|0x000000008ca00000, 0x000000008ca00000, 0x000000008cb00000|  0%| F|  |TAMS 0x000000008ca00000| PB 0x000000008ca00000| Untracked 
| 203|0x000000008cb00000, 0x000000008cb00000, 0x000000008cc00000|  0%| F|  |TAMS 0x000000008cb00000| PB 0x000000008cb00000| Untracked 
| 204|0x000000008cc00000, 0x000000008cc00000, 0x000000008cd00000|  0%| F|  |TAMS 0x000000008cc00000| PB 0x000000008cc00000| Untracked 
| 205|0x000000008cd00000, 0x000000008cd00000, 0x000000008ce00000|  0%| F|  |TAMS 0x000000008cd00000| PB 0x000000008cd00000| Untracked 
| 206|0x000000008ce00000, 0x000000008ce00000, 0x000000008cf00000|  0%| F|  |TAMS 0x000000008ce00000| PB 0x000000008ce00000| Untracked 
| 207|0x000000008cf00000, 0x000000008cf00000, 0x000000008d000000|  0%| F|  |TAMS 0x000000008cf00000| PB 0x000000008cf00000| Untracked 
| 208|0x000000008d000000, 0x000000008d000000, 0x000000008d100000|  0%| F|  |TAMS 0x000000008d000000| PB 0x000000008d000000| Untracked 
| 209|0x000000008d100000, 0x000000008d100000, 0x000000008d200000|  0%| F|  |TAMS 0x000000008d100000| PB 0x000000008d100000| Untracked 
| 210|0x000000008d200000, 0x000000008d200000, 0x000000008d300000|  0%| F|  |TAMS 0x000000008d200000| PB 0x000000008d200000| Untracked 
| 211|0x000000008d300000, 0x000000008d300000, 0x000000008d400000|  0%| F|  |TAMS 0x000000008d300000| PB 0x000000008d300000| Untracked 
| 212|0x000000008d400000, 0x000000008d400000, 0x000000008d500000|  0%| F|  |TAMS 0x000000008d400000| PB 0x000000008d400000| Untracked 
| 213|0x000000008d500000, 0x000000008d500000, 0x000000008d600000|  0%| F|  |TAMS 0x000000008d500000| PB 0x000000008d500000| Untracked 
| 214|0x000000008d600000, 0x000000008d600000, 0x000000008d700000|  0%| F|  |TAMS 0x000000008d600000| PB 0x000000008d600000| Untracked 
| 215|0x000000008d700000, 0x000000008d700000, 0x000000008d800000|  0%| F|  |TAMS 0x000000008d700000| PB 0x000000008d700000| Untracked 
| 216|0x000000008d800000, 0x000000008d800000, 0x000000008d900000|  0%| F|  |TAMS 0x000000008d800000| PB 0x000000008d800000| Untracked 
| 217|0x000000008d900000, 0x000000008d900000, 0x000000008da00000|  0%| F|  |TAMS 0x000000008d900000| PB 0x000000008d900000| Untracked 
| 218|0x000000008da00000, 0x000000008da00000, 0x000000008db00000|  0%| F|  |TAMS 0x000000008da00000| PB 0x000000008da00000| Untracked 
| 219|0x000000008db00000, 0x000000008db00000, 0x000000008dc00000|  0%| F|  |TAMS 0x000000008db00000| PB 0x000000008db00000| Untracked 
| 220|0x000000008dc00000, 0x000000008dc00000, 0x000000008dd00000|  0%| F|  |TAMS 0x000000008dc00000| PB 0x000000008dc00000| Untracked 
| 221|0x000000008dd00000, 0x000000008dd00000, 0x000000008de00000|  0%| F|  |TAMS 0x000000008dd00000| PB 0x000000008dd00000| Untracked 
| 222|0x000000008de00000, 0x000000008de00000, 0x000000008df00000|  0%| F|  |TAMS 0x000000008de00000| PB 0x000000008de00000| Untracked 
| 223|0x000000008df00000, 0x000000008df00000, 0x000000008e000000|  0%| F|  |TAMS 0x000000008df00000| PB 0x000000008df00000| Untracked 
| 224|0x000000008e000000, 0x000000008e000000, 0x000000008e100000|  0%| F|  |TAMS 0x000000008e000000| PB 0x000000008e000000| Untracked 
| 225|0x000000008e100000, 0x000000008e100000, 0x000000008e200000|  0%| F|  |TAMS 0x000000008e100000| PB 0x000000008e100000| Untracked 
| 226|0x000000008e200000, 0x000000008e200000, 0x000000008e300000|  0%| F|  |TAMS 0x000000008e200000| PB 0x000000008e200000| Untracked 
| 227|0x000000008e300000, 0x000000008e300000, 0x000000008e400000|  0%| F|  |TAMS 0x000000008e300000| PB 0x000000008e300000| Untracked 
| 228|0x000000008e400000, 0x000000008e400000, 0x000000008e500000|  0%| F|  |TAMS 0x000000008e400000| PB 0x000000008e400000| Untracked 
| 229|0x000000008e500000, 0x000000008e500000, 0x000000008e600000|  0%| F|  |TAMS 0x000000008e500000| PB 0x000000008e500000| Untracked 
| 230|0x000000008e600000, 0x000000008e600000, 0x000000008e700000|  0%| F|  |TAMS 0x000000008e600000| PB 0x000000008e600000| Untracked 
| 231|0x000000008e700000, 0x000000008e700000, 0x000000008e800000|  0%| F|  |TAMS 0x000000008e700000| PB 0x000000008e700000| Untracked 
| 232|0x000000008e800000, 0x000000008e800000, 0x000000008e900000|  0%| F|  |TAMS 0x000000008e800000| PB 0x000000008e800000| Untracked 
| 233|0x000000008e900000, 0x000000008e900000, 0x000000008ea00000|  0%| F|  |TAMS 0x000000008e900000| PB 0x000000008e900000| Untracked 
| 234|0x000000008ea00000, 0x000000008ea00000, 0x000000008eb00000|  0%| F|  |TAMS 0x000000008ea00000| PB 0x000000008ea00000| Untracked 
| 235|0x000000008eb00000, 0x000000008eb00000, 0x000000008ec00000|  0%| F|  |TAMS 0x000000008eb00000| PB 0x000000008eb00000| Untracked 
| 236|0x000000008ec00000, 0x000000008ec00000, 0x000000008ed00000|  0%| F|  |TAMS 0x000000008ec00000| PB 0x000000008ec00000| Untracked 
| 237|0x000000008ed00000, 0x000000008ed00000, 0x000000008ee00000|  0%| F|  |TAMS 0x000000008ed00000| PB 0x000000008ed00000| Untracked 
| 238|0x000000008ee00000, 0x000000008ee00000, 0x000000008ef00000|  0%| F|  |TAMS 0x000000008ee00000| PB 0x000000008ee00000| Untracked 
| 239|0x000000008ef00000, 0x000000008ef00000, 0x000000008f000000|  0%| F|  |TAMS 0x000000008ef00000| PB 0x000000008ef00000| Untracked 
| 240|0x000000008f000000, 0x000000008f000000, 0x000000008f100000|  0%| F|  |TAMS 0x000000008f000000| PB 0x000000008f000000| Untracked 
| 241|0x000000008f100000, 0x000000008f100000, 0x000000008f200000|  0%| F|  |TAMS 0x000000008f100000| PB 0x000000008f100000| Untracked 
| 242|0x000000008f200000, 0x000000008f200000, 0x000000008f300000|  0%| F|  |TAMS 0x000000008f200000| PB 0x000000008f200000| Untracked 
| 243|0x000000008f300000, 0x000000008f300000, 0x000000008f400000|  0%| F|  |TAMS 0x000000008f300000| PB 0x000000008f300000| Untracked 
| 244|0x000000008f400000, 0x000000008f400000, 0x000000008f500000|  0%| F|  |TAMS 0x000000008f400000| PB 0x000000008f400000| Untracked 
| 245|0x000000008f500000, 0x000000008f500000, 0x000000008f600000|  0%| F|  |TAMS 0x000000008f500000| PB 0x000000008f500000| Untracked 
| 246|0x000000008f600000, 0x000000008f600000, 0x000000008f700000|  0%| F|  |TAMS 0x000000008f600000| PB 0x000000008f600000| Untracked 
| 247|0x000000008f700000, 0x000000008f700000, 0x000000008f800000|  0%| F|  |TAMS 0x000000008f700000| PB 0x000000008f700000| Untracked 
| 248|0x000000008f800000, 0x000000008f800000, 0x000000008f900000|  0%| F|  |TAMS 0x000000008f800000| PB 0x000000008f800000| Untracked 
| 249|0x000000008f900000, 0x000000008f900000, 0x000000008fa00000|  0%| F|  |TAMS 0x000000008f900000| PB 0x000000008f900000| Untracked 
| 250|0x000000008fa00000, 0x000000008fa00000, 0x000000008fb00000|  0%| F|  |TAMS 0x000000008fa00000| PB 0x000000008fa00000| Untracked 
| 251|0x000000008fb00000, 0x000000008fb00000, 0x000000008fc00000|  0%| F|  |TAMS 0x000000008fb00000| PB 0x000000008fb00000| Untracked 
| 252|0x000000008fc00000, 0x000000008fc00000, 0x000000008fd00000|  0%| F|  |TAMS 0x000000008fc00000| PB 0x000000008fc00000| Untracked 
| 253|0x000000008fd00000, 0x000000008fd00000, 0x000000008fe00000|  0%| F|  |TAMS 0x000000008fd00000| PB 0x000000008fd00000| Untracked 
| 254|0x000000008fe00000, 0x000000008fe00000, 0x000000008ff00000|  0%| F|  |TAMS 0x000000008fe00000| PB 0x000000008fe00000| Untracked 
| 255|0x000000008ff00000, 0x000000008ff00000, 0x0000000090000000|  0%| F|  |TAMS 0x000000008ff00000| PB 0x000000008ff00000| Untracked 
| 256|0x0000000090000000, 0x0000000090000000, 0x0000000090100000|  0%| F|  |TAMS 0x0000000090000000| PB 0x0000000090000000| Untracked 
| 257|0x0000000090100000, 0x0000000090100000, 0x0000000090200000|  0%| F|  |TAMS 0x0000000090100000| PB 0x0000000090100000| Untracked 
| 258|0x0000000090200000, 0x0000000090200000, 0x0000000090300000|  0%| F|  |TAMS 0x0000000090200000| PB 0x0000000090200000| Untracked 
| 259|0x0000000090300000, 0x0000000090300000, 0x0000000090400000|  0%| F|  |TAMS 0x0000000090300000| PB 0x0000000090300000| Untracked 
| 260|0x0000000090400000, 0x0000000090400000, 0x0000000090500000|  0%| F|  |TAMS 0x0000000090400000| PB 0x0000000090400000| Untracked 
| 261|0x0000000090500000, 0x0000000090500000, 0x0000000090600000|  0%| F|  |TAMS 0x0000000090500000| PB 0x0000000090500000| Untracked 
| 262|0x0000000090600000, 0x0000000090600000, 0x0000000090700000|  0%| F|  |TAMS 0x0000000090600000| PB 0x0000000090600000| Untracked 
| 263|0x0000000090700000, 0x0000000090700000, 0x0000000090800000|  0%| F|  |TAMS 0x0000000090700000| PB 0x0000000090700000| Untracked 
| 264|0x0000000090800000, 0x0000000090800000, 0x0000000090900000|  0%| F|  |TAMS 0x0000000090800000| PB 0x0000000090800000| Untracked 
| 265|0x0000000090900000, 0x0000000090900000, 0x0000000090a00000|  0%| F|  |TAMS 0x0000000090900000| PB 0x0000000090900000| Untracked 
| 266|0x0000000090a00000, 0x0000000090a00000, 0x0000000090b00000|  0%| F|  |TAMS 0x0000000090a00000| PB 0x0000000090a00000| Untracked 
| 267|0x0000000090b00000, 0x0000000090b00000, 0x0000000090c00000|  0%| F|  |TAMS 0x0000000090b00000| PB 0x0000000090b00000| Untracked 
| 268|0x0000000090c00000, 0x0000000090c00000, 0x0000000090d00000|  0%| F|  |TAMS 0x0000000090c00000| PB 0x0000000090c00000| Untracked 
| 269|0x0000000090d00000, 0x0000000090d00000, 0x0000000090e00000|  0%| F|  |TAMS 0x0000000090d00000| PB 0x0000000090d00000| Untracked 
| 270|0x0000000090e00000, 0x0000000090e00000, 0x0000000090f00000|  0%| F|  |TAMS 0x0000000090e00000| PB 0x0000000090e00000| Untracked 
| 271|0x0000000090f00000, 0x0000000090f00000, 0x0000000091000000|  0%| F|  |TAMS 0x0000000090f00000| PB 0x0000000090f00000| Untracked 
| 272|0x0000000091000000, 0x0000000091000000, 0x0000000091100000|  0%| F|  |TAMS 0x0000000091000000| PB 0x0000000091000000| Untracked 
| 273|0x0000000091100000, 0x0000000091100000, 0x0000000091200000|  0%| F|  |TAMS 0x0000000091100000| PB 0x0000000091100000| Untracked 
| 274|0x0000000091200000, 0x0000000091200000, 0x0000000091300000|  0%| F|  |TAMS 0x0000000091200000| PB 0x0000000091200000| Untracked 
| 275|0x0000000091300000, 0x0000000091300000, 0x0000000091400000|  0%| F|  |TAMS 0x0000000091300000| PB 0x0000000091300000| Untracked 
| 276|0x0000000091400000, 0x0000000091400000, 0x0000000091500000|  0%| F|  |TAMS 0x0000000091400000| PB 0x0000000091400000| Untracked 
| 277|0x0000000091500000, 0x0000000091500000, 0x0000000091600000|  0%| F|  |TAMS 0x0000000091500000| PB 0x0000000091500000| Untracked 
| 278|0x0000000091600000, 0x0000000091602298, 0x0000000091700000|  0%| E|  |TAMS 0x0000000091600000| PB 0x0000000091600000| Complete 
| 279|0x0000000091700000, 0x0000000091800000, 0x0000000091800000|100%| E|CS|TAMS 0x0000000091700000| PB 0x0000000091700000| Complete 
| 280|0x0000000091800000, 0x0000000091900000, 0x0000000091900000|100%| E|CS|TAMS 0x0000000091800000| PB 0x0000000091800000| Complete 
| 281|0x0000000091900000, 0x0000000091a00000, 0x0000000091a00000|100%| E|CS|TAMS 0x0000000091900000| PB 0x0000000091900000| Complete 
| 282|0x0000000091a00000, 0x0000000091b00000, 0x0000000091b00000|100%| E|CS|TAMS 0x0000000091a00000| PB 0x0000000091a00000| Complete 
| 283|0x0000000091b00000, 0x0000000091c00000, 0x0000000091c00000|100%| E|CS|TAMS 0x0000000091b00000| PB 0x0000000091b00000| Complete 
| 284|0x0000000091c00000, 0x0000000091d00000, 0x0000000091d00000|100%| E|CS|TAMS 0x0000000091c00000| PB 0x0000000091c00000| Complete 
| 285|0x0000000091d00000, 0x0000000091e00000, 0x0000000091e00000|100%| E|CS|TAMS 0x0000000091d00000| PB 0x0000000091d00000| Complete 
| 286|0x0000000091e00000, 0x0000000091f00000, 0x0000000091f00000|100%| E|CS|TAMS 0x0000000091e00000| PB 0x0000000091e00000| Complete 
| 287|0x0000000091f00000, 0x0000000092000000, 0x0000000092000000|100%| E|CS|TAMS 0x0000000091f00000| PB 0x0000000091f00000| Complete 
| 288|0x0000000092000000, 0x0000000092100000, 0x0000000092100000|100%| E|CS|TAMS 0x0000000092000000| PB 0x0000000092000000| Complete 
| 289|0x0000000092100000, 0x0000000092200000, 0x0000000092200000|100%| E|CS|TAMS 0x0000000092100000| PB 0x0000000092100000| Complete 
| 290|0x0000000092200000, 0x0000000092300000, 0x0000000092300000|100%| E|CS|TAMS 0x0000000092200000| PB 0x0000000092200000| Complete 
| 291|0x0000000092300000, 0x0000000092400000, 0x0000000092400000|100%| E|CS|TAMS 0x0000000092300000| PB 0x0000000092300000| Complete 
| 292|0x0000000092400000, 0x0000000092500000, 0x0000000092500000|100%| E|CS|TAMS 0x0000000092400000| PB 0x0000000092400000| Complete 
| 293|0x0000000092500000, 0x0000000092600000, 0x0000000092600000|100%| E|CS|TAMS 0x0000000092500000| PB 0x0000000092500000| Complete 
| 294|0x0000000092600000, 0x0000000092700000, 0x0000000092700000|100%| E|CS|TAMS 0x0000000092600000| PB 0x0000000092600000| Complete 
| 295|0x0000000092700000, 0x0000000092800000, 0x0000000092800000|100%| E|CS|TAMS 0x0000000092700000| PB 0x0000000092700000| Complete 
| 296|0x0000000092800000, 0x0000000092900000, 0x0000000092900000|100%| E|CS|TAMS 0x0000000092800000| PB 0x0000000092800000| Complete 
| 297|0x0000000092900000, 0x0000000092a00000, 0x0000000092a00000|100%| E|CS|TAMS 0x0000000092900000| PB 0x0000000092900000| Complete 
| 298|0x0000000092a00000, 0x0000000092b00000, 0x0000000092b00000|100%| E|CS|TAMS 0x0000000092a00000| PB 0x0000000092a00000| Complete 
| 299|0x0000000092b00000, 0x0000000092c00000, 0x0000000092c00000|100%| E|CS|TAMS 0x0000000092b00000| PB 0x0000000092b00000| Complete 
| 300|0x0000000092c00000, 0x0000000092d00000, 0x0000000092d00000|100%| E|CS|TAMS 0x0000000092c00000| PB 0x0000000092c00000| Complete 
| 301|0x0000000092d00000, 0x0000000092e00000, 0x0000000092e00000|100%| E|CS|TAMS 0x0000000092d00000| PB 0x0000000092d00000| Complete 
| 302|0x0000000092e00000, 0x0000000092f00000, 0x0000000092f00000|100%| E|CS|TAMS 0x0000000092e00000| PB 0x0000000092e00000| Complete 
| 303|0x0000000092f00000, 0x0000000093000000, 0x0000000093000000|100%| E|CS|TAMS 0x0000000092f00000| PB 0x0000000092f00000| Complete 
| 304|0x0000000093000000, 0x0000000093100000, 0x0000000093100000|100%| E|CS|TAMS 0x0000000093000000| PB 0x0000000093000000| Complete 
| 305|0x0000000093100000, 0x0000000093200000, 0x0000000093200000|100%| E|CS|TAMS 0x0000000093100000| PB 0x0000000093100000| Complete 
| 306|0x0000000093200000, 0x0000000093300000, 0x0000000093300000|100%| E|CS|TAMS 0x0000000093200000| PB 0x0000000093200000| Complete 
| 307|0x0000000093300000, 0x0000000093400000, 0x0000000093400000|100%| E|CS|TAMS 0x0000000093300000| PB 0x0000000093300000| Complete 
| 308|0x0000000093400000, 0x0000000093500000, 0x0000000093500000|100%| E|CS|TAMS 0x0000000093400000| PB 0x0000000093400000| Complete 
| 309|0x0000000093500000, 0x0000000093600000, 0x0000000093600000|100%| E|CS|TAMS 0x0000000093500000| PB 0x0000000093500000| Complete 
| 310|0x0000000093600000, 0x0000000093700000, 0x0000000093700000|100%| E|CS|TAMS 0x0000000093600000| PB 0x0000000093600000| Complete 
| 311|0x0000000093700000, 0x0000000093800000, 0x0000000093800000|100%| E|CS|TAMS 0x0000000093700000| PB 0x0000000093700000| Complete 
| 312|0x0000000093800000, 0x0000000093900000, 0x0000000093900000|100%| E|CS|TAMS 0x0000000093800000| PB 0x0000000093800000| Complete 
| 313|0x0000000093900000, 0x0000000093a00000, 0x0000000093a00000|100%| E|CS|TAMS 0x0000000093900000| PB 0x0000000093900000| Complete 
| 314|0x0000000093a00000, 0x0000000093b00000, 0x0000000093b00000|100%| E|CS|TAMS 0x0000000093a00000| PB 0x0000000093a00000| Complete 
| 315|0x0000000093b00000, 0x0000000093c00000, 0x0000000093c00000|100%| E|CS|TAMS 0x0000000093b00000| PB 0x0000000093b00000| Complete 
| 316|0x0000000093c00000, 0x0000000093d00000, 0x0000000093d00000|100%| E|CS|TAMS 0x0000000093c00000| PB 0x0000000093c00000| Complete 
| 317|0x0000000093d00000, 0x0000000093e00000, 0x0000000093e00000|100%| E|CS|TAMS 0x0000000093d00000| PB 0x0000000093d00000| Complete 
| 318|0x0000000093e00000, 0x0000000093f00000, 0x0000000093f00000|100%| E|CS|TAMS 0x0000000093e00000| PB 0x0000000093e00000| Complete 
| 319|0x0000000093f00000, 0x0000000094000000, 0x0000000094000000|100%| E|CS|TAMS 0x0000000093f00000| PB 0x0000000093f00000| Complete 
| 320|0x0000000094000000, 0x0000000094100000, 0x0000000094100000|100%| E|CS|TAMS 0x0000000094000000| PB 0x0000000094000000| Complete 
| 321|0x0000000094100000, 0x0000000094200000, 0x0000000094200000|100%| E|CS|TAMS 0x0000000094100000| PB 0x0000000094100000| Complete 
| 322|0x0000000094200000, 0x0000000094300000, 0x0000000094300000|100%| E|CS|TAMS 0x0000000094200000| PB 0x0000000094200000| Complete 
| 323|0x0000000094300000, 0x0000000094400000, 0x0000000094400000|100%| E|CS|TAMS 0x0000000094300000| PB 0x0000000094300000| Complete 
| 324|0x0000000094400000, 0x0000000094500000, 0x0000000094500000|100%| E|CS|TAMS 0x0000000094400000| PB 0x0000000094400000| Complete 
| 325|0x0000000094500000, 0x0000000094600000, 0x0000000094600000|100%| E|CS|TAMS 0x0000000094500000| PB 0x0000000094500000| Complete 
| 326|0x0000000094600000, 0x0000000094700000, 0x0000000094700000|100%| E|CS|TAMS 0x0000000094600000| PB 0x0000000094600000| Complete 
| 327|0x0000000094700000, 0x0000000094800000, 0x0000000094800000|100%| E|CS|TAMS 0x0000000094700000| PB 0x0000000094700000| Complete 
| 328|0x0000000094800000, 0x0000000094900000, 0x0000000094900000|100%| E|CS|TAMS 0x0000000094800000| PB 0x0000000094800000| Complete 
| 329|0x0000000094900000, 0x0000000094a00000, 0x0000000094a00000|100%| E|CS|TAMS 0x0000000094900000| PB 0x0000000094900000| Complete 
| 330|0x0000000094a00000, 0x0000000094b00000, 0x0000000094b00000|100%| E|CS|TAMS 0x0000000094a00000| PB 0x0000000094a00000| Complete 
| 331|0x0000000094b00000, 0x0000000094c00000, 0x0000000094c00000|100%| E|CS|TAMS 0x0000000094b00000| PB 0x0000000094b00000| Complete 
| 332|0x0000000094c00000, 0x0000000094d00000, 0x0000000094d00000|100%| E|CS|TAMS 0x0000000094c00000| PB 0x0000000094c00000| Complete 
| 333|0x0000000094d00000, 0x0000000094e00000, 0x0000000094e00000|100%| E|CS|TAMS 0x0000000094d00000| PB 0x0000000094d00000| Complete 
| 334|0x0000000094e00000, 0x0000000094f00000, 0x0000000094f00000|100%| E|CS|TAMS 0x0000000094e00000| PB 0x0000000094e00000| Complete 
| 335|0x0000000094f00000, 0x0000000095000000, 0x0000000095000000|100%| E|CS|TAMS 0x0000000094f00000| PB 0x0000000094f00000| Complete 
| 336|0x0000000095000000, 0x0000000095100000, 0x0000000095100000|100%| E|CS|TAMS 0x0000000095000000| PB 0x0000000095000000| Complete 
| 337|0x0000000095100000, 0x0000000095200000, 0x0000000095200000|100%| E|CS|TAMS 0x0000000095100000| PB 0x0000000095100000| Complete 
| 338|0x0000000095200000, 0x0000000095300000, 0x0000000095300000|100%| E|CS|TAMS 0x0000000095200000| PB 0x0000000095200000| Complete 
| 339|0x0000000095300000, 0x0000000095400000, 0x0000000095400000|100%| E|CS|TAMS 0x0000000095300000| PB 0x0000000095300000| Complete 
| 340|0x0000000095400000, 0x0000000095500000, 0x0000000095500000|100%| E|CS|TAMS 0x0000000095400000| PB 0x0000000095400000| Complete 
| 341|0x0000000095500000, 0x0000000095600000, 0x0000000095600000|100%| E|CS|TAMS 0x0000000095500000| PB 0x0000000095500000| Complete 
| 342|0x0000000095600000, 0x0000000095700000, 0x0000000095700000|100%| E|CS|TAMS 0x0000000095600000| PB 0x0000000095600000| Complete 
| 343|0x0000000095700000, 0x0000000095800000, 0x0000000095800000|100%| E|CS|TAMS 0x0000000095700000| PB 0x0000000095700000| Complete 
| 344|0x0000000095800000, 0x0000000095900000, 0x0000000095900000|100%| E|CS|TAMS 0x0000000095800000| PB 0x0000000095800000| Complete 
| 345|0x0000000095900000, 0x0000000095a00000, 0x0000000095a00000|100%| E|CS|TAMS 0x0000000095900000| PB 0x0000000095900000| Complete 
| 346|0x0000000095a00000, 0x0000000095b00000, 0x0000000095b00000|100%| E|CS|TAMS 0x0000000095a00000| PB 0x0000000095a00000| Complete 
| 347|0x0000000095b00000, 0x0000000095c00000, 0x0000000095c00000|100%| E|CS|TAMS 0x0000000095b00000| PB 0x0000000095b00000| Complete 
| 348|0x0000000095c00000, 0x0000000095d00000, 0x0000000095d00000|100%| E|CS|TAMS 0x0000000095c00000| PB 0x0000000095c00000| Complete 
| 349|0x0000000095d00000, 0x0000000095e00000, 0x0000000095e00000|100%| E|CS|TAMS 0x0000000095d00000| PB 0x0000000095d00000| Complete 
| 350|0x0000000095e00000, 0x0000000095f00000, 0x0000000095f00000|100%| E|CS|TAMS 0x0000000095e00000| PB 0x0000000095e00000| Complete 
| 351|0x0000000095f00000, 0x0000000096000000, 0x0000000096000000|100%| E|CS|TAMS 0x0000000095f00000| PB 0x0000000095f00000| Complete 
| 352|0x0000000096000000, 0x0000000096100000, 0x0000000096100000|100%| E|CS|TAMS 0x0000000096000000| PB 0x0000000096000000| Complete 
| 353|0x0000000096100000, 0x0000000096200000, 0x0000000096200000|100%| E|CS|TAMS 0x0000000096100000| PB 0x0000000096100000| Complete 
| 354|0x0000000096200000, 0x0000000096300000, 0x0000000096300000|100%| E|CS|TAMS 0x0000000096200000| PB 0x0000000096200000| Complete 
| 355|0x0000000096300000, 0x0000000096400000, 0x0000000096400000|100%| E|CS|TAMS 0x0000000096300000| PB 0x0000000096300000| Complete 
| 356|0x0000000096400000, 0x0000000096500000, 0x0000000096500000|100%| E|CS|TAMS 0x0000000096400000| PB 0x0000000096400000| Complete 
| 357|0x0000000096500000, 0x0000000096600000, 0x0000000096600000|100%| E|CS|TAMS 0x0000000096500000| PB 0x0000000096500000| Complete 
| 358|0x0000000096600000, 0x0000000096700000, 0x0000000096700000|100%| E|CS|TAMS 0x0000000096600000| PB 0x0000000096600000| Complete 
| 359|0x0000000096700000, 0x0000000096800000, 0x0000000096800000|100%| E|CS|TAMS 0x0000000096700000| PB 0x0000000096700000| Complete 
| 360|0x0000000096800000, 0x0000000096900000, 0x0000000096900000|100%| E|CS|TAMS 0x0000000096800000| PB 0x0000000096800000| Complete 
| 361|0x0000000096900000, 0x0000000096a00000, 0x0000000096a00000|100%| E|CS|TAMS 0x0000000096900000| PB 0x0000000096900000| Complete 
| 362|0x0000000096a00000, 0x0000000096b00000, 0x0000000096b00000|100%| E|CS|TAMS 0x0000000096a00000| PB 0x0000000096a00000| Complete 
| 363|0x0000000096b00000, 0x0000000096c00000, 0x0000000096c00000|100%| E|CS|TAMS 0x0000000096b00000| PB 0x0000000096b00000| Complete 
| 364|0x0000000096c00000, 0x0000000096d00000, 0x0000000096d00000|100%| E|CS|TAMS 0x0000000096c00000| PB 0x0000000096c00000| Complete 
| 365|0x0000000096d00000, 0x0000000096e00000, 0x0000000096e00000|100%| E|CS|TAMS 0x0000000096d00000| PB 0x0000000096d00000| Complete 
| 366|0x0000000096e00000, 0x0000000096f00000, 0x0000000096f00000|100%| E|CS|TAMS 0x0000000096e00000| PB 0x0000000096e00000| Complete 
| 367|0x0000000096f00000, 0x0000000097000000, 0x0000000097000000|100%| E|CS|TAMS 0x0000000096f00000| PB 0x0000000096f00000| Complete 
| 368|0x0000000097000000, 0x0000000097100000, 0x0000000097100000|100%| E|CS|TAMS 0x0000000097000000| PB 0x0000000097000000| Complete 
| 369|0x0000000097100000, 0x0000000097200000, 0x0000000097200000|100%| E|CS|TAMS 0x0000000097100000| PB 0x0000000097100000| Complete 
| 370|0x0000000097200000, 0x0000000097300000, 0x0000000097300000|100%| E|CS|TAMS 0x0000000097200000| PB 0x0000000097200000| Complete 
| 371|0x0000000097300000, 0x0000000097400000, 0x0000000097400000|100%| E|CS|TAMS 0x0000000097300000| PB 0x0000000097300000| Complete 
| 372|0x0000000097400000, 0x0000000097500000, 0x0000000097500000|100%| E|CS|TAMS 0x0000000097400000| PB 0x0000000097400000| Complete 
| 373|0x0000000097500000, 0x0000000097600000, 0x0000000097600000|100%| E|CS|TAMS 0x0000000097500000| PB 0x0000000097500000| Complete 
| 374|0x0000000097600000, 0x0000000097700000, 0x0000000097700000|100%| E|CS|TAMS 0x0000000097600000| PB 0x0000000097600000| Complete 
| 375|0x0000000097700000, 0x0000000097800000, 0x0000000097800000|100%| E|CS|TAMS 0x0000000097700000| PB 0x0000000097700000| Complete 
| 376|0x0000000097800000, 0x0000000097900000, 0x0000000097900000|100%| E|CS|TAMS 0x0000000097800000| PB 0x0000000097800000| Complete 
| 377|0x0000000097900000, 0x0000000097a00000, 0x0000000097a00000|100%| E|CS|TAMS 0x0000000097900000| PB 0x0000000097900000| Complete 
| 378|0x0000000097a00000, 0x0000000097b00000, 0x0000000097b00000|100%| E|CS|TAMS 0x0000000097a00000| PB 0x0000000097a00000| Complete 
| 379|0x0000000097b00000, 0x0000000097c00000, 0x0000000097c00000|100%| E|CS|TAMS 0x0000000097b00000| PB 0x0000000097b00000| Complete 
| 380|0x0000000097c00000, 0x0000000097d00000, 0x0000000097d00000|100%| E|CS|TAMS 0x0000000097c00000| PB 0x0000000097c00000| Complete 
| 381|0x0000000097d00000, 0x0000000097e00000, 0x0000000097e00000|100%| E|CS|TAMS 0x0000000097d00000| PB 0x0000000097d00000| Complete 
| 382|0x0000000097e00000, 0x0000000097f00000, 0x0000000097f00000|100%| E|CS|TAMS 0x0000000097e00000| PB 0x0000000097e00000| Complete 
| 383|0x0000000097f00000, 0x0000000098000000, 0x0000000098000000|100%| E|CS|TAMS 0x0000000097f00000| PB 0x0000000097f00000| Complete 
| 384|0x0000000098000000, 0x0000000098100000, 0x0000000098100000|100%| E|CS|TAMS 0x0000000098000000| PB 0x0000000098000000| Complete 
| 385|0x0000000098100000, 0x0000000098200000, 0x0000000098200000|100%| E|CS|TAMS 0x0000000098100000| PB 0x0000000098100000| Complete 
| 386|0x0000000098200000, 0x0000000098300000, 0x0000000098300000|100%| S|CS|TAMS 0x0000000098200000| PB 0x0000000098200000| Complete 
| 387|0x0000000098300000, 0x0000000098400000, 0x0000000098400000|100%| S|CS|TAMS 0x0000000098300000| PB 0x0000000098300000| Complete 
| 388|0x0000000098400000, 0x0000000098500000, 0x0000000098500000|100%| S|CS|TAMS 0x0000000098400000| PB 0x0000000098400000| Complete 
| 389|0x0000000098500000, 0x0000000098600000, 0x0000000098600000|100%| S|CS|TAMS 0x0000000098500000| PB 0x0000000098500000| Complete 
| 390|0x0000000098600000, 0x0000000098700000, 0x0000000098700000|100%| S|CS|TAMS 0x0000000098600000| PB 0x0000000098600000| Complete 
| 391|0x0000000098700000, 0x00000000987c3420, 0x0000000098800000| 76%| S|CS|TAMS 0x0000000098700000| PB 0x0000000098700000| Complete 
|2018|0x00000000fe200000, 0x00000000fe2f9b60, 0x00000000fe300000| 97%| O|  |TAMS 0x00000000fe200000| PB 0x00000000fe200000| Untracked 
|2019|0x00000000fe300000, 0x00000000fe400000, 0x00000000fe400000|100%| O|  |TAMS 0x00000000fe300000| PB 0x00000000fe300000| Untracked 
|2020|0x00000000fe400000, 0x00000000fe500000, 0x00000000fe500000|100%| O|  |TAMS 0x00000000fe400000| PB 0x00000000fe400000| Untracked 
|2021|0x00000000fe500000, 0x00000000fe600000, 0x00000000fe600000|100%| O|  |TAMS 0x00000000fe500000| PB 0x00000000fe500000| Untracked 
|2022|0x00000000fe600000, 0x00000000fe700000, 0x00000000fe700000|100%| O|  |TAMS 0x00000000fe600000| PB 0x00000000fe600000| Untracked 
|2023|0x00000000fe700000, 0x00000000fe800000, 0x00000000fe800000|100%| O|  |TAMS 0x00000000fe700000| PB 0x00000000fe700000| Untracked 
|2024|0x00000000fe800000, 0x00000000fe900000, 0x00000000fe900000|100%| O|  |TAMS 0x00000000fe800000| PB 0x00000000fe800000| Untracked 
|2025|0x00000000fe900000, 0x00000000fea00000, 0x00000000fea00000|100%| O|  |TAMS 0x00000000fe900000| PB 0x00000000fe900000| Untracked 
|2026|0x00000000fea00000, 0x00000000feb00000, 0x00000000feb00000|100%| O|  |TAMS 0x00000000fea00000| PB 0x00000000fea00000| Untracked 
|2027|0x00000000feb00000, 0x00000000fec00000, 0x00000000fec00000|100%| O|  |TAMS 0x00000000feb00000| PB 0x00000000feb00000| Untracked 
|2028|0x00000000fec00000, 0x00000000fed00000, 0x00000000fed00000|100%| O|  |TAMS 0x00000000fec00000| PB 0x00000000fec00000| Untracked 
|2029|0x00000000fed00000, 0x00000000fee00000, 0x00000000fee00000|100%| O|  |TAMS 0x00000000fed00000| PB 0x00000000fed00000| Untracked 
|2030|0x00000000fee00000, 0x00000000fef00000, 0x00000000fef00000|100%| O|  |TAMS 0x00000000fee00000| PB 0x00000000fee00000| Untracked 
|2031|0x00000000fef00000, 0x00000000ff000000, 0x00000000ff000000|100%| O|  |TAMS 0x00000000fef00000| PB 0x00000000fef00000| Untracked 
|2032|0x00000000ff000000, 0x00000000ff100000, 0x00000000ff100000|100%| E|CS|TAMS 0x00000000ff000000| PB 0x00000000ff000000| Complete 
|2033|0x00000000ff100000, 0x00000000ff200000, 0x00000000ff200000|100%| E|  |TAMS 0x00000000ff100000| PB 0x00000000ff100000| Complete 
|2034|0x00000000ff200000, 0x00000000ff300000, 0x00000000ff300000|100%| E|CS|TAMS 0x00000000ff200000| PB 0x00000000ff200000| Complete 
|2035|0x00000000ff300000, 0x00000000ff400000, 0x00000000ff400000|100%| E|CS|TAMS 0x00000000ff300000| PB 0x00000000ff300000| Complete 
|2036|0x00000000ff400000, 0x00000000ff500000, 0x00000000ff500000|100%| E|CS|TAMS 0x00000000ff400000| PB 0x00000000ff400000| Complete 
|2037|0x00000000ff500000, 0x00000000ff600000, 0x00000000ff600000|100%| E|CS|TAMS 0x00000000ff500000| PB 0x00000000ff500000| Complete 
|2038|0x00000000ff600000, 0x00000000ff700000, 0x00000000ff700000|100%| O|  |TAMS 0x00000000ff600000| PB 0x00000000ff600000| Untracked 
|2039|0x00000000ff700000, 0x00000000ff800000, 0x00000000ff800000|100%| O|  |TAMS 0x00000000ff700000| PB 0x00000000ff700000| Untracked 
|2040|0x00000000ff800000, 0x00000000ff900000, 0x00000000ff900000|100%| O|  |TAMS 0x00000000ff800000| PB 0x00000000ff800000| Untracked 
|2041|0x00000000ff900000, 0x00000000ffa00000, 0x00000000ffa00000|100%| E|CS|TAMS 0x00000000ff900000| PB 0x00000000ff900000| Complete 
|2042|0x00000000ffa00000, 0x00000000ffb00000, 0x00000000ffb00000|100%| O|  |TAMS 0x00000000ffa00000| PB 0x00000000ffa00000| Untracked 
|2043|0x00000000ffb00000, 0x00000000ffc00000, 0x00000000ffc00000|100%| E|CS|TAMS 0x00000000ffb00000| PB 0x00000000ffb00000| Complete 
|2044|0x00000000ffc00000, 0x00000000ffd00000, 0x00000000ffd00000|100%| E|CS|TAMS 0x00000000ffc00000| PB 0x00000000ffc00000| Complete 
|2045|0x00000000ffd00000, 0x00000000ffe00000, 0x00000000ffe00000|100%| E|CS|TAMS 0x00000000ffd00000| PB 0x00000000ffd00000| Complete 
|2046|0x00000000ffe00000, 0x00000000fff00000, 0x00000000fff00000|100%| E|CS|TAMS 0x00000000ffe00000| PB 0x00000000ffe00000| Complete 
|2047|0x00000000fff00000, 0x0000000100000000, 0x0000000100000000|100%| O|  |TAMS 0x00000000fff00000| PB 0x00000000fff00000| Untracked 

Card table byte_map: [0x0000018859060000,0x0000018859460000] _byte_map_base: 0x0000018858c60000

Marking Bits: (CMBitMap*) 0x0000018845a9bdf0
 Bits: [0x0000018859460000, 0x000001885b460000)

Polling page: 0x00000188459b0000

Metaspace:

Usage:
  Non-class:    141.86 MB used.
      Class:     23.64 MB used.
       Both:    165.50 MB used.

Virtual space:
  Non-class space:      192.00 MB reserved,     143.12 MB ( 75%) committed,  3 nodes.
      Class space:        1.00 GB reserved,      24.88 MB (  2%) committed,  1 nodes.
             Both:        1.19 GB reserved,     168.00 MB ( 14%) committed. 

Chunk freelists:
   Non-Class:  400.00 KB
       Class:  6.97 MB
        Both:  7.36 MB

MaxMetaspaceSize: unlimited
CompressedClassSpaceSize: 1.00 GB
Initial GC threshold: 21.00 MB
Current GC threshold: 278.25 MB
CDS: off
 - commit_granule_bytes: 65536.
 - commit_granule_words: 8192.
 - virtual_space_node_default_size: 8388608.
 - enlarge_chunks_in_place: 1.
 - use_allocation_guard: 0.


Internal statistics:

num_allocs_failed_limit: 9.
num_arena_births: 5124.
num_arena_deaths: 150.
num_vsnodes_births: 4.
num_vsnodes_deaths: 0.
num_space_committed: 2689.
num_space_uncommitted: 1.
num_chunks_returned_to_freelist: 244.
num_chunks_taken_from_freelist: 12616.
num_chunk_merges: 85.
num_chunk_splits: 8190.
num_chunks_enlarged: 5156.
num_inconsistent_stats: 0.

CodeHeap 'non-profiled nmethods': size=120000Kb used=14427Kb max_used=14427Kb free=105572Kb
 bounds [0x0000018850ba0000, 0x00000188519c0000, 0x00000188580d0000]
CodeHeap 'profiled nmethods': size=120000Kb used=42703Kb max_used=42703Kb free=77296Kb
 bounds [0x00000188490d0000, 0x000001884ba90000, 0x0000018850600000]
CodeHeap 'non-nmethods': size=5760Kb used=3055Kb max_used=3119Kb free=2704Kb
 bounds [0x0000018850600000, 0x0000018850920000, 0x0000018850ba0000]
CodeCache: size=245760Kb, used=60185Kb, max_used=60249Kb, free=185572Kb
 total_blobs=22530, nmethods=21405, adapters=1026, full_count=0
Compilation: enabled, stopped_count=0, restarted_count=0

Compilation events (20 events):
Event: 2662.299 Thread 0x000001885e363f80 27644       3       org.gradle.api.internal.file.collections.DefaultConfigurableFileCollection::lambda$visitChildren$2 (5 bytes)
Event: 2662.299 Thread 0x000001885e363f80 nmethod 27644 0x000001884ba7bf90 code [0x000001884ba7c160, 0x000001884ba7c428]
Event: 2662.299 Thread 0x000001885e363f80 27645       3       org.gradle.api.internal.file.collections.DefaultConfigurableFileCollection$ResolvedItemsCollector::<init> (10 bytes)
Event: 2662.299 Thread 0x000001885e363f80 nmethod 27645 0x000001884ba7c590 code [0x000001884ba7c740, 0x000001884ba7c8f8]
Event: 2662.301 Thread 0x000001885e363f80 27646       1       org.gradle.internal.fingerprint.impl.DefaultCurrentFileCollectionFingerprint::getStrategyIdentifier (5 bytes)
Event: 2662.301 Thread 0x000001885e363f80 nmethod 27646 0x00000188519b5a90 code [0x00000188519b5c20, 0x00000188519b5ce8]
Event: 2662.301 Thread 0x000001885e363f80 27647       1       org.gradle.internal.fingerprint.impl.DefaultCurrentFileCollectionFingerprint::getRootHashes (5 bytes)
Event: 2662.301 Thread 0x000001885e363f80 nmethod 27647 0x00000188519b5d90 code [0x00000188519b5f20, 0x00000188519b5fe8]
Event: 2662.309 Thread 0x000001885e363f80 27648       2       java.util.concurrent.atomic.AtomicReference::getAndSet (9 bytes)
Event: 2662.309 Thread 0x000001885e363f80 nmethod 27648 0x000001884ba7c990 code [0x000001884ba7cba0, 0x000001884ba7d058]
Event: 2662.309 Thread 0x000001885e363f80 27649       2       java.lang.invoke.VarHandleGuards::guard_LL_L (89 bytes)
Event: 2662.312 Thread 0x000001885e363f80 nmethod 27649 0x000001884ba7d310 code [0x000001884ba7d5e0, 0x000001884ba7e0e0]
Event: 2662.312 Thread 0x000001885e363f80 27650       2       java.lang.invoke.VarHandleReferences$FieldInstanceReadWrite::getAndSet (35 bytes)
Event: 2662.312 Thread 0x000001885e363f80 nmethod 27650 0x000001884ba7e790 code [0x000001884ba7e9a0, 0x000001884ba7ee40]
Event: 2662.314 Thread 0x000001885e363f80 27651       3       kotlin.text.StringsKt__StringsKt::split$default (26 bytes)
Event: 2662.314 Thread 0x000001885e363f80 nmethod 27651 0x000001884ba7f090 code [0x000001884ba7f240, 0x000001884ba7f3c8]
Event: 2662.314 Thread 0x000001885e363f80 27652       3       kotlin.text.StringsKt__StringsKt::split (165 bytes)
Event: 2662.318 Thread 0x000001885e363f80 nmethod 27652 0x000001884ba7f490 code [0x000001884ba7f960, 0x000001884ba81c30]
Event: 2662.318 Thread 0x000001885e363f80 27653       3       kotlin.jvm.internal.Intrinsics::compare (20 bytes)
Event: 2662.318 Thread 0x000001885e363f80 nmethod 27653 0x000001884ba82990 code [0x000001884ba82b40, 0x000001884ba82d10]

GC Heap History (20 events):
Event: 41.382 GC heap before
{Heap before GC invocations=57 (full 0):
 garbage-first heap   total 299008K, used 233472K [0x0000000080000000, 0x0000000100000000)
  region size 1024K, 64 young (65536K), 10 survivors (10240K)
 Metaspace       used 137393K, committed 139776K, reserved 1179648K
  class space    used 19240K, committed 20416K, reserved 1048576K
}
Event: 41.398 GC heap after
{Heap after GC invocations=58 (full 0):
 garbage-first heap   total 299008K, used 185272K [0x0000000080000000, 0x0000000100000000)
  region size 1024K, 5 young (5120K), 5 survivors (5120K)
 Metaspace       used 137393K, committed 139776K, reserved 1179648K
  class space    used 19240K, committed 20416K, reserved 1048576K
}
Event: 42.364 GC heap before
{Heap before GC invocations=58 (full 0):
 garbage-first heap   total 299008K, used 265144K [0x0000000080000000, 0x0000000100000000)
  region size 1024K, 84 young (86016K), 5 survivors (5120K)
 Metaspace       used 146394K, committed 148864K, reserved 1179648K
  class space    used 20765K, committed 21952K, reserved 1048576K
}
Event: 42.378 GC heap after
{Heap after GC invocations=59 (full 0):
 garbage-first heap   total 359424K, used 187996K [0x0000000080000000, 0x0000000100000000)
  region size 1024K, 11 young (11264K), 11 survivors (11264K)
 Metaspace       used 146394K, committed 148864K, reserved 1179648K
  class space    used 20765K, committed 21952K, reserved 1048576K
}
Event: 43.194 GC heap before
{Heap before GC invocations=59 (full 0):
 garbage-first heap   total 359424K, used 322140K [0x0000000080000000, 0x0000000100000000)
  region size 1024K, 143 young (146432K), 11 survivors (11264K)
 Metaspace       used 156994K, committed 159552K, reserved 1245184K
  class space    used 22748K, committed 24000K, reserved 1048576K
}
Event: 43.210 GC heap after
{Heap after GC invocations=60 (full 0):
 garbage-first heap   total 359424K, used 197481K [0x0000000080000000, 0x0000000100000000)
  region size 1024K, 16 young (16384K), 16 survivors (16384K)
 Metaspace       used 156994K, committed 159552K, reserved 1245184K
  class space    used 22748K, committed 24000K, reserved 1048576K
}
Event: 43.568 GC heap before
{Heap before GC invocations=61 (full 0):
 garbage-first heap   total 359424K, used 314217K [0x0000000080000000, 0x0000000100000000)
  region size 1024K, 132 young (135168K), 16 survivors (16384K)
 Metaspace       used 158072K, committed 160640K, reserved 1245184K
  class space    used 22981K, committed 24192K, reserved 1048576K
}
Event: 43.576 GC heap after
{Heap after GC invocations=62 (full 0):
 garbage-first heap   total 359424K, used 197254K [0x0000000080000000, 0x0000000100000000)
  region size 1024K, 11 young (11264K), 11 survivors (11264K)
 Metaspace       used 158072K, committed 160640K, reserved 1245184K
  class space    used 22981K, committed 24192K, reserved 1048576K
}
Event: 43.700 GC heap before
{Heap before GC invocations=62 (full 0):
 garbage-first heap   total 359424K, used 323206K [0x0000000080000000, 0x0000000100000000)
  region size 1024K, 134 young (137216K), 11 survivors (11264K)
 Metaspace       used 158322K, committed 160832K, reserved 1245184K
  class space    used 22997K, committed 24192K, reserved 1048576K
}
Event: 43.706 GC heap after
{Heap after GC invocations=63 (full 0):
 garbage-first heap   total 359424K, used 184196K [0x0000000080000000, 0x0000000100000000)
  region size 1024K, 5 young (5120K), 5 survivors (5120K)
 Metaspace       used 158322K, committed 160832K, reserved 1245184K
  class space    used 22997K, committed 24192K, reserved 1048576K
}
Event: 43.852 GC heap before
{Heap before GC invocations=63 (full 0):
 garbage-first heap   total 359424K, used 325508K [0x0000000080000000, 0x0000000100000000)
  region size 1024K, 144 young (147456K), 5 survivors (5120K)
 Metaspace       used 159200K, committed 161664K, reserved 1245184K
  class space    used 23136K, committed 24320K, reserved 1048576K
}
Event: 43.855 GC heap after
{Heap after GC invocations=64 (full 0):
 garbage-first heap   total 359424K, used 185334K [0x0000000080000000, 0x0000000100000000)
  region size 1024K, 6 young (6144K), 6 survivors (6144K)
 Metaspace       used 159200K, committed 161664K, reserved 1245184K
  class space    used 23136K, committed 24320K, reserved 1048576K
}
Event: 44.107 GC heap before
{Heap before GC invocations=65 (full 0):
 garbage-first heap   total 359424K, used 329718K [0x0000000080000000, 0x0000000100000000)
  region size 1024K, 150 young (153600K), 6 survivors (6144K)
 Metaspace       used 159623K, committed 162176K, reserved 1245184K
  class space    used 23119K, committed 24384K, reserved 1048576K
}
Event: 44.111 GC heap after
{Heap after GC invocations=66 (full 0):
 garbage-first heap   total 359424K, used 183990K [0x0000000080000000, 0x0000000100000000)
  region size 1024K, 6 young (6144K), 6 survivors (6144K)
 Metaspace       used 159623K, committed 162176K, reserved 1245184K
  class space    used 23119K, committed 24384K, reserved 1048576K
}
Event: 45.556 GC heap before
{Heap before GC invocations=66 (full 0):
 garbage-first heap   total 402432K, used 401078K [0x0000000080000000, 0x0000000100000000)
  region size 1024K, 141 young (144384K), 6 survivors (6144K)
 Metaspace       used 164523K, committed 167040K, reserved 1245184K
  class space    used 23789K, committed 25024K, reserved 1048576K
}
Event: 45.567 GC heap after
{Heap after GC invocations=67 (full 0):
 garbage-first heap   total 414720K, used 181799K [0x0000000080000000, 0x0000000100000000)
  region size 1024K, 9 young (9216K), 9 survivors (9216K)
 Metaspace       used 164523K, committed 167040K, reserved 1245184K
  class space    used 23789K, committed 25024K, reserved 1048576K
}
Event: 53.033 GC heap before
{Heap before GC invocations=67 (full 0):
 garbage-first heap   total 414720K, used 382503K [0x0000000080000000, 0x0000000100000000)
  region size 1024K, 206 young (210944K), 9 survivors (9216K)
 Metaspace       used 168459K, committed 170944K, reserved 1245184K
  class space    used 24188K, committed 25408K, reserved 1048576K
}
Event: 53.052 GC heap after
{Heap after GC invocations=68 (full 0):
 garbage-first heap   total 414720K, used 198312K [0x0000000080000000, 0x0000000100000000)
  region size 1024K, 25 young (25600K), 25 survivors (25600K)
 Metaspace       used 168459K, committed 170944K, reserved 1245184K
  class space    used 24188K, committed 25408K, reserved 1048576K
}
Event: 2659.105 GC heap before
{Heap before GC invocations=69 (full 0):
 garbage-first heap   total 414720K, used 413352K [0x0000000080000000, 0x0000000100000000)
  region size 1024K, 158 young (161792K), 25 survivors (25600K)
 Metaspace       used 169051K, committed 171584K, reserved 1245184K
  class space    used 24204K, committed 25472K, reserved 1048576K
}
Event: 2659.311 GC heap after
{Heap after GC invocations=70 (full 0):
 garbage-first heap   total 432128K, used 190195K [0x0000000080000000, 0x0000000100000000)
  region size 1024K, 6 young (6144K), 6 survivors (6144K)
 Metaspace       used 169051K, committed 171584K, reserved 1245184K
  class space    used 24204K, committed 25472K, reserved 1048576K
}

Dll operation events (3 events):
Event: 0.027 Loaded shared library E:\android_studio\jbr\bin\java.dll
Event: 0.041 Loaded shared library E:\android_studio\jbr\bin\zip.dll
Event: 0.849 Loaded shared library E:\android_studio\jbr\bin\verify.dll

Deoptimization events (20 events):
Event: 2661.299 Thread 0x000001886edf7f20 Uncommon trap: trap_request=0xffffffbe fr.pc=0x0000018851943d58 relative=0x0000000000002f58
Event: 2661.299 Thread 0x000001886edf7f20 Uncommon trap: reason=profile_predicate action=maybe_recompile pc=0x0000018851943d58 method=org.gradle.api.internal.artifacts.ivyservice.resolveengine.graph.builder.DependencyGraphBuilder.performSelectionSerially(Ljava/util/List;Lorg/gradle/api/specs/Spec
Event: 2661.299 Thread 0x000001886edf7f20 DEOPT PACKING pc=0x0000018851943d58 sp=0x0000000a75bfb170
Event: 2661.299 Thread 0x000001886edf7f20 DEOPT UNPACKING pc=0x00000188506546a2 sp=0x0000000a75bfb1a0 mode 2
Event: 2661.301 Thread 0x000001886edf7f20 Uncommon trap: trap_request=0xffffffbe fr.pc=0x0000018851943d58 relative=0x0000000000002f58
Event: 2661.301 Thread 0x000001886edf7f20 Uncommon trap: reason=profile_predicate action=maybe_recompile pc=0x0000018851943d58 method=org.gradle.api.internal.artifacts.ivyservice.resolveengine.graph.builder.DependencyGraphBuilder.performSelectionSerially(Ljava/util/List;Lorg/gradle/api/specs/Spec
Event: 2661.301 Thread 0x000001886edf7f20 DEOPT PACKING pc=0x0000018851943d58 sp=0x0000000a75bfb170
Event: 2661.301 Thread 0x000001886edf7f20 DEOPT UNPACKING pc=0x00000188506546a2 sp=0x0000000a75bfb1a0 mode 2
Event: 2661.302 Thread 0x000001886edf7f20 Uncommon trap: trap_request=0xffffffbe fr.pc=0x0000018851943d58 relative=0x0000000000002f58
Event: 2661.302 Thread 0x000001886edf7f20 Uncommon trap: reason=profile_predicate action=maybe_recompile pc=0x0000018851943d58 method=org.gradle.api.internal.artifacts.ivyservice.resolveengine.graph.builder.DependencyGraphBuilder.performSelectionSerially(Ljava/util/List;Lorg/gradle/api/specs/Spec
Event: 2661.302 Thread 0x000001886edf7f20 DEOPT PACKING pc=0x0000018851943d58 sp=0x0000000a75bfb170
Event: 2661.302 Thread 0x000001886edf7f20 DEOPT UNPACKING pc=0x00000188506546a2 sp=0x0000000a75bfb1a0 mode 2
Event: 2661.316 Thread 0x000001886edf7f20 Uncommon trap: trap_request=0xffffffbe fr.pc=0x0000018851943d58 relative=0x0000000000002f58
Event: 2661.316 Thread 0x000001886edf7f20 Uncommon trap: reason=profile_predicate action=maybe_recompile pc=0x0000018851943d58 method=org.gradle.api.internal.artifacts.ivyservice.resolveengine.graph.builder.DependencyGraphBuilder.performSelectionSerially(Ljava/util/List;Lorg/gradle/api/specs/Spec
Event: 2661.316 Thread 0x000001886edf7f20 DEOPT PACKING pc=0x0000018851943d58 sp=0x0000000a75bfb170
Event: 2661.316 Thread 0x000001886edf7f20 DEOPT UNPACKING pc=0x00000188506546a2 sp=0x0000000a75bfb1a0 mode 2
Event: 2662.287 Thread 0x000001886d359540 Uncommon trap: trap_request=0xffffffc6 fr.pc=0x00000188511bfdf8 relative=0x0000000000000318
Event: 2662.287 Thread 0x000001886d359540 Uncommon trap: reason=bimorphic_or_optimized_type_check action=maybe_recompile pc=0x00000188511bfdf8 method=org.gradle.internal.snapshot.ChildMapFactory.childMapFromSorted(Ljava/util/List;)Lorg/gradle/internal/snapshot/ChildMap; @ 1 c2
Event: 2662.287 Thread 0x000001886d359540 DEOPT PACKING pc=0x00000188511bfdf8 sp=0x0000000a765fe6c0
Event: 2662.287 Thread 0x000001886d359540 DEOPT UNPACKING pc=0x00000188506546a2 sp=0x0000000a765fe688 mode 2

Classes loaded (20 events):
Event: 51.941 Loading class java/util/TreeMap$DescendingSubMap$DescendingEntrySetView
Event: 51.942 Loading class java/util/TreeMap$NavigableSubMap$EntrySetView
Event: 51.942 Loading class java/util/TreeMap$NavigableSubMap$EntrySetView done
Event: 51.942 Loading class java/util/TreeMap$DescendingSubMap$DescendingEntrySetView done
Event: 51.942 Loading class java/util/TreeMap$NavigableSubMap$DescendingSubMapEntryIterator
Event: 51.942 Loading class java/util/TreeMap$NavigableSubMap$SubMapIterator
Event: 51.942 Loading class java/util/TreeMap$NavigableSubMap$SubMapIterator done
Event: 51.942 Loading class java/util/TreeMap$NavigableSubMap$DescendingSubMapEntryIterator done
Event: 51.945 Loading class com/sun/org/apache/xerces/internal/dom/DeepNodeListImpl
Event: 51.945 Loading class com/sun/org/apache/xerces/internal/dom/DeepNodeListImpl done
Event: 52.216 Loading class java/util/concurrent/Executors$DelegatedScheduledExecutorService
Event: 52.217 Loading class java/util/concurrent/Executors$DelegatedExecutorService
Event: 52.217 Loading class java/util/concurrent/Executors$DelegatedExecutorService done
Event: 52.217 Loading class java/util/concurrent/Executors$DelegatedScheduledExecutorService done
Event: 52.890 Loading class java/nio/file/FileChannelLinesSpliterator
Event: 52.891 Loading class java/nio/file/FileChannelLinesSpliterator done
Event: 52.891 Loading class java/util/stream/Streams$1
Event: 52.891 Loading class java/util/stream/Streams$1 done
Event: 52.900 Loading class java/nio/file/FileChannelLinesSpliterator$1
Event: 52.900 Loading class java/nio/file/FileChannelLinesSpliterator$1 done

Classes unloaded (20 events):
Event: 43.947 Thread 0x0000018843f5c050 Unloading class 0x00000001015a4000 'java/lang/invoke/LambdaForm$DMH+0x00000001015a4000'
Event: 43.947 Thread 0x0000018843f5c050 Unloading class 0x00000001015a6400 'java/lang/invoke/LambdaForm$DMH+0x00000001015a6400'
Event: 43.947 Thread 0x0000018843f5c050 Unloading class 0x00000001015a4800 'java/lang/invoke/LambdaForm$DMH+0x00000001015a4800'
Event: 43.947 Thread 0x0000018843f5c050 Unloading class 0x00000001015a5800 'java/lang/invoke/LambdaForm$DMH+0x00000001015a5800'
Event: 43.947 Thread 0x0000018843f5c050 Unloading class 0x00000001015a6000 'java/lang/invoke/LambdaForm$DMH+0x00000001015a6000'
Event: 43.947 Thread 0x0000018843f5c050 Unloading class 0x00000001015a5400 'java/lang/invoke/LambdaForm$DMH+0x00000001015a5400'
Event: 43.947 Thread 0x0000018843f5c050 Unloading class 0x00000001015a4c00 'java/lang/invoke/LambdaForm$DMH+0x00000001015a4c00'
Event: 43.947 Thread 0x0000018843f5c050 Unloading class 0x00000001015a4400 'java/lang/invoke/LambdaForm$DMH+0x00000001015a4400'
Event: 43.947 Thread 0x0000018843f5c050 Unloading class 0x0000000101536800 'java/lang/invoke/LambdaForm$DMH+0x0000000101536800'
Event: 43.947 Thread 0x0000018843f5c050 Unloading class 0x0000000101536400 'java/lang/invoke/LambdaForm$DMH+0x0000000101536400'
Event: 43.947 Thread 0x0000018843f5c050 Unloading class 0x0000000101535c00 'java/lang/invoke/LambdaForm$DMH+0x0000000101535c00'
Event: 43.947 Thread 0x0000018843f5c050 Unloading class 0x0000000101536000 'java/lang/invoke/LambdaForm$DMH+0x0000000101536000'
Event: 43.947 Thread 0x0000018843f5c050 Unloading class 0x0000000101535800 'java/lang/invoke/LambdaForm$DMH+0x0000000101535800'
Event: 43.947 Thread 0x0000018843f5c050 Unloading class 0x0000000101535400 'java/lang/invoke/LambdaForm$DMH+0x0000000101535400'
Event: 43.947 Thread 0x0000018843f5c050 Unloading class 0x0000000101535000 'java/lang/invoke/LambdaForm$DMH+0x0000000101535000'
Event: 43.947 Thread 0x0000018843f5c050 Unloading class 0x0000000101534800 'java/lang/invoke/LambdaForm$DMH+0x0000000101534800'
Event: 43.947 Thread 0x0000018843f5c050 Unloading class 0x0000000101534c00 'java/lang/invoke/LambdaForm$DMH+0x0000000101534c00'
Event: 43.947 Thread 0x0000018843f5c050 Unloading class 0x0000000101534400 'java/lang/invoke/LambdaForm$DMH+0x0000000101534400'
Event: 43.947 Thread 0x0000018843f5c050 Unloading class 0x00000001014a4800 'java/lang/invoke/LambdaForm$DMH+0x00000001014a4800'
Event: 43.947 Thread 0x0000018843f5c050 Unloading class 0x00000001014a4400 'java/lang/invoke/LambdaForm$DMH+0x00000001014a4400'

Classes redefined (0 events):
No events

Internal exceptions (20 events):
Event: 53.656 Thread 0x000001886e36d960 Exception <a 'sun/nio/fs/WindowsException'{0x00000000ff9a2398}> (0x00000000ff9a2398) 
thrown [s\src\hotspot\share\prims\jni.cpp, line 537]
Event: 53.671 Thread 0x00000188641c9640 Exception <a 'sun/nio/fs/WindowsException'{0x0000000097526e68}> (0x0000000097526e68) 
thrown [s\src\hotspot\share\prims\jni.cpp, line 537]
Event: 53.689 Thread 0x00000188641c9640 Exception <a 'sun/nio/fs/WindowsException'{0x000000009757a8d8}> (0x000000009757a8d8) 
thrown [s\src\hotspot\share\prims\jni.cpp, line 537]
Event: 53.760 Thread 0x00000188656fedb0 Exception <a 'sun/nio/fs/WindowsException'{0x0000000096861318}> (0x0000000096861318) 
thrown [s\src\hotspot\share\prims\jni.cpp, line 537]
Event: 53.760 Thread 0x00000188656fedb0 Exception <a 'sun/nio/fs/WindowsException'{0x0000000096861e08}> (0x0000000096861e08) 
thrown [s\src\hotspot\share\prims\jni.cpp, line 537]
Event: 53.760 Thread 0x00000188656fedb0 Exception <a 'sun/nio/fs/WindowsException'{0x0000000096862940}> (0x0000000096862940) 
thrown [s\src\hotspot\share\prims\jni.cpp, line 537]
Event: 53.761 Thread 0x00000188656fedb0 Exception <a 'sun/nio/fs/WindowsException'{0x000000009686c178}> (0x000000009686c178) 
thrown [s\src\hotspot\share\prims\jni.cpp, line 537]
Event: 2658.188 Thread 0x00000188656fda00 Exception <a 'sun/nio/fs/WindowsException'{0x00000000926f0608}> (0x00000000926f0608) 
thrown [s\src\hotspot\share\prims\jni.cpp, line 537]
Event: 2658.192 Thread 0x00000188656fda00 Exception <a 'sun/nio/fs/WindowsException'{0x00000000926f1ba0}> (0x00000000926f1ba0) 
thrown [s\src\hotspot\share\prims\jni.cpp, line 537]
Event: 2658.192 Thread 0x00000188656fda00 Exception <a 'sun/nio/fs/WindowsException'{0x00000000926f3128}> (0x00000000926f3128) 
thrown [s\src\hotspot\share\prims\jni.cpp, line 537]
Event: 2658.193 Thread 0x00000188656fda00 Exception <a 'sun/nio/fs/WindowsException'{0x00000000926f4688}> (0x00000000926f4688) 
thrown [s\src\hotspot\share\prims\jni.cpp, line 537]
Event: 2658.529 Thread 0x00000188656fda00 Exception <a 'sun/nio/fs/WindowsException'{0x0000000091177838}> (0x0000000091177838) 
thrown [s\src\hotspot\share\prims\jni.cpp, line 537]
Event: 2658.531 Thread 0x00000188656fda00 Exception <a 'sun/nio/fs/WindowsException'{0x0000000091178f50}> (0x0000000091178f50) 
thrown [s\src\hotspot\share\prims\jni.cpp, line 537]
Event: 2658.532 Thread 0x00000188656fda00 Exception <a 'sun/nio/fs/WindowsException'{0x000000009117b328}> (0x000000009117b328) 
thrown [s\src\hotspot\share\prims\jni.cpp, line 537]
Event: 2660.780 Thread 0x00000188656fda00 Exception <a 'sun/nio/fs/WindowsException'{0x00000000963767b8}> (0x00000000963767b8) 
thrown [s\src\hotspot\share\prims\jni.cpp, line 537]
Event: 2660.781 Thread 0x00000188656fda00 Exception <a 'sun/nio/fs/WindowsException'{0x0000000096377ea0}> (0x0000000096377ea0) 
thrown [s\src\hotspot\share\prims\jni.cpp, line 537]
Event: 2660.781 Thread 0x00000188656fda00 Exception <a 'sun/nio/fs/WindowsException'{0x00000000963795d8}> (0x00000000963795d8) 
thrown [s\src\hotspot\share\prims\jni.cpp, line 537]
Event: 2660.782 Thread 0x00000188656fda00 Exception <a 'sun/nio/fs/WindowsException'{0x000000009637ad10}> (0x000000009637ad10) 
thrown [s\src\hotspot\share\prims\jni.cpp, line 537]
Event: 2661.118 Thread 0x000001886edf85b0 Exception <a 'sun/nio/fs/WindowsException'{0x0000000095b84ea8}> (0x0000000095b84ea8) 
thrown [s\src\hotspot\share\prims\jni.cpp, line 537]
Event: 2662.160 Thread 0x000001886edf7f20 Exception <a 'sun/nio/fs/WindowsException'{0x000000009223a9e0}> (0x000000009223a9e0) 
thrown [s\src\hotspot\share\prims\jni.cpp, line 537]

ZGC Phase Switch (0 events):
No events

VM Operations (20 events):
Event: 2422.180 Executing VM operation: Cleanup
Event: 2422.184 Executing VM operation: Cleanup done
Event: 2560.248 Executing VM operation: Cleanup
Event: 2560.248 Executing VM operation: Cleanup done
Event: 2572.253 Executing VM operation: Cleanup
Event: 2572.253 Executing VM operation: Cleanup done
Event: 2625.275 Executing VM operation: Cleanup
Event: 2625.276 Executing VM operation: Cleanup done
Event: 2642.285 Executing VM operation: Cleanup
Event: 2642.285 Executing VM operation: Cleanup done
Event: 2657.290 Executing VM operation: Cleanup
Event: 2657.290 Executing VM operation: Cleanup done
Event: 2659.104 Executing VM operation: G1CollectForAllocation (G1 Evacuation Pause)
Event: 2659.312 Executing VM operation: G1CollectForAllocation (G1 Evacuation Pause) done
Event: 2660.197 Executing VM operation: ICBufferFull
Event: 2660.198 Executing VM operation: ICBufferFull done
Event: 2660.717 Executing VM operation: ICBufferFull
Event: 2660.718 Executing VM operation: ICBufferFull done
Event: 2661.623 Executing VM operation: ICBufferFull
Event: 2661.624 Executing VM operation: ICBufferFull done

Memory protections (0 events):
No events

Nmethod flushes (20 events):
Event: 53.144 Thread 0x0000018843f5c050 flushing  nmethod 0x000001884a04c790
Event: 53.144 Thread 0x0000018843f5c050 flushing  nmethod 0x000001884a04d710
Event: 53.144 Thread 0x0000018843f5c050 flushing  nmethod 0x000001884a04fb10
Event: 53.144 Thread 0x0000018843f5c050 flushing  nmethod 0x000001884a050f10
Event: 53.144 Thread 0x0000018843f5c050 flushing  nmethod 0x000001884aa3de10
Event: 53.144 Thread 0x0000018843f5c050 flushing  nmethod 0x000001884adb6090
Event: 53.144 Thread 0x0000018843f5c050 flushing  nmethod 0x000001884aedda90
Event: 53.144 Thread 0x0000018843f5c050 flushing  nmethod 0x000001884aedf290
Event: 53.144 Thread 0x0000018843f5c050 flushing  nmethod 0x000001884aedff90
Event: 53.144 Thread 0x0000018843f5c050 flushing  nmethod 0x000001884aee0310
Event: 53.144 Thread 0x0000018843f5c050 flushing  nmethod 0x000001884aee0690
Event: 53.144 Thread 0x0000018843f5c050 flushing  nmethod 0x000001884af06d90
Event: 53.144 Thread 0x0000018843f5c050 flushing  nmethod 0x000001884af08790
Event: 53.144 Thread 0x0000018843f5c050 flushing  nmethod 0x000001884af34090
Event: 53.144 Thread 0x0000018843f5c050 flushing  nmethod 0x000001884af35710
Event: 53.144 Thread 0x0000018843f5c050 flushing  nmethod 0x000001884af37990
Event: 53.144 Thread 0x0000018843f5c050 flushing  nmethod 0x000001884af38310
Event: 53.144 Thread 0x0000018843f5c050 flushing  nmethod 0x000001884af38b10
Event: 53.144 Thread 0x0000018843f5c050 flushing  nmethod 0x000001884af38f10
Event: 53.144 Thread 0x0000018843f5c050 flushing  nmethod 0x000001884afac310

Events (20 events):
Event: 2662.037 Thread 0x000001886edf7f20 Thread added: 0x000001886e651560
Event: 2662.038 Thread 0x000001886edf7f20 Thread added: 0x000001886e64e0e0
Event: 2662.038 Thread 0x000001886edf7f20 Thread added: 0x000001886e64e770
Event: 2662.038 Thread 0x000001886edf7f20 Thread added: 0x000001886e6501b0
Event: 2662.038 Thread 0x000001886edf7f20 Thread added: 0x000001886e650840
Event: 2662.038 Thread 0x000001886edf7f20 Thread added: 0x000001886e64f490
Event: 2662.039 Thread 0x000001886edf7f20 Thread added: 0x000001886e64c010
Event: 2662.039 Thread 0x000001886edf7f20 Thread added: 0x000001886e652280
Event: 2662.039 Thread 0x000001886edf7f20 Thread added: 0x000001886e650ed0
Event: 2662.070 Thread 0x000001886edf7f20 Thread added: 0x000001886e64fb20
Event: 2662.070 Thread 0x000001886edf7f20 Thread added: 0x000001886e651bf0
Event: 2662.070 Thread 0x000001886edf7f20 Thread added: 0x000001886e652910
Event: 2662.120 Thread 0x000001886d35a260 Thread added: 0x000001886e653630
Event: 2662.188 Thread 0x000001886edf7f20 Thread added: 0x000001886e652fa0
Event: 2662.190 Thread 0x000001886edf7f20 Thread added: 0x000001886e367060
Event: 2662.191 Thread 0x000001886edf7f20 Thread added: 0x000001886e36a4e0
Event: 2662.191 Thread 0x000001886edf7f20 Thread added: 0x000001886e36c5b0
Event: 2662.191 Thread 0x000001886edf7f20 Thread added: 0x000001886e36cc40
Event: 2662.309 Thread 0x000001886edf5e50 Thread exited: 0x000001886edf5e50
Event: 2662.309 Thread 0x000001886edf64e0 Thread exited: 0x000001886edf64e0


Dynamic libraries:
0x00007ff786b80000 - 0x00007ff786b8a000 	E:\android_studio\jbr\bin\java.exe
0x00007ff9c9630000 - 0x00007ff9c9828000 	C:\Windows\SYSTEM32\ntdll.dll
0x00007ff9c8680000 - 0x00007ff9c8742000 	C:\Windows\System32\KERNEL32.DLL
0x00007ff9c6de0000 - 0x00007ff9c70d6000 	C:\Windows\System32\KERNELBASE.dll
0x00007ff9c7110000 - 0x00007ff9c7210000 	C:\Windows\System32\ucrtbase.dll
0x00007ff9a4ac0000 - 0x00007ff9a4ad8000 	E:\android_studio\jbr\bin\jli.dll
0x00007ff9c0560000 - 0x00007ff9c057b000 	E:\android_studio\jbr\bin\VCRUNTIME140.dll
0x00007ff9c8c70000 - 0x00007ff9c8e0d000 	C:\Windows\System32\USER32.dll
0x00007ff9c7620000 - 0x00007ff9c7642000 	C:\Windows\System32\win32u.dll
0x00007ff9c8650000 - 0x00007ff9c867b000 	C:\Windows\System32\GDI32.dll
0x00007ff9c6cc0000 - 0x00007ff9c6dda000 	C:\Windows\System32\gdi32full.dll
0x00007ff9c7440000 - 0x00007ff9c74dd000 	C:\Windows\System32\msvcp_win.dll
0x00007ff9b1400000 - 0x00007ff9b169a000 	C:\Windows\WinSxS\amd64_microsoft.windows.common-controls_6595b64144ccf1df_6.0.19041.4355_none_60b8b9eb71f62e16\COMCTL32.dll
0x00007ff9c8590000 - 0x00007ff9c862e000 	C:\Windows\System32\msvcrt.dll
0x00007ff9c8200000 - 0x00007ff9c822f000 	C:\Windows\System32\IMM32.DLL
0x000000006f4a0000 - 0x000000006f4ad000 	C:\Program Files (x86)\360\360Safe\safemon\SafeWrapper.dll
0x00007ff9c7e60000 - 0x00007ff9c7f0f000 	C:\Windows\System32\ADVAPI32.dll
0x00007ff9c8750000 - 0x00007ff9c87ef000 	C:\Windows\System32\sechost.dll
0x00007ff9c8380000 - 0x00007ff9c84a3000 	C:\Windows\System32\RPCRT4.dll
0x00007ff9c70e0000 - 0x00007ff9c7107000 	C:\Windows\System32\bcrypt.dll
0x00007ff9bfcc0000 - 0x00007ff9bfdc5000 	C:\Program Files (x86)\360\360Safe\safemon\libzdtp64.dll
0x00007ff9c8e80000 - 0x00007ff9c95ef000 	C:\Windows\System32\SHELL32.dll
0x00007ff9c82b0000 - 0x00007ff9c8305000 	C:\Windows\System32\SHLWAPI.dll
0x00007ff9c67d0000 - 0x00007ff9c67da000 	C:\Windows\SYSTEM32\VERSION.dll
0x00007ff9c16b0000 - 0x00007ff9c16bc000 	E:\android_studio\jbr\bin\vcruntime140_1.dll
0x00007ff99fdd0000 - 0x00007ff99fe5d000 	E:\android_studio\jbr\bin\msvcp140.dll
0x00007ff98a2a0000 - 0x00007ff98af36000 	E:\android_studio\jbr\bin\server\jvm.dll
0x00007ff9c8e10000 - 0x00007ff9c8e7b000 	C:\Windows\System32\WS2_32.dll
0x00007ff9c6190000 - 0x00007ff9c61db000 	C:\Windows\SYSTEM32\POWRPROF.dll
0x00007ff9b53f0000 - 0x00007ff9b5417000 	C:\Windows\SYSTEM32\WINMM.dll
0x00007ff9c6040000 - 0x00007ff9c6052000 	C:\Windows\SYSTEM32\UMPDC.dll
0x00007ff9c54b0000 - 0x00007ff9c54c2000 	C:\Windows\SYSTEM32\kernel.appcore.dll
0x00007ff9c05c0000 - 0x00007ff9c05ca000 	E:\android_studio\jbr\bin\jimage.dll
0x00007ff9c4fe0000 - 0x00007ff9c51c4000 	C:\Windows\SYSTEM32\DBGHELP.DLL
0x00007ff9ab630000 - 0x00007ff9ab664000 	C:\Windows\SYSTEM32\dbgcore.DLL
0x00007ff9c74e0000 - 0x00007ff9c7562000 	C:\Windows\System32\bcryptPrimitives.dll
0x00007ff9aef10000 - 0x00007ff9aef1e000 	E:\android_studio\jbr\bin\instrument.dll
0x00007ff9c0540000 - 0x00007ff9c0560000 	E:\android_studio\jbr\bin\java.dll
0x00007ff9bf3d0000 - 0x00007ff9bf3e8000 	E:\android_studio\jbr\bin\zip.dll
0x00007ff9c3ec0000 - 0x00007ff9c4663000 	C:\Windows\SYSTEM32\windows.storage.dll
0x00007ff9c79a0000 - 0x00007ff9c7cf5000 	C:\Windows\System32\combase.dll
0x00007ff9c6630000 - 0x00007ff9c665b000 	C:\Windows\SYSTEM32\Wldp.dll
0x00007ff9c7d00000 - 0x00007ff9c7dcd000 	C:\Windows\System32\OLEAUT32.dll
0x00007ff9c8150000 - 0x00007ff9c81fd000 	C:\Windows\System32\SHCORE.dll
0x00007ff9c6bf0000 - 0x00007ff9c6c15000 	C:\Windows\SYSTEM32\profapi.dll
0x00007ff9bd130000 - 0x00007ff9bd140000 	E:\android_studio\jbr\bin\net.dll
0x00007ff9c1200000 - 0x00007ff9c130a000 	C:\Windows\SYSTEM32\WINHTTP.dll
0x00007ff9c6390000 - 0x00007ff9c63fc000 	C:\Windows\system32\mswsock.dll
0x00007ff9af720000 - 0x00007ff9af736000 	E:\android_studio\jbr\bin\nio.dll
0x00007ff9aee30000 - 0x00007ff9aee40000 	E:\android_studio\jbr\bin\verify.dll
0x00007ff9a9c30000 - 0x00007ff9a9c57000 	C:\Users\Administrator\.gradle\native\1def1411415f61bf3af743bc5b6707747c0891f09f0c88961ee8f79bc544acac\windows-amd64\native-platform.dll
0x00007ff99f800000 - 0x00007ff99f878000 	C:\Users\Administrator\.gradle\native\0.2.7\x86_64-windows-gnu\gradle-fileevents.dll
0x00007ff9b1290000 - 0x00007ff9b1299000 	E:\android_studio\jbr\bin\management.dll
0x00007ff9af930000 - 0x00007ff9af93b000 	E:\android_studio\jbr\bin\management_ext.dll
0x00007ff9c7650000 - 0x00007ff9c7658000 	C:\Windows\System32\PSAPI.DLL
0x00007ff9c67e0000 - 0x00007ff9c681b000 	C:\Windows\SYSTEM32\IPHLPAPI.DLL
0x00007ff9c8370000 - 0x00007ff9c8378000 	C:\Windows\System32\NSI.dll
0x00007ff9b3bb0000 - 0x00007ff9b3bb9000 	E:\android_studio\jbr\bin\extnet.dll
0x00007ff9c6580000 - 0x00007ff9c6598000 	C:\Windows\SYSTEM32\CRYPTSP.dll
0x00007ff9c5c80000 - 0x00007ff9c5cb8000 	C:\Windows\system32\rsaenh.dll
0x00007ff9c6bb0000 - 0x00007ff9c6bde000 	C:\Windows\SYSTEM32\USERENV.dll
0x00007ff9c65a0000 - 0x00007ff9c65ac000 	C:\Windows\SYSTEM32\CRYPTBASE.dll
0x00007ff9aeb60000 - 0x00007ff9aeb67000 	C:\Windows\system32\wshunix.dll
0x00007ff9a9ef0000 - 0x00007ff9a9f07000 	C:\Windows\system32\napinsp.dll
0x00007ff9a9ed0000 - 0x00007ff9a9eeb000 	C:\Windows\system32\pnrpnsp.dll
0x00007ff9a9eb0000 - 0x00007ff9a9ec5000 	C:\Windows\system32\wshbth.dll
0x00007ff9c1d50000 - 0x00007ff9c1d6d000 	C:\Windows\system32\NLAapi.dll
0x00007ff9c6070000 - 0x00007ff9c613a000 	C:\Windows\SYSTEM32\DNSAPI.dll
0x00007ff9a9e90000 - 0x00007ff9a9ea2000 	C:\Windows\System32\winrnr.dll
0x000000006e0b0000 - 0x000000006e0d6000 	C:\Program Files\Bonjour\mdnsNSP.dll
0x00007ff9bf290000 - 0x00007ff9bf29a000 	C:\Windows\System32\rasadhlp.dll
0x00007ff9bed10000 - 0x00007ff9bed90000 	C:\Windows\System32\fwpuclnt.dll
0x00007ff9acab0000 - 0x00007ff9acab7000 	E:\android_studio\jbr\bin\rmi.dll

JVMTI agents:
C:\Users\Administrator\.gradle\wrapper\dists\gradle-8.13-bin\5xuhj0ry160q40clulazy9h7d\gradle-8.13\lib\agents\gradle-instrumentation-agent-8.13.jar path:E:\android_studio\jbr\bin\instrument.dll, loaded, initialized, instrumentlib options:none

dbghelp: loaded successfully - version: 4.0.5 - missing functions: none
symbol engine: initialized successfully - sym options: 0x614 - pdb path: .;E:\android_studio\jbr\bin;C:\Windows\SYSTEM32;C:\Windows\WinSxS\amd64_microsoft.windows.common-controls_6595b64144ccf1df_6.0.19041.4355_none_60b8b9eb71f62e16;C:\Program Files (x86)\360\360Safe\safemon;E:\android_studio\jbr\bin\server;C:\Users\Administrator\.gradle\native\1def1411415f61bf3af743bc5b6707747c0891f09f0c88961ee8f79bc544acac\windows-amd64;C:\Users\Administrator\.gradle\native\0.2.7\x86_64-windows-gnu;C:\Program Files\Bonjour

VM Arguments:
jvm_args: --add-opens=java.base/java.lang=ALL-UNNAMED --add-opens=java.base/java.lang.invoke=ALL-UNNAMED --add-opens=java.base/java.util=ALL-UNNAMED --add-opens=java.prefs/java.util.prefs=ALL-UNNAMED --add-exports=jdk.compiler/com.sun.tools.javac.api=ALL-UNNAMED --add-exports=jdk.compiler/com.sun.tools.javac.util=ALL-UNNAMED --add-opens=java.base/java.util=ALL-UNNAMED --add-opens=java.prefs/java.util.prefs=ALL-UNNAMED --add-opens=java.base/java.nio.charset=ALL-UNNAMED --add-opens=java.base/java.net=ALL-UNNAMED --add-opens=java.base/java.util.concurrent.atomic=ALL-UNNAMED --add-opens=java.xml/javax.xml.namespace=ALL-UNNAMED -Xmx2048m -Dfile.encoding=UTF-8 -Duser.country=CN -Duser.language=zh -Duser.variant -javaagent:C:\Users\Administrator\.gradle\wrapper\dists\gradle-8.13-bin\5xuhj0ry160q40clulazy9h7d\gradle-8.13\lib\agents\gradle-instrumentation-agent-8.13.jar 
java_command: org.gradle.launcher.daemon.bootstrap.GradleDaemon 8.13
java_class_path (initial): C:\Users\Administrator\.gradle\wrapper\dists\gradle-8.13-bin\5xuhj0ry160q40clulazy9h7d\gradle-8.13\lib\gradle-daemon-main-8.13.jar
Launcher Type: SUN_STANDARD

[Global flags]
     intx CICompilerCount                          = 4                                         {product} {ergonomic}
     uint ConcGCThreads                            = 3                                         {product} {ergonomic}
     uint G1ConcRefinementThreads                  = 10                                        {product} {ergonomic}
   size_t G1HeapRegionSize                         = 1048576                                   {product} {ergonomic}
    uintx GCDrainStackTargetSize                   = 64                                        {product} {ergonomic}
   size_t InitialHeapSize                          = 132120576                                 {product} {ergonomic}
   size_t MarkStackSize                            = 4194304                                   {product} {ergonomic}
   size_t MaxHeapSize                              = 2147483648                                {product} {command line}
   size_t MaxNewSize                               = 1287651328                                {product} {ergonomic}
   size_t MinHeapDeltaBytes                        = 1048576                                   {product} {ergonomic}
   size_t MinHeapSize                              = 8388608                                   {product} {ergonomic}
    uintx NonNMethodCodeHeapSize                   = 5839372                                {pd product} {ergonomic}
    uintx NonProfiledCodeHeapSize                  = 122909434                              {pd product} {ergonomic}
    uintx ProfiledCodeHeapSize                     = 122909434                              {pd product} {ergonomic}
    uintx ReservedCodeCacheSize                    = 251658240                              {pd product} {ergonomic}
     bool SegmentedCodeCache                       = true                                      {product} {ergonomic}
   size_t SoftMaxHeapSize                          = 2147483648                             {manageable} {ergonomic}
     bool UseCompressedOops                        = true                           {product lp64_product} {ergonomic}
     bool UseG1GC                                  = true                                      {product} {ergonomic}
     bool UseLargePagesIndividualAllocation        = false                                  {pd product} {ergonomic}

Logging:
Log output configuration:
 #0: stdout all=warning uptime,level,tags foldmultilines=false
 #1: stderr all=off uptime,level,tags foldmultilines=false

Environment Variables:
JAVA_HOME=C:\Program Files\Eclipse Adoptium\jdk-17.0.17.10-hotspot\
PATH=C:\Program Files\Eclipse Adoptium\jdk-17.0.17.10-hotspot\bin;D:\中国电子口岸客户端控件\libs\txrn;D:\中国电子口岸客户端控件\libs\MOFCOM;D:\中国电子口岸客户端控件\libs\cus;D:\中国电子口岸客户端控件\libs\pdfes;D:\中国电子口岸客户端控件\libs\pdf;D:\中国电子口岸客户端控件\libs\others;D:\中国电子口岸客户端控件\libs;D:\中国电子口岸客户端控件\;C:\Windows\system32;C:\Windows;C:\Windows\System32\Wbem;C:\Windows\System32\WindowsPowerShell\v1.0\;C:\Windows\System32\OpenSSH\;C:\Program Files\dotnet\;E:\git\Git\cmd;C:\Program Files\nodejs\;E:\python\Scripts\;E:\python\;C:\Users\Administrator\AppData\Local\Microsoft\WindowsApps;E:\vscode\Microsoft VS Code\bin;E:\winsurf\Windsurf\bin;C:\Users\Administrator\AppData\Roaming\npm;E:\tools\ffmpeg-8.0.1-essentials_build\bin;E:\godot;
USERNAME=Administrator
OS=Windows_NT
PROCESSOR_IDENTIFIER=Intel64 Family 6 Model 151 Stepping 5, GenuineIntel
TMP=C:\Users\ADMINI~1\AppData\Local\Temp
TEMP=C:\Users\ADMINI~1\AppData\Local\Temp




Periodic native trim disabled

JNI global refs:
JNI global refs: 30, weak refs: 12

JNI global refs memory usage: 835, weak refs: 833

Process memory usage:
Resident Set Size: 438048K (5% of 8220848K total physical memory with 81236K free physical memory)

OOME stack traces (most recent first):
Classloader memory used:
Loader org.gradle.internal.classloader.VisitableURLClassLoader$InstrumentingVisitableURLClassLoader: 61937K
Loader org.gradle.internal.classloader.VisitableURLClassLoader                         : 48725K
Loader bootstrap                                                                       : 33598K
Loader org.gradle.initialization.MixInLegacyTypesClassLoader                           : 14205K
Loader jdk.internal.loader.ClassLoaders$AppClassLoader                                 : 9057K
Loader jdk.internal.loader.ClassLoaders$PlatformClassLoader                            : 760K
Loader jdk.internal.reflect.DelegatingClassLoader                                      : 733K
Loader org.gradle.internal.classloader.VisitableURLClassLoader                         : 290K
Loader org.gradle.groovy.scripts.internal.DefaultScriptCompilationHandler$ScriptClassLoader: 135K
Loader org.codehaus.groovy.runtime.callsite.CallSiteClassLoader                        : 27632B
Loader sun.reflect.misc.MethodUtil                                                     : 2984B

Classes loaded by more than one classloader:
Class Program                                                                         : loaded 5 times (x 72B)
Class Build_gradle                                                                    : loaded 3 times (x 130B)
Class Build_gradle$1                                                                  : loaded 3 times (x 74B)
Class com.google.common.collect.RegularImmutableMap$KeySet                            : loaded 2 times (x 152B)
Class org.gradle.internal.classloader.FilteringClassLoader                            : loaded 2 times (x 105B)
Class com.google.common.cache.LocalCache$ValueIterator                                : loaded 2 times (x 86B)
Class [Lcom.google.common.collect.MapMakerInternalMap$Segment;                        : loaded 2 times (x 69B)
Class [Lcom.google.common.base.AbstractIterator$State;                                : loaded 2 times (x 69B)
Class com.google.common.io.FileWriteMode                                              : loaded 2 times (x 79B)
Class com.google.common.base.CharMatcher$IsEither                                     : loaded 2 times (x 111B)
Class org.gradle.internal.classloader.ClassLoaderHierarchy                            : loaded 2 times (x 70B)
Class [Lcom.google.common.cache.RemovalCause;                                         : loaded 2 times (x 69B)
Class com.google.common.collect.AbstractMapBasedMultimap$WrappedCollection            : loaded 2 times (x 124B)
Class com.google.common.collect.ImmutableEnumSet                                      : loaded 2 times (x 146B)
Class com.google.common.util.concurrent.ExecutionError                                : loaded 2 times (x 82B)
Class com.google.common.collect.ImmutableList$1                                       : loaded 2 times (x 97B)
Class org.gradle.api.internal.classpath.ManifestUtil                                  : loaded 2 times (x 71B)
Class com.google.common.io.ByteArrayDataOutput                                        : loaded 2 times (x 70B)
Class com.google.common.collect.RegularImmutableMap                                   : loaded 2 times (x 121B)
Class com.google.common.collect.ImmutableMap$MapViewOfValuesAsSingletonSets           : loaded 2 times (x 126B)
Class com.google.common.cache.LocalCache$Values                                       : loaded 2 times (x 118B)
Class com.google.common.reflect.TypeCapture                                           : loaded 2 times (x 71B)
Class [Lorg.objectweb.asm.Symbol;                                                     : loaded 2 times (x 69B)
Class org.objectweb.asm.ClassVisitor                                                  : loaded 2 times (x 88B)
Class com.google.common.collect.UnmodifiableListIterator                              : loaded 2 times (x 95B)
Class com.google.common.collect.MapMakerInternalMap$StrongKeyDummyValueEntry$LinkedStrongKeyDummyValueEntry: loaded 2 times (x 82B)
Class com.google.common.collect.MapMakerInternalMap$Strength                          : loaded 2 times (x 80B)
Class com.google.common.base.Platform$JdkPatternCompiler                              : loaded 2 times (x 75B)
Class org.objectweb.asm.MethodTooLargeException                                       : loaded 2 times (x 83B)
Class [Lcom.google.common.cache.CacheBuilder$OneWeigher;                              : loaded 2 times (x 69B)
Class com.google.common.base.Suppliers                                                : loaded 2 times (x 71B)
Class org.gradle.internal.classloader.DefaultClassLoaderFactory                       : loaded 2 times (x 82B)
Class com.google.common.base.CharMatcher$None                                         : loaded 2 times (x 112B)
Class [Lcom.google.common.collect.AbstractIterator$State;                             : loaded 2 times (x 69B)
Class org.gradle.internal.classloader.ClassLoaderVisitor                              : loaded 2 times (x 76B)
Class [Lcom.google.common.collect.ImmutableMapEntry;                                  : loaded 2 times (x 69B)
Class ijKotlinCoroutineJvmDebugInit1_5r7bdxi9damxfzcc7gj3q5i8h$_run_closure1          : loaded 2 times (x 139B)
Class org.gradle.api.internal.classpath.EffectiveClassPath                            : loaded 2 times (x 90B)
Class com.google.common.collect.CollectSpliterators$1WithCharacteristics              : loaded 2 times (x 90B)
Class com.google.common.collect.ImmutableRangeSet                                     : loaded 2 times (x 115B)
Class com.google.common.collect.ListMultimap                                          : loaded 2 times (x 70B)
Class com.google.common.collect.ImmutableEnumMap                                      : loaded 2 times (x 126B)
Class com.google.common.base.Splitter                                                 : loaded 2 times (x 72B)
Class com.google.common.collect.ImmutableSet$SerializedForm                           : loaded 2 times (x 73B)
Class com.google.common.collect.Sets$1                                                : loaded 2 times (x 139B)
Class org.objectweb.asm.AnnotationVisitor                                             : loaded 2 times (x 78B)
Class org.gradle.api.internal.DefaultClassPathProvider                                : loaded 2 times (x 76B)
Class com.google.common.collect.MapMakerInternalMap$Strength$1                        : loaded 2 times (x 80B)
Class [Lcom.google.common.base.Function;                                              : loaded 2 times (x 69B)
Class com.google.common.collect.Maps$ViewCachingAbstractMap                           : loaded 2 times (x 125B)
Class com.google.common.collect.Sets$2                                                : loaded 2 times (x 139B)
Class [Lorg.gradle.api.internal.ClassPathProvider;                                    : loaded 2 times (x 69B)
Class org.gradle.api.internal.ClassPathProvider                                       : loaded 2 times (x 70B)
Class com.google.common.collect.MapMakerInternalMap$Strength$2                        : loaded 2 times (x 80B)
Class com.google.common.base.AbstractIterator$State                                   : loaded 2 times (x 79B)
Class com.google.common.reflect.Types$ClassOwnership$1                                : loaded 2 times (x 80B)
Class [Lorg.objectweb.asm.AnnotationVisitor;                                          : loaded 2 times (x 69B)
Class com.google.common.collect.Sets$3                                                : loaded 2 times (x 139B)
Class com.google.common.util.concurrent.AbstractFuture$SafeAtomicHelper               : loaded 2 times (x 79B)
Class com.google.common.cache.LocalCache$LocalLoadingCache                            : loaded 2 times (x 134B)
Class org.gradle.internal.service.UnknownServiceException                             : loaded 2 times (x 83B)
Class com.google.common.collect.MapMakerInternalMap$StrongValueEntry                  : loaded 2 times (x 70B)
Class com.google.common.reflect.Types$ClassOwnership$2                                : loaded 2 times (x 80B)
Class com.google.common.reflect.TypeResolver                                          : loaded 2 times (x 72B)
Class com.google.common.io.ByteArrayDataInput                                         : loaded 2 times (x 70B)
Class com.google.common.collect.Sets$4                                                : loaded 2 times (x 139B)
Class org.objectweb.asm.ModuleVisitor                                                 : loaded 2 times (x 81B)
Class com.google.common.cache.LocalCache$Strength$1                                   : loaded 2 times (x 81B)
Class com.google.common.reflect.Types$ClassOwnership$3                                : loaded 2 times (x 71B)
Class com.google.common.collect.Collections2$FilteredCollection                       : loaded 2 times (x 119B)
Class com.google.common.util.concurrent.SettableFuture                                : loaded 2 times (x 114B)
Class com.google.common.cache.LocalCache$Strength$2                                   : loaded 2 times (x 81B)
Class com.google.common.collect.Interners$InternerImpl                                : loaded 2 times (x 75B)
Class com.google.common.base.Splitter$1                                               : loaded 2 times (x 77B)
Class com.google.common.collect.Interner                                              : loaded 2 times (x 70B)
Class [Lcom.google.common.collect.Maps$EntryFunction;                                 : loaded 2 times (x 69B)
Class com.google.common.collect.TransformedIterator                                   : loaded 2 times (x 80B)
Class com.google.common.io.ByteStreams                                                : loaded 2 times (x 71B)
Class com.google.common.cache.LocalCache$Strength$3                                   : loaded 2 times (x 81B)
Class com.google.common.collect.MapDifference                                         : loaded 2 times (x 70B)
Class com.google.common.collect.MapMaker$Dummy                                        : loaded 2 times (x 79B)
Class com.google.common.reflect.Invokable                                             : loaded 2 times (x 103B)
Class org.objectweb.asm.FieldWriter                                                   : loaded 2 times (x 78B)
Class com.google.common.cache.CacheBuilder$NullListener                               : loaded 2 times (x 82B)
Class org.gradle.internal.classpath.TransformedClassPath                              : loaded 2 times (x 96B)
Class org.gradle.internal.classloader.InstrumentingClassLoader                        : loaded 2 times (x 70B)
Class com.google.common.collect.ImmutableListMultimap                                 : loaded 2 times (x 176B)
Class com.google.common.reflect.Types$ParameterizedTypeImpl                           : loaded 2 times (x 81B)
Class com.google.common.collect.Maps$IteratorBasedAbstractMap$1                       : loaded 2 times (x 138B)
Class com.google.common.collect.ImmutableRangeSet$AsSet                               : loaded 2 times (x 300B)
Class com.google.common.cache.CacheLoader$FunctionToCacheLoader                       : loaded 2 times (x 75B)
Class com.google.common.collect.Iterators$ArrayItr                                    : loaded 2 times (x 97B)
Class com.google.common.collect.ImmutableCollection$Builder                           : loaded 2 times (x 76B)
Class com.google.common.collect.EmptyImmutableListMultimap                            : loaded 2 times (x 176B)
Class com.google.common.collect.BaseImmutableMultimap                                 : loaded 2 times (x 123B)
Class com.google.common.reflect.TypeResolver$TypeVariableKey                          : loaded 2 times (x 72B)
Class com.google.common.base.Joiner                                                   : loaded 2 times (x 79B)
Class com.google.common.base.MoreObjects                                              : loaded 2 times (x 71B)
Class com.google.common.collect.Platform                                              : loaded 2 times (x 71B)
Class [Lorg.objectweb.asm.Type;                                                       : loaded 2 times (x 69B)
Class com.google.common.collect.UnmodifiableIterator                                  : loaded 2 times (x 80B)
Class org.gradle.internal.service.ServiceLocator                                      : loaded 2 times (x 70B)
Class com.google.common.collect.HashBiMap$BiEntry                                     : loaded 2 times (x 83B)
Class com.google.common.base.Ascii                                                    : loaded 2 times (x 71B)
Class com.google.common.cache.LocalCache$1                                            : loaded 2 times (x 89B)
Class com.google.common.collect.SingletonImmutableBiMap                               : loaded 2 times (x 143B)
Class com.google.common.collect.AbstractMapEntry                                      : loaded 2 times (x 81B)
Class com.google.common.collect.MapMakerInternalMap$AbstractStrongKeyEntry            : loaded 2 times (x 80B)
Class com.google.common.reflect.TypeToken$SimpleTypeToken                             : loaded 2 times (x 73B)
Class com.google.common.collect.Sets$ImprovedAbstractSet                              : loaded 2 times (x 135B)
Class com.google.common.collect.ImmutableList$Builder                                 : loaded 2 times (x 77B)
Class com.google.common.collect.AbstractMultimap                                      : loaded 2 times (x 123B)
Class com.google.common.cache.LocalCache$2                                            : loaded 2 times (x 142B)
Class ijJvmDebugger1_9g0qofofwcyj7zv76ipfztsnh$_run_closure1$_closure2                : loaded 2 times (x 140B)
Class com.google.common.collect.ImmutableRangeSet$1                                   : loaded 2 times (x 210B)
Class com.google.common.util.concurrent.AbstractFuture$UnsafeAtomicHelper$1           : loaded 2 times (x 76B)
Class com.google.common.collect.RegularImmutableAsList                                : loaded 2 times (x 217B)
Class ijJvmDebugger1_9g0qofofwcyj7zv76ipfztsnh                                        : loaded 2 times (x 179B)
Class com.google.common.base.Optional                                                 : loaded 2 times (x 80B)
Class com.google.common.collect.Range                                                 : loaded 2 times (x 87B)
Class com.google.common.util.concurrent.AbstractFuture$Trusted                        : loaded 2 times (x 70B)
Class com.google.common.collect.Iterators                                             : loaded 2 times (x 71B)
Class com.google.common.io.ByteSink$AsCharSink                                        : loaded 2 times (x 80B)
Class com.google.common.collect.Lists$StringAsImmutableList                           : loaded 2 times (x 207B)
Class com.google.common.util.concurrent.UncheckedExecutionException                   : loaded 2 times (x 82B)
Class org.gradle.kotlin.dsl.VersionCatalogAccessorsKt                                 : loaded 2 times (x 71B)
Class org.gradle.internal.InternalTransformer                                         : loaded 2 times (x 70B)
Class com.google.common.collect.AbstractMapBasedMultimap$KeySet$1                     : loaded 2 times (x 82B)
Class org.objectweb.asm.ClassWriter                                                   : loaded 2 times (x 106B)
Class com.google.common.cache.CacheLoader$UnsupportedLoadingOperationException        : loaded 2 times (x 82B)
Class com.google.common.base.CharMatcher$And                                          : loaded 2 times (x 112B)
Class org.gradle.internal.classloader.ClasspathUtil$1                                 : loaded 2 times (x 76B)
Class com.google.common.collect.FluentIterable$1                                      : loaded 2 times (x 81B)
Class com.google.common.base.Objects                                                  : loaded 2 times (x 71B)
Class org.objectweb.asm.FieldVisitor                                                  : loaded 2 times (x 77B)
Class com.google.common.collect.IndexedImmutableSet                                   : loaded 2 times (x 152B)
Class com.google.common.collect.ImmutableMap$1                                        : loaded 2 times (x 81B)
Class com.google.common.collect.BiMap                                                 : loaded 2 times (x 70B)
Class ijJvmDebugger1_9g0qofofwcyj7zv76ipfztsnh$_run_closure1                          : loaded 2 times (x 139B)
Class org.gradle.api.internal.classpath.DefaultModuleRegistry$DefaultModule           : loaded 2 times (x 86B)
Class com.google.common.base.Equivalence$Identity                                     : loaded 2 times (x 82B)
Class com.google.common.collect.FluentIterable$2                                      : loaded 2 times (x 81B)
Class com.google.common.base.Absent                                                   : loaded 2 times (x 80B)
Class com.google.common.primitives.Ints                                               : loaded 2 times (x 71B)
Class com.google.common.collect.AbstractIterator                                      : loaded 2 times (x 82B)
Class com.google.common.collect.FluentIterable$3                                      : loaded 2 times (x 81B)
Class com.google.common.collect.ObjectArrays                                          : loaded 2 times (x 71B)
Class com.google.common.collect.Multiset                                              : loaded 2 times (x 70B)
Class com.google.common.collect.ArrayListMultimapGwtSerializationDependencies         : loaded 2 times (x 172B)
Class com.google.common.collect.AbstractIndexedListIterator                           : loaded 2 times (x 96B)
Class com.google.common.math.MathPreconditions                                        : loaded 2 times (x 71B)
Class com.google.common.collect.ImmutableMapEntrySet                                  : loaded 2 times (x 152B)
Class org.gradle.api.internal.classpath.Module                                        : loaded 2 times (x 70B)
Class com.google.common.cache.Weigher                                                 : loaded 2 times (x 70B)
Class org.gradle.api.internal.classpath.UnknownModuleException                        : loaded 2 times (x 82B)
Class com.google.common.base.Stopwatch                                                : loaded 2 times (x 72B)
Class com.google.common.cache.LocalCache$Strength                                     : loaded 2 times (x 81B)
Class com.google.common.cache.Cache                                                   : loaded 2 times (x 70B)
Class com.google.common.io.Files$2                                                    : loaded 2 times (x 76B)
Class com.google.common.io.AppendableWriter                                           : loaded 2 times (x 100B)
Class com.google.common.base.NullnessCasts                                            : loaded 2 times (x 71B)
Class com.google.common.util.concurrent.AbstractFuture$Cancellation                   : loaded 2 times (x 72B)
Class com.google.common.collect.ImmutableMap$Builder                                  : loaded 2 times (x 82B)
Class com.google.common.collect.Maps$EntryFunction$1                                  : loaded 2 times (x 91B)
Class com.google.common.base.Present                                                  : loaded 2 times (x 81B)
Class com.google.common.cache.RemovalListener                                         : loaded 2 times (x 70B)
Class org.gradle.api.internal.DefaultClassPathRegistry                                : loaded 2 times (x 76B)
Class com.google.common.collect.ImmutableMultimap$Keys                                : loaded 2 times (x 166B)
Class com.google.common.reflect.Invokable$ConstructorInvokable                        : loaded 2 times (x 107B)
Class com.google.common.collect.Maps$EntryFunction$2                                  : loaded 2 times (x 91B)
Class com.google.common.primitives.IntsMethodsForWeb                                  : loaded 2 times (x 71B)
Class com.google.common.collect.Multimap                                              : loaded 2 times (x 70B)
Class ijKotlinCoroutineJvmDebugInit1_5r7bdxi9damxfzcc7gj3q5i8h                        : loaded 2 times (x 179B)
Class org.gradle.api.internal.ClassPathRegistry                                       : loaded 2 times (x 70B)
Class org.gradle.internal.classpath.DefaultClassPath$ImmutableUniqueList              : loaded 2 times (x 199B)
Class com.google.common.collect.MapMakerInternalMap$Segment                           : loaded 2 times (x 142B)
Class com.google.common.reflect.TypeToken                                             : loaded 2 times (x 73B)
Class com.google.common.collect.NullnessCasts                                         : loaded 2 times (x 71B)
Class com.google.common.base.ExtraObjectsMethodsForWeb                                : loaded 2 times (x 71B)
Class com.google.common.base.PairwiseEquivalence                                      : loaded 2 times (x 83B)
Class com.google.common.cache.RemovalCause                                            : loaded 2 times (x 80B)
Class com.google.common.io.ByteSink                                                   : loaded 2 times (x 76B)
Class com.google.common.cache.CacheBuilder                                            : loaded 2 times (x 72B)
Class com.google.common.collect.SingletonImmutableList                                : loaded 2 times (x 207B)
Class Settings_gradle$1                                                               : loaded 2 times (x 74B)
Class org.gradle.internal.classpath.ClassPath                                         : loaded 2 times (x 70B)
Class org.gradle.api.UncheckedIOException                                             : loaded 2 times (x 82B)
Class com.google.common.collect.Interners$InternerBuilder                             : loaded 2 times (x 76B)
Class com.google.common.io.Files$FileByteSource                                       : loaded 2 times (x 85B)
Class [Lcom.google.common.reflect.Types$JavaVersion;                                  : loaded 2 times (x 69B)
Class com.google.common.base.JdkPattern                                               : loaded 2 times (x 75B)
Class com.google.common.collect.ImmutableList$ReverseImmutableList                    : loaded 2 times (x 209B)
Class com.google.common.io.CharStreams$NullWriter                                     : loaded 2 times (x 99B)
Class org.objectweb.asm.SymbolTable$Entry                                             : loaded 2 times (x 74B)
Class com.google.common.util.concurrent.AbstractFuture$AtomicHelper                   : loaded 2 times (x 78B)
Class org.objectweb.asm.Edge                                                          : loaded 2 times (x 72B)
Class com.google.common.base.Suppliers$SupplierOfInstance                             : loaded 2 times (x 79B)
Class com.google.common.collect.Iterators$1                                           : loaded 2 times (x 81B)
Class com.google.common.reflect.TypeToken$1                                           : loaded 2 times (x 110B)
Class com.google.common.cache.LocalCache$ComputingValueReference                      : loaded 2 times (x 96B)
Class com.google.common.collect.SingletonImmutableSet                                 : loaded 2 times (x 146B)
Class com.google.common.collect.ImmutableMap$IteratorBasedImmutableMap                : loaded 2 times (x 126B)
Class com.google.common.collect.AbstractMapBasedMultimap$AsMap$AsMapEntries           : loaded 2 times (x 138B)
Class com.google.common.reflect.TypeToken$2                                           : loaded 2 times (x 110B)
Class com.google.common.cache.LocalCache$Segment                                      : loaded 2 times (x 154B)
Class ijKotlinCoroutineJvmDebugInit1_5r7bdxi9damxfzcc7gj3q5i8h$_run_closure1$_closure2: loaded 2 times (x 139B)
Class com.google.common.collect.SortedIterable                                        : loaded 2 times (x 70B)
Class com.google.common.collect.AbstractListMultimap                                  : loaded 2 times (x 172B)
Class [Lorg.objectweb.asm.SymbolTable$Entry;                                          : loaded 2 times (x 69B)
Class com.google.common.cache.CacheLoader                                             : loaded 2 times (x 74B)
Class com.google.common.collect.Iterators$4                                           : loaded 2 times (x 82B)
Class com.google.common.collect.ImmutableBiMap                                        : loaded 2 times (x 143B)
Class org.gradle.internal.installation.GradleInstallation$1                           : loaded 2 times (x 75B)
Class org.gradle.api.internal.classpath.ModuleRegistry                                : loaded 2 times (x 70B)
Class com.google.common.base.Splitter$SplittingIterator                               : loaded 2 times (x 84B)
Class com.google.common.util.concurrent.internal.InternalFutureFailureAccess          : loaded 2 times (x 72B)
Class com.google.common.collect.Iterators$5                                           : loaded 2 times (x 82B)
Class com.google.common.collect.ImmutableSet$JdkBackedSetBuilderImpl                  : loaded 2 times (x 76B)
Class com.google.common.collect.ImmutableMultimap$Values                              : loaded 2 times (x 126B)
Class com.google.common.collect.Iterators$6                                           : loaded 2 times (x 81B)
Class com.google.common.util.concurrent.AbstractFuture$UnsafeAtomicHelper             : loaded 2 times (x 78B)
Class com.google.common.cache.LocalCache$LocalManualCache$1                           : loaded 2 times (x 75B)
Class com.google.common.base.CharMatcher$ForPredicate                                 : loaded 2 times (x 112B)
Class com.google.common.base.CharMatcher$AnyOf                                        : loaded 2 times (x 112B)
Class com.google.common.collect.ImmutableCollection                                   : loaded 2 times (x 125B)
Class org.gradle.api.internal.classpath.DefaultModuleRegistry                         : loaded 2 times (x 86B)
Class com.google.common.collect.Lists                                                 : loaded 2 times (x 71B)
Class com.google.common.util.concurrent.ListenableFuture                              : loaded 2 times (x 70B)
Class com.google.common.cache.ReferenceEntry                                          : loaded 2 times (x 70B)
Class com.google.common.base.Converter                                                : loaded 2 times (x 90B)
Class com.google.common.collect.ImmutableSet$CachingAsList                            : loaded 2 times (x 148B)
Class com.google.common.collect.AbstractMapBasedMultimap                              : loaded 2 times (x 139B)
Class com.google.common.util.concurrent.AbstractFuture                                : loaded 2 times (x 106B)
Class com.google.common.base.FunctionalEquivalence                                    : loaded 2 times (x 83B)
Class com.google.common.collect.Iterators$9                                           : loaded 2 times (x 81B)
Class com.google.common.collect.ImmutableAsList                                       : loaded 2 times (x 209B)
Class com.google.common.io.CharStreams                                                : loaded 2 times (x 71B)
Class com.google.common.collect.ImmutableMultiset                                     : loaded 2 times (x 163B)
Class com.google.common.reflect.TypeResolver$TypeTable                                : loaded 2 times (x 73B)
Class org.objectweb.asm.RecordComponentVisitor                                        : loaded 2 times (x 77B)
Class com.google.common.cache.CacheLoader$SupplierToCacheLoader                       : loaded 2 times (x 75B)
Class com.google.common.reflect.TypeResolver$TypeTable$1                              : loaded 2 times (x 73B)
Class com.google.common.collect.Maps$EntryTransformer                                 : loaded 2 times (x 70B)
Class org.gradle.internal.service.ServiceLookupException                              : loaded 2 times (x 82B)
Class com.google.common.collect.Lists$ReverseList                                     : loaded 2 times (x 200B)
Class com.google.common.collect.ImmutableSortedSet                                    : loaded 2 times (x 300B)
Class [Lcom.google.common.cache.LocalCache$EntryFactory;                              : loaded 2 times (x 69B)
Class org.gradle.internal.classloader.ClassLoaderFactory                              : loaded 2 times (x 70B)
Class com.google.common.base.CommonPattern                                            : loaded 2 times (x 74B)
Class com.google.common.cache.LocalCache$LocalManualCache                             : loaded 2 times (x 99B)
Class com.google.common.base.CharMatcher$IsNot                                        : loaded 2 times (x 111B)
Class org.gradle.internal.service.CachingServiceLocator                               : loaded 2 times (x 82B)
Class com.google.common.collect.AbstractMapBasedMultimap$KeySet                       : loaded 2 times (x 137B)
Class com.google.common.collect.RegularImmutableSortedSet                             : loaded 2 times (x 300B)
Class com.google.common.math.IntMath                                                  : loaded 2 times (x 71B)
Class com.google.common.collect.MapMakerInternalMap$InternalEntry                     : loaded 2 times (x 70B)
Class com.google.common.reflect.Types$TypeVariableInvocationHandler                   : loaded 2 times (x 75B)
Class [Lcom.google.common.collect.HashBiMap$BiEntry;                                  : loaded 2 times (x 69B)
Class com.google.common.collect.ImmutableMapEntry                                     : loaded 2 times (x 85B)
Class com.google.common.collect.ImmutableMultimap                                     : loaded 2 times (x 147B)
Class com.google.common.base.Predicates                                               : loaded 2 times (x 71B)
Class com.google.common.base.Equivalence                                              : loaded 2 times (x 82B)
Class com.google.common.base.Function                                                 : loaded 2 times (x 70B)
Class com.google.common.collect.ImmutableMapEntry$NonTerminalImmutableMapEntry        : loaded 2 times (x 85B)
Class com.google.common.collect.IndexedImmutableSet$1                                 : loaded 2 times (x 213B)
Class com.google.common.cache.CacheBuilder$OneWeigher                                 : loaded 2 times (x 82B)
Class com.google.common.collect.RegularImmutableList                                  : loaded 2 times (x 213B)
Class com.google.common.reflect.Types$ClassOwnership$1LocalClass                      : loaded 2 times (x 71B)
Class com.google.common.collect.Maps$EntryFunction                                    : loaded 2 times (x 91B)
Class org.gradle.internal.classloader.ClasspathUtil                                   : loaded 2 times (x 71B)
Class com.google.common.base.Charsets                                                 : loaded 2 times (x 71B)
Class com.google.common.util.concurrent.Uninterruptibles                              : loaded 2 times (x 71B)
Class com.google.common.collect.Maps                                                  : loaded 2 times (x 71B)
Class org.gradle.api.specs.Spec                                                       : loaded 2 times (x 70B)
Class com.google.common.collect.MapMaker                                              : loaded 2 times (x 72B)
Class com.google.common.reflect.Types$JavaVersion                                     : loaded 2 times (x 83B)
Class [Lcom.google.common.collect.ImmutableEntry;                                     : loaded 2 times (x 69B)
Class com.google.common.collect.Sets$3$1                                              : loaded 2 times (x 82B)
Class com.google.common.cache.LocalCache$LoadingValueReference                        : loaded 2 times (x 96B)
Class com.google.common.reflect.Reflection                                            : loaded 2 times (x 71B)
Class com.google.common.collect.MapMakerInternalMap$StrongKeyDummyValueEntry          : loaded 2 times (x 82B)
Class com.google.common.io.LineReader$1                                               : loaded 2 times (x 75B)
Class com.google.common.collect.AbstractMapBasedMultimap$AsMap                        : loaded 2 times (x 128B)
Class com.google.common.reflect.Invokable$MethodInvokable                             : loaded 2 times (x 107B)
Class com.google.common.collect.CollectSpliterators                                   : loaded 2 times (x 71B)
Class com.google.common.base.Platform                                                 : loaded 2 times (x 71B)
Class com.google.common.collect.AbstractMapBasedMultimap$WrappedList                  : loaded 2 times (x 205B)
Class [Lorg.objectweb.asm.AnnotationWriter;                                           : loaded 2 times (x 69B)
Class com.google.common.collect.Maps$8                                                : loaded 2 times (x 82B)
Class com.google.common.base.Predicates$CompositionPredicate                          : loaded 2 times (x 88B)
Class com.google.common.collect.Lists$ReverseList$1                                   : loaded 2 times (x 99B)
Class com.google.common.collect.ImmutableRangeSet$Builder                             : loaded 2 times (x 77B)
Class com.google.common.collect.Sets$SetView                                          : loaded 2 times (x 138B)
Class com.google.common.cache.LocalCache$StrongValueReference                         : loaded 2 times (x 90B)
Class com.google.common.util.concurrent.AbstractFuture$SynchronizedHelper             : loaded 2 times (x 78B)
Class com.google.common.graph.SuccessorsFunction                                      : loaded 2 times (x 70B)
Class org.objectweb.asm.Type                                                          : loaded 2 times (x 72B)
Class org.gradle.internal.classloader.VisitableURLClassLoader$InstrumentingVisitableURLClassLoader: loaded 2 times (x 123B)
Class com.google.common.collect.MapMakerInternalMap$StrongKeyDummyValueEntry$Helper   : loaded 2 times (x 79B)
Class com.google.common.io.Files$FileByteSink                                         : loaded 2 times (x 77B)
Class org.objectweb.asm.ByteVector                                                    : loaded 2 times (x 79B)
Class [Lcom.google.common.cache.CacheBuilder$NullListener;                            : loaded 2 times (x 69B)
Class com.google.common.math.IntMath$1                                                : loaded 2 times (x 71B)
Class org.gradle.internal.classloader.VisitableURLClassLoader$Spec                    : loaded 2 times (x 74B)
Class org.gradle.internal.classpath.DefaultClassPath                                  : loaded 2 times (x 90B)
Class com.google.common.base.AbstractIterator                                         : loaded 2 times (x 80B)
Class com.google.common.reflect.Types$ClassOwnership                                  : loaded 2 times (x 80B)
Class org.objectweb.asm.Symbol                                                        : loaded 2 times (x 73B)
Class com.google.common.io.Java8Compatibility                                         : loaded 2 times (x 71B)
Class com.google.common.collect.Sets$FilteredSet                                      : loaded 2 times (x 137B)
Class com.google.common.io.Closer                                                     : loaded 2 times (x 78B)
Class com.google.common.base.CharMatcher$Ascii                                        : loaded 2 times (x 112B)
Class com.google.common.base.CharMatcher$BitSetMatcher                                : loaded 2 times (x 112B)
Class com.google.common.collect.RegularImmutableMap$Values                            : loaded 2 times (x 207B)
Class com.google.common.collect.ImmutableSet                                          : loaded 2 times (x 145B)
Class org.gradle.internal.classloader.ClassLoaderSpec                                 : loaded 2 times (x 71B)
Class org.objectweb.asm.AnnotationWriter                                              : loaded 2 times (x 79B)
Class com.google.common.cache.CacheStats                                              : loaded 2 times (x 71B)
Class com.google.common.collect.Interners                                             : loaded 2 times (x 71B)
Class com.google.common.io.LineProcessor                                              : loaded 2 times (x 70B)
Class com.google.common.collect.ImmutableMultisetGwtSerializationDependencies         : loaded 2 times (x 125B)
Class com.google.common.io.Closer$Suppressor                                          : loaded 2 times (x 70B)
Class org.objectweb.asm.RecordComponentWriter                                         : loaded 2 times (x 78B)
Class com.google.common.util.concurrent.AbstractFuture$Listener                       : loaded 2 times (x 72B)
Class com.google.common.base.CharMatcher$Or                                           : loaded 2 times (x 112B)
Class Settings_gradle$1$1                                                             : loaded 2 times (x 74B)
Class org.objectweb.asm.Attribute                                                     : loaded 2 times (x 77B)
Class com.google.common.base.Supplier                                                 : loaded 2 times (x 70B)
Class org.gradle.internal.classloader.VisitableURLClassLoader                         : loaded 2 times (x 117B)
Class com.google.common.collect.ImmutableList$SerializedForm                          : loaded 2 times (x 73B)
Class com.google.common.util.concurrent.AbstractFuture$Waiter                         : loaded 2 times (x 72B)
Class Settings_gradle                                                                 : loaded 2 times (x 128B)
Class org.gradle.internal.Cast                                                        : loaded 2 times (x 71B)
Class org.gradle.api.Action                                                           : loaded 2 times (x 70B)
Class com.google.common.collect.MapMakerInternalMap                                   : loaded 2 times (x 161B)
Class com.google.common.collect.HashBiMap                                             : loaded 2 times (x 143B)
Class com.google.common.base.Strings                                                  : loaded 2 times (x 71B)
Class com.google.common.collect.Sets                                                  : loaded 2 times (x 71B)
Class org.objectweb.asm.Handler                                                       : loaded 2 times (x 72B)
Class com.google.common.base.Ticker                                                   : loaded 2 times (x 72B)
Class com.google.common.base.CharMatcher$FastMatcher                                  : loaded 2 times (x 111B)
Class com.google.common.cache.RemovalCause$1                                          : loaded 2 times (x 80B)
Class [Lcom.google.common.cache.LocalCache$Segment;                                   : loaded 2 times (x 69B)
Class [Lcom.google.common.cache.LocalCache$Strength;                                  : loaded 2 times (x 69B)
Class com.google.common.cache.CacheBuilder$1                                          : loaded 2 times (x 85B)
Class com.google.common.base.Predicate                                                : loaded 2 times (x 70B)
Class com.google.common.collect.ImmutableMap                                          : loaded 2 times (x 120B)
Class org.gradle.internal.classpath.DefaultClassPath$ImmutableUniqueList$Builder      : loaded 2 times (x 75B)
Class com.google.common.cache.RemovalCause$2                                          : loaded 2 times (x 80B)
Class com.google.common.collect.MapMakerInternalMap$WeakValueReference                : loaded 2 times (x 70B)
Class com.google.common.collect.AbstractRangeSet                                      : loaded 2 times (x 114B)
Class com.google.common.cache.LocalCache                                              : loaded 2 times (x 187B)
Class com.google.common.cache.CacheBuilder$2                                          : loaded 2 times (x 79B)
Class com.google.common.base.CharMatcher$NegatedFastMatcher                           : loaded 2 times (x 113B)
Class com.google.common.cache.RemovalCause$3                                          : loaded 2 times (x 80B)
Class com.google.common.collect.ArrayListMultimap                                     : loaded 2 times (x 172B)
Class com.google.common.cache.CacheBuilder$3                                          : loaded 2 times (x 72B)
Class [Lcom.google.common.collect.AbstractMapEntry;                                   : loaded 2 times (x 69B)
Class com.google.common.collect.ImmutableEntry                                        : loaded 2 times (x 82B)
Class org.gradle.api.GradleException                                                  : loaded 2 times (x 82B)
Class com.google.common.cache.RemovalCause$4                                          : loaded 2 times (x 80B)
Class com.google.common.base.Suppliers$MemoizingSupplier                              : loaded 2 times (x 79B)
Class com.google.common.collect.CollectPreconditions                                  : loaded 2 times (x 71B)
Class com.google.common.cache.RemovalCause$5                                          : loaded 2 times (x 80B)
Class [Lcom.google.common.collect.MapMakerInternalMap$Strength;                       : loaded 2 times (x 69B)
Class [Lcom.google.common.io.FileWriteMode;                                           : loaded 2 times (x 69B)
Class com.google.common.collect.Maps$AbstractFilteredMap                              : loaded 2 times (x 127B)
Class com.google.common.collect.SortedMapDifference                                   : loaded 2 times (x 70B)
Class com.google.common.cache.LocalCache$HashIterator                                 : loaded 2 times (x 86B)
Class com.google.common.collect.MapMakerInternalMap$StrongKeyDummyValueSegment        : loaded 2 times (x 142B)
Class com.google.common.collect.Iterables$4                                           : loaded 2 times (x 81B)
Class com.google.common.io.Files                                                      : loaded 2 times (x 71B)
Class com.google.common.cache.LocalCache$EntryFactory                                 : loaded 2 times (x 83B)
Class [Lcom.google.common.collect.MapMaker$Dummy;                                     : loaded 2 times (x 69B)
Class com.google.common.base.CharMatcher$Whitespace                                   : loaded 2 times (x 112B)
Class com.google.common.base.Splitter$1$1                                             : loaded 2 times (x 86B)
Class com.google.common.reflect.Types$NativeTypeVariableEquals                        : loaded 2 times (x 71B)
Class com.google.common.reflect.TypeParameter                                         : loaded 2 times (x 72B)
Class com.google.common.collect.Iterables$5                                           : loaded 2 times (x 81B)
Class com.google.common.cache.LocalCache$AbstractReferenceEntry                       : loaded 2 times (x 107B)
Class org.gradle.internal.IoActions                                                   : loaded 2 times (x 71B)
Class com.google.common.collect.ImmutableMapKeySet                                    : loaded 2 times (x 152B)
Class com.google.common.collect.ImmutableRangeSet$ComplementRanges                    : loaded 2 times (x 207B)
Class org.objectweb.asm.SymbolTable                                                   : loaded 2 times (x 72B)
Class com.google.common.cache.CacheLoader$InvalidCacheLoadException                   : loaded 2 times (x 82B)
Class com.google.common.collect.ImmutableSet$RegularSetBuilderImpl                    : loaded 2 times (x 77B)
Class org.gradle.internal.classloader.SystemClassLoaderSpec                           : loaded 2 times (x 71B)
Class com.google.common.collect.FluentIterable                                        : loaded 2 times (x 81B)
Class com.google.common.cache.LocalCache$StrongEntry                                  : loaded 2 times (x 108B)
Class com.google.common.util.concurrent.AbstractFuture$TrustedFuture                  : loaded 2 times (x 114B)
Class com.google.common.cache.LoadingCache                                            : loaded 2 times (x 70B)
Class com.google.common.io.ByteStreams$LimitedInputStream                             : loaded 2 times (x 92B)
Class com.google.common.base.Suppliers$NonSerializableMemoizingSupplier               : loaded 2 times (x 79B)
Class org.objectweb.asm.MethodWriter                                                  : loaded 2 times (x 106B)
Class [Lcom.google.common.cache.Weigher;                                              : loaded 2 times (x 69B)
Class com.google.common.collect.RegularImmutableMap$BucketOverflowException           : loaded 2 times (x 82B)
Class com.google.common.collect.ImmutableMultimap$1                                   : loaded 2 times (x 82B)
Class com.google.common.collect.AbstractMapBasedMultimap$RandomAccessWrappedList      : loaded 2 times (x 205B)
Class com.google.common.collect.ImmutableMultimap$2                                   : loaded 2 times (x 81B)
Class com.google.common.reflect.Types$JavaVersion$1                                   : loaded 2 times (x 83B)
Class com.google.common.collect.AbstractIterator$State                                : loaded 2 times (x 79B)
Class com.google.common.cache.LocalCache$ValueReference                               : loaded 2 times (x 70B)
Class com.google.common.base.CharMatcher$Negated                                      : loaded 2 times (x 113B)
Class com.google.common.base.CharMatcher$Is                                           : loaded 2 times (x 111B)
Class com.google.common.collect.RegularImmutableBiMap                                 : loaded 2 times (x 149B)
Class com.google.common.reflect.Types$JavaVersion$2                                   : loaded 2 times (x 83B)
Class com.google.common.reflect.Types                                                 : loaded 2 times (x 71B)
Class com.google.common.hash.PrimitiveSink                                            : loaded 2 times (x 70B)
Class com.google.common.base.PatternCompiler                                          : loaded 2 times (x 70B)
Class com.google.common.util.concurrent.AbstractFuture$Failure                        : loaded 2 times (x 72B)
Class com.google.common.base.Equivalence$Equals                                       : loaded 2 times (x 82B)
Class com.google.common.collect.Hashing                                               : loaded 2 times (x 71B)
Class com.google.common.base.Preconditions                                            : loaded 2 times (x 71B)
Class com.google.common.io.CharSink                                                   : loaded 2 times (x 79B)
Class com.google.common.reflect.Types$JavaVersion$3                                   : loaded 2 times (x 83B)
Class com.google.common.base.Joiner$1                                                 : loaded 2 times (x 80B)
Class org.objectweb.asm.Label                                                         : loaded 2 times (x 73B)
Class org.objectweb.asm.CurrentFrame                                                  : loaded 2 times (x 73B)
Class org.objectweb.asm.ClassTooLargeException                                        : loaded 2 times (x 83B)
Class com.google.common.base.CharMatcher                                              : loaded 2 times (x 111B)
Class com.google.common.collect.PeekingIterator                                       : loaded 2 times (x 70B)
Class com.google.common.collect.Table                                                 : loaded 2 times (x 70B)
Class com.google.common.collect.MapMakerInternalMap$InternalEntryHelper               : loaded 2 times (x 70B)
Class com.google.common.reflect.Types$JavaVersion$4                                   : loaded 2 times (x 83B)
Class com.google.common.collect.Maps$IteratorBasedAbstractMap                         : loaded 2 times (x 125B)
Class com.google.common.collect.RangeGwtSerializationDependencies                     : loaded 2 times (x 71B)
Class com.google.common.base.Joiner$2                                                 : loaded 2 times (x 79B)
Class org.objectweb.asm.Frame                                                         : loaded 2 times (x 73B)
Class org.objectweb.asm.MethodVisitor                                                 : loaded 2 times (x 105B)
Class com.google.common.cache.LocalCache$EntryFactory$1                               : loaded 2 times (x 83B)
Class [Lcom.google.common.cache.RemovalListener;                                      : loaded 2 times (x 69B)
Class com.google.common.base.CharMatcher$NamedFastMatcher                             : loaded 2 times (x 112B)
Class com.google.common.base.CharMatcher$1                                            : loaded 2 times (x 113B)
Class com.google.common.reflect.Types$JavaVersion$5                                   : loaded 2 times (x 71B)
Class [Lcom.google.common.reflect.Types$ClassOwnership;                               : loaded 2 times (x 69B)
Class com.google.common.collect.RangeSet                                              : loaded 2 times (x 70B)
Class com.google.common.cache.LocalCache$EntryFactory$2                               : loaded 2 times (x 83B)
Class org.gradle.api.internal.classpath.GlobalCacheRootsProvider                      : loaded 2 times (x 70B)
Class com.google.common.collect.CollectCollectors                                     : loaded 2 times (x 71B)
Class org.objectweb.asm.ModuleWriter                                                  : loaded 2 times (x 82B)
Class com.google.common.cache.LocalCache$EntryFactory$3                               : loaded 2 times (x 83B)
Class com.google.common.base.Ticker$1                                                 : loaded 2 times (x 72B)
Class com.google.common.collect.Maps$BiMapConverter                                   : loaded 2 times (x 90B)
Class com.google.common.collect.ImmutableMapEntrySet$RegularEntrySet                  : loaded 2 times (x 152B)
Class com.google.common.collect.CollectSpliterators$1                                 : loaded 2 times (x 90B)
Class com.google.common.cache.LocalCache$EntryFactory$4                               : loaded 2 times (x 83B)
Class com.google.common.base.CharMatcher$InRange                                      : loaded 2 times (x 111B)
Class com.google.common.collect.ImmutableSet$Builder                                  : loaded 2 times (x 85B)
Class com.google.common.io.ByteStreams$1                                              : loaded 2 times (x 85B)
Class com.google.common.cache.LocalCache$EntryFactory$5                               : loaded 2 times (x 83B)
Class com.google.common.io.LineReader                                                 : loaded 2 times (x 72B)
Class com.google.common.cache.LocalCache$EntryFactory$6                               : loaded 2 times (x 83B)
Class org.gradle.internal.installation.CurrentGradleInstallationLocator               : loaded 2 times (x 71B)
Class com.google.common.collect.ImmutableMultimap$Builder                             : loaded 2 times (x 86B)
Class com.google.common.collect.Maps$KeySet                                           : loaded 2 times (x 137B)
Class com.google.common.cache.LocalCache$EntryFactory$7                               : loaded 2 times (x 83B)
Class com.google.common.collect.ImmutableSet$EmptySetBuilderImpl                      : loaded 2 times (x 76B)
Class com.google.common.collect.ImmutableList                                         : loaded 2 times (x 206B)
Class org.gradle.internal.service.DefaultServiceLocator                               : loaded 2 times (x 83B)
Class com.google.common.collect.ImmutableMultimap$EntryCollection                     : loaded 2 times (x 128B)
Class com.google.common.collect.Maps$EntrySet                                         : loaded 2 times (x 136B)
Class com.google.common.cache.LocalCache$EntryFactory$8                               : loaded 2 times (x 83B)
Class com.google.common.collect.ImmutableSet$SetBuilderImpl                           : loaded 2 times (x 76B)
Class org.gradle.internal.installation.CurrentGradleInstallation                      : loaded 2 times (x 73B)
Class com.google.common.cache.CacheLoader$1                                           : loaded 2 times (x 75B)
Class com.google.common.collect.ForwardingObject                                      : loaded 2 times (x 72B)
Class com.google.common.collect.ImmutableList$SubList                                 : loaded 2 times (x 209B)
Class org.gradle.util.internal.GUtil                                                  : loaded 2 times (x 71B)
Class com.google.common.io.ByteSource                                                 : loaded 2 times (x 84B)
Class com.google.common.util.concurrent.AbstractFuture$SetFuture                      : loaded 2 times (x 75B)
Class com.google.common.cache.AbstractCache$StatsCounter                              : loaded 2 times (x 70B)
Class com.google.common.collect.MapMakerInternalMap$1                                 : loaded 2 times (x 83B)
Class com.google.common.io.LineBuffer                                                 : loaded 2 times (x 75B)
Class com.google.common.reflect.Types$TypeVariableImpl                                : loaded 2 times (x 72B)
Class com.google.common.collect.Iterators$MergingIterator                             : loaded 2 times (x 81B)
Class com.google.common.collect.RegularImmutableSet                                   : loaded 2 times (x 149B)
Class org.gradle.internal.installation.GradleInstallation                             : loaded 2 times (x 75B)
Class com.google.common.base.Splitter$Strategy                                        : loaded 2 times (x 70B)
Class com.google.common.collect.Iterables                                             : loaded 2 times (x 71B)
Class com.google.common.collect.Lists$RandomAccessReverseList                         : loaded 2 times (x 200B)

---------------  S Y S T E M  ---------------

OS:
 Windows 10 , 64 bit Build 19041 (10.0.19041.5678)
OS uptime: 4 days 6:57 hours

CPU: total 12 (initial active 12) (6 cores per cpu, 2 threads per core) family 6 model 151 stepping 5 microcode 0x36, cx8, cmov, fxsr, ht, mmx, 3dnowpref, sse, sse2, sse3, ssse3, sse4.1, sse4.2, popcnt, lzcnt, tsc, tscinvbit, avx, avx2, aes, erms, clmul, bmi1, bmi2, adx, sha, fma, vzeroupper, clflush, clflushopt, clwb, serialize, rdtscp, rdpid, fsrm, f16c, pku, cet_ibt, cet_ss
Processor Information for the first 12 processors :
  Max Mhz: 2500, Current Mhz: 2500, Mhz Limit: 2500

Memory: 4k page, system-wide physical 8028M (80M free)
TotalPageFile size 27228M (AvailPageFile size 14M)
current process WorkingSet (physical memory assigned to process): 424M, peak: 816M
current process commit charge ("private bytes"): 878M, peak: 947M

vm_info: OpenJDK 64-Bit Server VM (21.0.8+-14196175-b1038.72) for windows-amd64 JRE (21.0.8+-14196175-b1038.72), built on 2025-10-01T10:24:33Z by "builder" with MS VC++ 16.10 / 16.11 (VS2019)

END.
