#
# There is insufficient memory for the Java Runtime Environment to continue.
# Native memory allocation (malloc) failed to allocate 1726416 bytes. Error detail: Chunk::new
# Possible reasons:
#   The system is out of physical RAM or swap space
#   This process is running with CompressedOops enabled, and the Java Heap may be blocking the growth of the native heap
# Possible solutions:
#   Reduce memory load on the system
#   Increase physical memory or swap space
#   Check if swap backing store is full
#   Decrease Java heap size (-Xmx/-Xms)
#   Decrease number of Java threads
#   Decrease Java thread stack sizes (-Xss)
#   Set larger code cache with -XX:ReservedCodeCacheSize=
#   JVM is running with Unscaled Compressed Oops mode in which the Java heap is
#     placed in the first 4GB address space. The Java Heap base address is the
#     maximum limit for the native heap growth. Please use -XX:HeapBaseMinAddress
#     to set the Java Heap base and to place the Java Heap above 4GB virtual address.
# This output file may be truncated or incomplete.
#
#  Out of Memory Error (arena.cpp:168), pid=7464, tid=12644
#
# JRE version: OpenJDK Runtime Environment (21.0.8) (build 21.0.8+-14196175-b1038.72)
# Java VM: OpenJDK 64-Bit Server VM (21.0.8+-14196175-b1038.72, mixed mode, tiered, compressed oops, compressed class ptrs, g1 gc, windows-amd64)
# No core dump will be written. Minidumps are not enabled by default on client versions of Windows
#

---------------  S U M M A R Y ------------

Command Line: --add-opens=java.base/java.lang=ALL-UNNAMED --add-opens=java.base/java.lang.invoke=ALL-UNNAMED --add-opens=java.base/java.util=ALL-UNNAMED --add-opens=java.prefs/java.util.prefs=ALL-UNNAMED --add-exports=jdk.compiler/com.sun.tools.javac.api=ALL-UNNAMED --add-exports=jdk.compiler/com.sun.tools.javac.util=ALL-UNNAMED --add-opens=java.base/java.util=ALL-UNNAMED --add-opens=java.prefs/java.util.prefs=ALL-UNNAMED --add-opens=java.base/java.nio.charset=ALL-UNNAMED --add-opens=java.base/java.net=ALL-UNNAMED --add-opens=java.base/java.util.concurrent.atomic=ALL-UNNAMED --add-opens=java.xml/javax.xml.namespace=ALL-UNNAMED -Xmx2048m -Dfile.encoding=UTF-8 -Duser.country=CN -Duser.language=zh -Duser.variant -javaagent:C:\Users\Administrator\.gradle\wrapper\dists\gradle-8.13-bin\5xuhj0ry160q40clulazy9h7d\gradle-8.13\lib\agents\gradle-instrumentation-agent-8.13.jar org.gradle.launcher.daemon.bootstrap.GradleDaemon 8.13

Host: 12th Gen Intel(R) Core(TM) i5-12400F, 12 cores, 7G,  Windows 10 , 64 bit Build 19041 (10.0.19041.5678)
Time: Tue Apr 14 16:37:08 2026 elapsed time: 14.544249 seconds (0d 0h 0m 14s)

---------------  T H R E A D  ---------------

Current thread (0x000001e94c73ebb0):  JavaThread "C2 CompilerThread0" daemon [_thread_in_native, id=12644, stack(0x0000000192900000,0x0000000192a00000) (1024K)]


Current CompileTask:
C2:14544 9596   !   4       sun.reflect.annotation.AnnotationParser::parseAnnotations (37 bytes)

Stack: [0x0000000192900000,0x0000000192a00000]
Native frames: (J=compiled Java code, j=interpreted, Vv=VM code, C=native code)
V  [jvm.dll+0x6d68d9]
V  [jvm.dll+0x866693]
V  [jvm.dll+0x868c4e]
V  [jvm.dll+0x869333]
V  [jvm.dll+0x280566]
V  [jvm.dll+0xc07cd]
V  [jvm.dll+0xc0d03]
V  [jvm.dll+0x3b95e1]
V  [jvm.dll+0x385507]
V  [jvm.dll+0x38497a]
V  [jvm.dll+0x249252]
V  [jvm.dll+0x248821]
V  [jvm.dll+0x1c73a4]
V  [jvm.dll+0x257f9e]
V  [jvm.dll+0x2564e6]
V  [jvm.dll+0x3f4696]
V  [jvm.dll+0x80eac8]
V  [jvm.dll+0x6d512d]
C  [ucrtbase.dll+0x21bb2]
C  [KERNEL32.DLL+0x17374]
C  [ntdll.dll+0x4cc91]


---------------  P R O C E S S  ---------------

Threads class SMR info:
_java_thread_list=0x000001e9510ab5e0, length=66, elements={
0x000001e9324dcc80, 0x000001e94c701f30, 0x000001e94c705db0, 0x000001e94c707230,
0x000001e94c72efd0, 0x000001e94c72fa30, 0x000001e94c736080, 0x000001e94c739660,
0x000001e94c73ebb0, 0x000001e94c73f650, 0x000001e94ca0b150, 0x000001e952781d40,
0x000001e9527f6450, 0x000001e952ae0200, 0x000001e952a8e360, 0x000001e952a8c0f0,
0x000001e9529cc740, 0x000001e9529cd6d0, 0x000001e952b22c10, 0x000001e952b4cfb0,
0x000001e952b4a850, 0x000001e952b4b570, 0x000001e952b4c920, 0x000001e952b4bc00,
0x000001e952b4a1c0, 0x000001e952b4aee0, 0x000001e952b4c290, 0x000001e9546faef0,
0x000001e9546fe370, 0x000001e9546fc2a0, 0x000001e9546fb580, 0x000001e9546f94b0,
0x000001e9546fbc10, 0x000001e9546ff720, 0x000001e9546fa1d0, 0x000001e9546ffdb0,
0x000001e954700ad0, 0x000001e954700440, 0x000001e9546ff090, 0x000001e9546fea00,
0x000001e9546fcfc0, 0x000001e9546f9b40, 0x000001e9546fa860, 0x000001e9546fdce0,
0x000001e955681a70, 0x000001e95567be90, 0x000001e955680030, 0x000001e955682100,
0x000001e9556806c0, 0x000001e95567c520, 0x000001e95567cbb0, 0x000001e95567df60,
0x000001e95567d240, 0x000001e95567d8d0, 0x000001e95567ec80, 0x000001e95567f310,
0x000001e95567f9a0, 0x000001e955680d50, 0x000001e95567e5f0, 0x000001e9556813e0,
0x000001e95567b170, 0x000001e955682790, 0x000001e95567b800, 0x000001e95565bee0,
0x000001e95565cc00, 0x000001e95f1309e0
}

Java Threads: ( => current thread )
  0x000001e9324dcc80 JavaThread "main"                              [_thread_blocked, id=16896, stack(0x0000000191a00000,0x0000000191b00000) (1024K)]
  0x000001e94c701f30 JavaThread "Common-Cleaner"             daemon [_thread_blocked, id=13336, stack(0x0000000192200000,0x0000000192300000) (1024K)]
  0x000001e94c705db0 JavaThread "Reference Handler"          daemon [_thread_blocked, id=17632, stack(0x0000000192300000,0x0000000192400000) (1024K)]
  0x000001e94c707230 JavaThread "Finalizer"                  daemon [_thread_blocked, id=6368, stack(0x0000000192400000,0x0000000192500000) (1024K)]
  0x000001e94c72efd0 JavaThread "Signal Dispatcher"          daemon [_thread_blocked, id=17208, stack(0x0000000192500000,0x0000000192600000) (1024K)]
  0x000001e94c72fa30 JavaThread "Attach Listener"            daemon [_thread_blocked, id=16148, stack(0x0000000192600000,0x0000000192700000) (1024K)]
  0x000001e94c736080 JavaThread "Service Thread"             daemon [_thread_blocked, id=18388, stack(0x0000000192700000,0x0000000192800000) (1024K)]
  0x000001e94c739660 JavaThread "Monitor Deflation Thread"   daemon [_thread_blocked, id=7580, stack(0x0000000192800000,0x0000000192900000) (1024K)]
=>0x000001e94c73ebb0 JavaThread "C2 CompilerThread0"         daemon [_thread_in_native, id=12644, stack(0x0000000192900000,0x0000000192a00000) (1024K)]
  0x000001e94c73f650 JavaThread "C1 CompilerThread0"         daemon [_thread_blocked, id=17756, stack(0x0000000192a00000,0x0000000192b00000) (1024K)]
  0x000001e94ca0b150 JavaThread "Notification Thread"        daemon [_thread_blocked, id=19324, stack(0x0000000192b00000,0x0000000192c00000) (1024K)]
  0x000001e952781d40 JavaThread "Daemon health stats"               [_thread_blocked, id=1808, stack(0x0000000193400000,0x0000000193500000) (1024K)]
  0x000001e9527f6450 JavaThread "Incoming local TCP Connector on port 63283"        [_thread_in_native, id=14328, stack(0x0000000193500000,0x0000000193600000) (1024K)]
  0x000001e952ae0200 JavaThread "Daemon periodic checks"            [_thread_blocked, id=13808, stack(0x0000000193600000,0x0000000193700000) (1024K)]
  0x000001e952a8e360 JavaThread "Daemon"                            [_thread_blocked, id=16740, stack(0x0000000193700000,0x0000000193800000) (1024K)]
  0x000001e952a8c0f0 JavaThread "Handler for socket connection from /127.0.0.1:63283 to /127.0.0.1:63284"        [_thread_in_native, id=15340, stack(0x0000000193800000,0x0000000193900000) (1024K)]
  0x000001e9529cc740 JavaThread "Cancel handler"                    [_thread_blocked, id=1680, stack(0x0000000193900000,0x0000000193a00000) (1024K)]
  0x000001e9529cd6d0 JavaThread "Daemon worker"                     [_thread_in_vm, id=9228, stack(0x0000000193a00000,0x0000000193b00000) (1024K)]
  0x000001e952b22c10 JavaThread "Asynchronous log dispatcher for DefaultDaemonConnection: socket connection from /127.0.0.1:63283 to /127.0.0.1:63284"        [_thread_blocked, id=4136, stack(0x0000000193e00000,0x0000000193f00000) (1024K)]
  0x000001e952b4cfb0 JavaThread "Stdin handler"                     [_thread_blocked, id=12464, stack(0x0000000193f00000,0x0000000194000000) (1024K)]
  0x000001e952b4a850 JavaThread "Daemon client event forwarder"        [_thread_blocked, id=16984, stack(0x0000000194000000,0x0000000194100000) (1024K)]
  0x000001e952b4b570 JavaThread "Cache worker for journal cache (C:\Users\Administrator\.gradle\caches\journal-1)"        [_thread_blocked, id=14984, stack(0x0000000194100000,0x0000000194200000) (1024K)]
  0x000001e952b4c920 JavaThread "File lock request listener"        [_thread_in_native, id=18540, stack(0x0000000194200000,0x0000000194300000) (1024K)]
  0x000001e952b4bc00 JavaThread "Cache worker for file hash cache (C:\Users\Administrator\.gradle\caches\8.13\fileHashes)"        [_thread_blocked, id=7548, stack(0x0000000194300000,0x0000000194400000) (1024K)]
  0x000001e952b4a1c0 JavaThread "Cache worker for file hash cache (E:\ClickAssist\.gradle\8.13\fileHashes)"        [_thread_blocked, id=6564, stack(0x0000000194400000,0x0000000194500000) (1024K)]
  0x000001e952b4aee0 JavaThread "Cache worker for Build Output Cleanup Cache (E:\ClickAssist\.gradle\buildOutputCleanup)"        [_thread_blocked, id=13156, stack(0x0000000194500000,0x0000000194600000) (1024K)]
  0x000001e952b4c290 JavaThread "File watcher server"        daemon [_thread_in_native, id=17328, stack(0x0000000194600000,0x0000000194700000) (1024K)]
  0x000001e9546faef0 JavaThread "File watcher consumer"      daemon [_thread_blocked, id=17652, stack(0x0000000194700000,0x0000000194800000) (1024K)]
  0x000001e9546fe370 JavaThread "jar transforms"                    [_thread_blocked, id=12280, stack(0x0000000194800000,0x0000000194900000) (1024K)]
  0x000001e9546fc2a0 JavaThread "jar transforms Thread 2"           [_thread_blocked, id=15492, stack(0x0000000194900000,0x0000000194a00000) (1024K)]
  0x000001e9546fb580 JavaThread "jar transforms Thread 3"           [_thread_blocked, id=11260, stack(0x0000000194a00000,0x0000000194b00000) (1024K)]
  0x000001e9546f94b0 JavaThread "jar transforms Thread 4"           [_thread_blocked, id=18032, stack(0x0000000194b00000,0x0000000194c00000) (1024K)]
  0x000001e9546fbc10 JavaThread "jar transforms Thread 5"           [_thread_blocked, id=18504, stack(0x0000000194c00000,0x0000000194d00000) (1024K)]
  0x000001e9546ff720 JavaThread "jar transforms Thread 6"           [_thread_blocked, id=16300, stack(0x0000000194d00000,0x0000000194e00000) (1024K)]
  0x000001e9546fa1d0 JavaThread "jar transforms Thread 7"           [_thread_blocked, id=15908, stack(0x0000000194e00000,0x0000000194f00000) (1024K)]
  0x000001e9546ffdb0 JavaThread "jar transforms Thread 8"           [_thread_blocked, id=7864, stack(0x0000000194f00000,0x0000000195000000) (1024K)]
  0x000001e954700ad0 JavaThread "jar transforms Thread 9"           [_thread_blocked, id=13368, stack(0x0000000195000000,0x0000000195100000) (1024K)]
  0x000001e954700440 JavaThread "jar transforms Thread 10"          [_thread_blocked, id=2464, stack(0x0000000195100000,0x0000000195200000) (1024K)]
  0x000001e9546ff090 JavaThread "jar transforms Thread 11"          [_thread_blocked, id=1860, stack(0x0000000195200000,0x0000000195300000) (1024K)]
  0x000001e9546fea00 JavaThread "jar transforms Thread 12"          [_thread_blocked, id=13084, stack(0x0000000195300000,0x0000000195400000) (1024K)]
  0x000001e9546fcfc0 JavaThread "Cache worker for checksums cache (E:\ClickAssist\.gradle\8.13\checksums)"        [_thread_blocked, id=7944, stack(0x0000000195400000,0x0000000195500000) (1024K)]
  0x000001e9546f9b40 JavaThread "Cache worker for file content cache (C:\Users\Administrator\.gradle\caches\8.13\fileContent)"        [_thread_blocked, id=11232, stack(0x0000000195500000,0x0000000195600000) (1024K)]
  0x000001e9546fa860 JavaThread "Cache worker for cache directory md-supplier (C:\Users\Administrator\.gradle\caches\8.13\md-supplier)"        [_thread_blocked, id=3196, stack(0x0000000195600000,0x0000000195700000) (1024K)]
  0x000001e9546fdce0 JavaThread "Cache worker for cache directory md-rule (C:\Users\Administrator\.gradle\caches\8.13\md-rule)"        [_thread_blocked, id=12064, stack(0x0000000195700000,0x0000000195800000) (1024K)]
  0x000001e955681a70 JavaThread "Unconstrained build operations"        [_thread_blocked, id=2088, stack(0x0000000195800000,0x0000000195900000) (1024K)]
  0x000001e95567be90 JavaThread "Unconstrained build operations Thread 2"        [_thread_blocked, id=14424, stack(0x0000000195900000,0x0000000195a00000) (1024K)]
  0x000001e955680030 JavaThread "Unconstrained build operations Thread 3"        [_thread_blocked, id=16764, stack(0x0000000195a00000,0x0000000195b00000) (1024K)]
  0x000001e955682100 JavaThread "Unconstrained build operations Thread 4"        [_thread_blocked, id=5440, stack(0x0000000195b00000,0x0000000195c00000) (1024K)]
  0x000001e9556806c0 JavaThread "Unconstrained build operations Thread 5"        [_thread_blocked, id=16712, stack(0x0000000195c00000,0x0000000195d00000) (1024K)]
  0x000001e95567c520 JavaThread "Unconstrained build operations Thread 6"        [_thread_blocked, id=6828, stack(0x0000000195d00000,0x0000000195e00000) (1024K)]
  0x000001e95567cbb0 JavaThread "Unconstrained build operations Thread 7"        [_thread_blocked, id=6256, stack(0x0000000195e00000,0x0000000195f00000) (1024K)]
  0x000001e95567df60 JavaThread "Unconstrained build operations Thread 8"        [_thread_blocked, id=6000, stack(0x0000000195f00000,0x0000000196000000) (1024K)]
  0x000001e95567d240 JavaThread "Unconstrained build operations Thread 9"        [_thread_blocked, id=9096, stack(0x0000000196000000,0x0000000196100000) (1024K)]
  0x000001e95567d8d0 JavaThread "Unconstrained build operations Thread 10"        [_thread_blocked, id=10304, stack(0x0000000196100000,0x0000000196200000) (1024K)]
  0x000001e95567ec80 JavaThread "Unconstrained build operations Thread 11"        [_thread_blocked, id=9684, stack(0x0000000196200000,0x0000000196300000) (1024K)]
  0x000001e95567f310 JavaThread "Unconstrained build operations Thread 12"        [_thread_blocked, id=17448, stack(0x0000000196300000,0x0000000196400000) (1024K)]
  0x000001e95567f9a0 JavaThread "Unconstrained build operations Thread 13"        [_thread_blocked, id=15892, stack(0x0000000196400000,0x0000000196500000) (1024K)]
  0x000001e955680d50 JavaThread "Unconstrained build operations Thread 14"        [_thread_blocked, id=17604, stack(0x0000000196500000,0x0000000196600000) (1024K)]
  0x000001e95567e5f0 JavaThread "Unconstrained build operations Thread 15"        [_thread_blocked, id=19208, stack(0x0000000196600000,0x0000000196700000) (1024K)]
  0x000001e9556813e0 JavaThread "Unconstrained build operations Thread 16"        [_thread_blocked, id=16904, stack(0x0000000196700000,0x0000000196800000) (1024K)]
  0x000001e95567b170 JavaThread "Unconstrained build operations Thread 17"        [_thread_blocked, id=11488, stack(0x0000000196800000,0x0000000196900000) (1024K)]
  0x000001e955682790 JavaThread "Unconstrained build operations Thread 18"        [_thread_blocked, id=3116, stack(0x0000000196900000,0x0000000196a00000) (1024K)]
  0x000001e95567b800 JavaThread "Unconstrained build operations Thread 19"        [_thread_blocked, id=19180, stack(0x0000000196a00000,0x0000000196b00000) (1024K)]
  0x000001e95565bee0 JavaThread "Unconstrained build operations Thread 20"        [_thread_blocked, id=1932, stack(0x0000000196b00000,0x0000000196c00000) (1024K)]
  0x000001e95565cc00 JavaThread "Unconstrained build operations Thread 21"        [_thread_blocked, id=13580, stack(0x0000000196c00000,0x0000000196d00000) (1024K)]
  0x000001e95f1309e0 JavaThread "C2 CompilerThread1"         daemon [_thread_in_native, id=18556, stack(0x0000000196d00000,0x0000000196e00000) (1024K)]
Total: 66

Other Threads:
  0x000001e94c54e130 VMThread "VM Thread"                           [id=17268, stack(0x0000000192100000,0x0000000192200000) (1024K)]
  0x000001e94c4dce80 WatcherThread "VM Periodic Task Thread"        [id=11808, stack(0x0000000192000000,0x0000000192100000) (1024K)]
  0x000001e933ee9b80 WorkerThread "GC Thread#0"                     [id=11380, stack(0x0000000191b00000,0x0000000191c00000) (1024K)]
  0x000001e951343a40 WorkerThread "GC Thread#1"                     [id=9172, stack(0x0000000192c00000,0x0000000192d00000) (1024K)]
  0x000001e951343de0 WorkerThread "GC Thread#2"                     [id=2248, stack(0x0000000192d00000,0x0000000192e00000) (1024K)]
  0x000001e951286f10 WorkerThread "GC Thread#3"                     [id=4008, stack(0x0000000192e00000,0x0000000192f00000) (1024K)]
  0x000001e951b31cc0 WorkerThread "GC Thread#4"                     [id=7364, stack(0x0000000192f00000,0x0000000193000000) (1024K)]
  0x000001e952662740 WorkerThread "GC Thread#5"                     [id=10376, stack(0x0000000193000000,0x0000000193100000) (1024K)]
  0x000001e951c515a0 WorkerThread "GC Thread#6"                     [id=14664, stack(0x0000000193100000,0x0000000193200000) (1024K)]
  0x000001e9526463f0 WorkerThread "GC Thread#7"                     [id=8560, stack(0x0000000193200000,0x0000000193300000) (1024K)]
  0x000001e9527d4830 WorkerThread "GC Thread#8"                     [id=8344, stack(0x0000000193300000,0x0000000193400000) (1024K)]
  0x000001e9527d56b0 WorkerThread "GC Thread#9"                     [id=17016, stack(0x0000000193b00000,0x0000000193c00000) (1024K)]
  0x000001e933efb7f0 ConcurrentGCThread "G1 Main Marker"            [id=19216, stack(0x0000000191c00000,0x0000000191d00000) (1024K)]
  0x000001e933efc200 WorkerThread "G1 Conc#0"                       [id=180, stack(0x0000000191d00000,0x0000000191e00000) (1024K)]
  0x000001e9527d4f70 WorkerThread "G1 Conc#1"                       [id=2212, stack(0x0000000193c00000,0x0000000193d00000) (1024K)]
  0x000001e9527d4490 WorkerThread "G1 Conc#2"                       [id=16276, stack(0x0000000193d00000,0x0000000193e00000) (1024K)]
  0x000001e933f3eb60 ConcurrentGCThread "G1 Refine#0"               [id=6832, stack(0x0000000191e00000,0x0000000191f00000) (1024K)]
  0x000001e94c3b3830 ConcurrentGCThread "G1 Service"                [id=6328, stack(0x0000000191f00000,0x0000000192000000) (1024K)]
Total: 18

Threads with active compile tasks:
C2 CompilerThread0  14577 9596   !   4       sun.reflect.annotation.AnnotationParser::parseAnnotations (37 bytes)
C2 CompilerThread1  14577 9683   !   4       java.net.URLClassLoader::defineClass (224 bytes)
Total: 2

VM state: not at safepoint (normal execution)

VM Mutex/Monitor currently owned by a thread: None

Heap address: 0x0000000080000000, size: 2048 MB, Compressed Oops mode: 32-bit

CDS archive(s) not mapped
Compressed class space mapped at: 0x0000000100000000-0x0000000140000000, reserved size: 1073741824
Narrow klass base: 0x0000000000000000, Narrow klass shift: 3, Narrow klass range: 0x140000000

GC Precious Log:
 CardTable entry size: 512
 Card Set container configuration: InlinePtr #cards 5 size 8 Array Of Cards #cards 12 size 40 Howl #buckets 4 coarsen threshold 1843 Howl Bitmap #cards 512 size 80 coarsen threshold 460 Card regions per heap region 1 cards per card region 2048
 CPUs: 12 total, 12 available
 Memory: 8028M
 Large Page Support: Disabled
 NUMA Support: Disabled
 Compressed Oops: Enabled (32-bit)
 Heap Region Size: 1M
 Heap Min Capacity: 8M
 Heap Initial Capacity: 126M
 Heap Max Capacity: 2G
 Pre-touch: Disabled
 Parallel Workers: 10
 Concurrent Workers: 3
 Concurrent Refinement Workers: 10
 Periodic GC: Disabled

Heap:
 garbage-first heap   total 225280K, used 158514K [0x0000000080000000, 0x0000000100000000)
  region size 1024K, 28 young (28672K), 9 survivors (9216K)
 Metaspace       used 125277K, committed 127488K, reserved 1179648K
  class space    used 17108K, committed 18176K, reserved 1048576K

Heap Regions: E=young(eden), S=young(survivor), O=old, HS=humongous(starts), HC=humongous(continues), CS=collection set, F=free, TAMS=top-at-mark-start, PB=parsable bottom
|   0|0x0000000080000000, 0x0000000080100000, 0x0000000080100000|100%|HS|  |TAMS 0x0000000080000000| PB 0x0000000080000000| Complete 
|   1|0x0000000080100000, 0x0000000080200000, 0x0000000080200000|100%|HC|  |TAMS 0x0000000080100000| PB 0x0000000080100000| Complete 
|   2|0x0000000080200000, 0x0000000080300000, 0x0000000080300000|100%|HC|  |TAMS 0x0000000080200000| PB 0x0000000080200000| Complete 
|   3|0x0000000080300000, 0x0000000080400000, 0x0000000080400000|100%| O|  |TAMS 0x0000000080300000| PB 0x0000000080300000| Untracked 
|   4|0x0000000080400000, 0x0000000080500000, 0x0000000080500000|100%| O|  |TAMS 0x0000000080400000| PB 0x0000000080400000| Untracked 
|   5|0x0000000080500000, 0x0000000080600000, 0x0000000080600000|100%| O|  |TAMS 0x0000000080500000| PB 0x0000000080500000| Untracked 
|   6|0x0000000080600000, 0x0000000080700000, 0x0000000080700000|100%|HS|  |TAMS 0x0000000080600000| PB 0x0000000080600000| Complete 
|   7|0x0000000080700000, 0x0000000080800000, 0x0000000080800000|100%| O|  |TAMS 0x0000000080700000| PB 0x0000000080700000| Untracked 
|   8|0x0000000080800000, 0x0000000080900000, 0x0000000080900000|100%| O|  |TAMS 0x0000000080800000| PB 0x0000000080800000| Untracked 
|   9|0x0000000080900000, 0x0000000080a00000, 0x0000000080a00000|100%| O|  |TAMS 0x0000000080900000| PB 0x0000000080900000| Untracked 
|  10|0x0000000080a00000, 0x0000000080b00000, 0x0000000080b00000|100%| O|  |TAMS 0x0000000080a00000| PB 0x0000000080a00000| Untracked 
|  11|0x0000000080b00000, 0x0000000080c00000, 0x0000000080c00000|100%| O|  |TAMS 0x0000000080b00000| PB 0x0000000080b00000| Untracked 
|  12|0x0000000080c00000, 0x0000000080d00000, 0x0000000080d00000|100%| O|  |TAMS 0x0000000080c00000| PB 0x0000000080c00000| Untracked 
|  13|0x0000000080d00000, 0x0000000080e00000, 0x0000000080e00000|100%| O|  |TAMS 0x0000000080d00000| PB 0x0000000080d00000| Untracked 
|  14|0x0000000080e00000, 0x0000000080f00000, 0x0000000080f00000|100%| O|  |TAMS 0x0000000080e00000| PB 0x0000000080e00000| Untracked 
|  15|0x0000000080f00000, 0x0000000081000000, 0x0000000081000000|100%| O|  |TAMS 0x0000000080f00000| PB 0x0000000080f00000| Untracked 
|  16|0x0000000081000000, 0x0000000081100000, 0x0000000081100000|100%| O|  |TAMS 0x0000000081000000| PB 0x0000000081000000| Untracked 
|  17|0x0000000081100000, 0x0000000081200000, 0x0000000081200000|100%| O|  |TAMS 0x0000000081100000| PB 0x0000000081100000| Untracked 
|  18|0x0000000081200000, 0x0000000081300000, 0x0000000081300000|100%| O|  |TAMS 0x0000000081200000| PB 0x0000000081200000| Untracked 
|  19|0x0000000081300000, 0x0000000081400000, 0x0000000081400000|100%| O|  |TAMS 0x0000000081300000| PB 0x0000000081300000| Untracked 
|  20|0x0000000081400000, 0x0000000081500000, 0x0000000081500000|100%| O|  |TAMS 0x0000000081400000| PB 0x0000000081400000| Untracked 
|  21|0x0000000081500000, 0x0000000081600000, 0x0000000081600000|100%| O|  |TAMS 0x0000000081500000| PB 0x0000000081500000| Untracked 
|  22|0x0000000081600000, 0x0000000081700000, 0x0000000081700000|100%|HS|  |TAMS 0x0000000081600000| PB 0x0000000081600000| Complete 
|  23|0x0000000081700000, 0x0000000081800000, 0x0000000081800000|100%|HC|  |TAMS 0x0000000081700000| PB 0x0000000081700000| Complete 
|  24|0x0000000081800000, 0x0000000081900000, 0x0000000081900000|100%|HC|  |TAMS 0x0000000081800000| PB 0x0000000081800000| Complete 
|  25|0x0000000081900000, 0x0000000081a00000, 0x0000000081a00000|100%|HC|  |TAMS 0x0000000081900000| PB 0x0000000081900000| Complete 
|  26|0x0000000081a00000, 0x0000000081b00000, 0x0000000081b00000|100%|HC|  |TAMS 0x0000000081a00000| PB 0x0000000081a00000| Complete 
|  27|0x0000000081b00000, 0x0000000081c00000, 0x0000000081c00000|100%|HC|  |TAMS 0x0000000081b00000| PB 0x0000000081b00000| Complete 
|  28|0x0000000081c00000, 0x0000000081d00000, 0x0000000081d00000|100%|HS|  |TAMS 0x0000000081c00000| PB 0x0000000081c00000| Complete 
|  29|0x0000000081d00000, 0x0000000081e00000, 0x0000000081e00000|100%|HS|  |TAMS 0x0000000081d00000| PB 0x0000000081d00000| Complete 
|  30|0x0000000081e00000, 0x0000000081f00000, 0x0000000081f00000|100%|HC|  |TAMS 0x0000000081e00000| PB 0x0000000081e00000| Complete 
|  31|0x0000000081f00000, 0x0000000082000000, 0x0000000082000000|100%|HS|  |TAMS 0x0000000081f00000| PB 0x0000000081f00000| Complete 
|  32|0x0000000082000000, 0x0000000082100000, 0x0000000082100000|100%|HC|  |TAMS 0x0000000082000000| PB 0x0000000082000000| Complete 
|  33|0x0000000082100000, 0x0000000082200000, 0x0000000082200000|100%|HC|  |TAMS 0x0000000082100000| PB 0x0000000082100000| Complete 
|  34|0x0000000082200000, 0x0000000082300000, 0x0000000082300000|100%|HC|  |TAMS 0x0000000082200000| PB 0x0000000082200000| Complete 
|  35|0x0000000082300000, 0x0000000082400000, 0x0000000082400000|100%|HS|  |TAMS 0x0000000082300000| PB 0x0000000082300000| Complete 
|  36|0x0000000082400000, 0x0000000082500000, 0x0000000082500000|100%|HS|  |TAMS 0x0000000082400000| PB 0x0000000082400000| Complete 
|  37|0x0000000082500000, 0x0000000082600000, 0x0000000082600000|100%|HC|  |TAMS 0x0000000082500000| PB 0x0000000082500000| Complete 
|  38|0x0000000082600000, 0x0000000082700000, 0x0000000082700000|100%|HC|  |TAMS 0x0000000082600000| PB 0x0000000082600000| Complete 
|  39|0x0000000082700000, 0x0000000082800000, 0x0000000082800000|100%|HC|  |TAMS 0x0000000082700000| PB 0x0000000082700000| Complete 
|  40|0x0000000082800000, 0x0000000082900000, 0x0000000082900000|100%|HC|  |TAMS 0x0000000082800000| PB 0x0000000082800000| Complete 
|  41|0x0000000082900000, 0x0000000082a00000, 0x0000000082a00000|100%|HC|  |TAMS 0x0000000082900000| PB 0x0000000082900000| Complete 
|  42|0x0000000082a00000, 0x0000000082b00000, 0x0000000082b00000|100%|HS|  |TAMS 0x0000000082a00000| PB 0x0000000082a00000| Complete 
|  43|0x0000000082b00000, 0x0000000082c00000, 0x0000000082c00000|100%|HS|  |TAMS 0x0000000082b00000| PB 0x0000000082b00000| Complete 
|  44|0x0000000082c00000, 0x0000000082d00000, 0x0000000082d00000|100%|HC|  |TAMS 0x0000000082c00000| PB 0x0000000082c00000| Complete 
|  45|0x0000000082d00000, 0x0000000082e00000, 0x0000000082e00000|100%|HS|  |TAMS 0x0000000082d00000| PB 0x0000000082d00000| Complete 
|  46|0x0000000082e00000, 0x0000000082f00000, 0x0000000082f00000|100%| O|  |TAMS 0x0000000082e00000| PB 0x0000000082e00000| Untracked 
|  47|0x0000000082f00000, 0x0000000083000000, 0x0000000083000000|100%| O|  |TAMS 0x0000000082f00000| PB 0x0000000082f00000| Untracked 
|  48|0x0000000083000000, 0x0000000083100000, 0x0000000083100000|100%| O|  |TAMS 0x0000000083000000| PB 0x0000000083000000| Untracked 
|  49|0x0000000083100000, 0x0000000083200000, 0x0000000083200000|100%| O|  |TAMS 0x0000000083100000| PB 0x0000000083100000| Untracked 
|  50|0x0000000083200000, 0x0000000083300000, 0x0000000083300000|100%| O|  |TAMS 0x0000000083200000| PB 0x0000000083200000| Untracked 
|  51|0x0000000083300000, 0x0000000083400000, 0x0000000083400000|100%| O|  |TAMS 0x0000000083300000| PB 0x0000000083300000| Untracked 
|  52|0x0000000083400000, 0x0000000083500000, 0x0000000083500000|100%| O|  |TAMS 0x0000000083400000| PB 0x0000000083400000| Untracked 
|  53|0x0000000083500000, 0x0000000083600000, 0x0000000083600000|100%| O|  |TAMS 0x0000000083500000| PB 0x0000000083500000| Untracked 
|  54|0x0000000083600000, 0x0000000083700000, 0x0000000083700000|100%| O|  |TAMS 0x0000000083600000| PB 0x0000000083600000| Untracked 
|  55|0x0000000083700000, 0x0000000083800000, 0x0000000083800000|100%| O|  |TAMS 0x0000000083700000| PB 0x0000000083700000| Untracked 
|  56|0x0000000083800000, 0x0000000083900000, 0x0000000083900000|100%| O|  |TAMS 0x0000000083800000| PB 0x0000000083800000| Untracked 
|  57|0x0000000083900000, 0x0000000083a00000, 0x0000000083a00000|100%| O|  |TAMS 0x0000000083900000| PB 0x0000000083900000| Untracked 
|  58|0x0000000083a00000, 0x0000000083b00000, 0x0000000083b00000|100%| O|  |TAMS 0x0000000083a00000| PB 0x0000000083a00000| Untracked 
|  59|0x0000000083b00000, 0x0000000083c00000, 0x0000000083c00000|100%| O|  |TAMS 0x0000000083b00000| PB 0x0000000083b00000| Untracked 
|  60|0x0000000083c00000, 0x0000000083d00000, 0x0000000083d00000|100%|HS|  |TAMS 0x0000000083c00000| PB 0x0000000083c00000| Complete 
|  61|0x0000000083d00000, 0x0000000083e00000, 0x0000000083e00000|100%|HC|  |TAMS 0x0000000083d00000| PB 0x0000000083d00000| Complete 
|  62|0x0000000083e00000, 0x0000000083f00000, 0x0000000083f00000|100%|HS|  |TAMS 0x0000000083e00000| PB 0x0000000083e00000| Complete 
|  63|0x0000000083f00000, 0x0000000084000000, 0x0000000084000000|100%|HS|  |TAMS 0x0000000083f00000| PB 0x0000000083f00000| Complete 
|  64|0x0000000084000000, 0x0000000084100000, 0x0000000084100000|100%| O|  |TAMS 0x0000000084000000| PB 0x0000000084000000| Untracked 
|  65|0x0000000084100000, 0x0000000084200000, 0x0000000084200000|100%| O|  |TAMS 0x0000000084100000| PB 0x0000000084100000| Untracked 
|  66|0x0000000084200000, 0x0000000084300000, 0x0000000084300000|100%|HS|  |TAMS 0x0000000084200000| PB 0x0000000084200000| Complete 
|  67|0x0000000084300000, 0x0000000084400000, 0x0000000084400000|100%|HC|  |TAMS 0x0000000084300000| PB 0x0000000084300000| Complete 
|  68|0x0000000084400000, 0x0000000084500000, 0x0000000084500000|100%|HC|  |TAMS 0x0000000084400000| PB 0x0000000084400000| Complete 
|  69|0x0000000084500000, 0x0000000084600000, 0x0000000084600000|100%|HC|  |TAMS 0x0000000084500000| PB 0x0000000084500000| Complete 
|  70|0x0000000084600000, 0x0000000084700000, 0x0000000084700000|100%| O|  |TAMS 0x0000000084600000| PB 0x0000000084600000| Untracked 
|  71|0x0000000084700000, 0x0000000084800000, 0x0000000084800000|100%|HS|  |TAMS 0x0000000084700000| PB 0x0000000084700000| Complete 
|  72|0x0000000084800000, 0x0000000084900000, 0x0000000084900000|100%|HC|  |TAMS 0x0000000084800000| PB 0x0000000084800000| Complete 
|  73|0x0000000084900000, 0x0000000084a00000, 0x0000000084a00000|100%|HC|  |TAMS 0x0000000084900000| PB 0x0000000084900000| Complete 
|  74|0x0000000084a00000, 0x0000000084b00000, 0x0000000084b00000|100%|HC|  |TAMS 0x0000000084a00000| PB 0x0000000084a00000| Complete 
|  75|0x0000000084b00000, 0x0000000084c00000, 0x0000000084c00000|100%|HC|  |TAMS 0x0000000084b00000| PB 0x0000000084b00000| Complete 
|  76|0x0000000084c00000, 0x0000000084d00000, 0x0000000084d00000|100%|HC|  |TAMS 0x0000000084c00000| PB 0x0000000084c00000| Complete 
|  77|0x0000000084d00000, 0x0000000084e00000, 0x0000000084e00000|100%| O|  |TAMS 0x0000000084d00000| PB 0x0000000084d00000| Untracked 
|  78|0x0000000084e00000, 0x0000000084f00000, 0x0000000084f00000|100%| O|  |TAMS 0x0000000084e00000| PB 0x0000000084e00000| Untracked 
|  79|0x0000000084f00000, 0x0000000085000000, 0x0000000085000000|100%|HS|  |TAMS 0x0000000084f00000| PB 0x0000000084f00000| Complete 
|  80|0x0000000085000000, 0x0000000085100000, 0x0000000085100000|100%|HC|  |TAMS 0x0000000085000000| PB 0x0000000085000000| Complete 
|  81|0x0000000085100000, 0x0000000085200000, 0x0000000085200000|100%|HC|  |TAMS 0x0000000085100000| PB 0x0000000085100000| Complete 
|  82|0x0000000085200000, 0x0000000085300000, 0x0000000085300000|100%|HC|  |TAMS 0x0000000085200000| PB 0x0000000085200000| Complete 
|  83|0x0000000085300000, 0x0000000085400000, 0x0000000085400000|100%|HC|  |TAMS 0x0000000085300000| PB 0x0000000085300000| Complete 
|  84|0x0000000085400000, 0x0000000085500000, 0x0000000085500000|100%|HC|  |TAMS 0x0000000085400000| PB 0x0000000085400000| Complete 
|  85|0x0000000085500000, 0x0000000085600000, 0x0000000085600000|100%| O|  |TAMS 0x0000000085500000| PB 0x0000000085500000| Untracked 
|  86|0x0000000085600000, 0x0000000085700000, 0x0000000085700000|100%| O|  |TAMS 0x0000000085600000| PB 0x0000000085600000| Untracked 
|  87|0x0000000085700000, 0x0000000085800000, 0x0000000085800000|100%| O|  |TAMS 0x0000000085700000| PB 0x0000000085700000| Untracked 
|  88|0x0000000085800000, 0x0000000085900000, 0x0000000085900000|100%| O|  |TAMS 0x0000000085800000| PB 0x0000000085800000| Untracked 
|  89|0x0000000085900000, 0x0000000085a00000, 0x0000000085a00000|100%| O|  |TAMS 0x0000000085900000| PB 0x0000000085900000| Untracked 
|  90|0x0000000085a00000, 0x0000000085a00000, 0x0000000085b00000|  0%| F|  |TAMS 0x0000000085a00000| PB 0x0000000085a00000| Untracked 
|  91|0x0000000085b00000, 0x0000000085c00000, 0x0000000085c00000|100%| O|  |TAMS 0x0000000085b00000| PB 0x0000000085b00000| Untracked 
|  92|0x0000000085c00000, 0x0000000085d00000, 0x0000000085d00000|100%| O|  |TAMS 0x0000000085c00000| PB 0x0000000085c00000| Untracked 
|  93|0x0000000085d00000, 0x0000000085e00000, 0x0000000085e00000|100%| O|  |TAMS 0x0000000085d00000| PB 0x0000000085d00000| Untracked 
|  94|0x0000000085e00000, 0x0000000085f00000, 0x0000000085f00000|100%| O|  |TAMS 0x0000000085e00000| PB 0x0000000085e00000| Untracked 
|  95|0x0000000085f00000, 0x0000000086000000, 0x0000000086000000|100%| O|  |TAMS 0x0000000085f00000| PB 0x0000000085f00000| Untracked 
|  96|0x0000000086000000, 0x0000000086000000, 0x0000000086100000|  0%| F|  |TAMS 0x0000000086000000| PB 0x0000000086000000| Untracked 
|  97|0x0000000086100000, 0x0000000086200000, 0x0000000086200000|100%|HS|  |TAMS 0x0000000086100000| PB 0x0000000086100000| Complete 
|  98|0x0000000086200000, 0x0000000086300000, 0x0000000086300000|100%| O|  |TAMS 0x0000000086200000| PB 0x0000000086200000| Untracked 
|  99|0x0000000086300000, 0x0000000086400000, 0x0000000086400000|100%| O|  |TAMS 0x0000000086300000| PB 0x0000000086300000| Untracked 
| 100|0x0000000086400000, 0x0000000086500000, 0x0000000086500000|100%| O|  |TAMS 0x0000000086400000| PB 0x0000000086400000| Untracked 
| 101|0x0000000086500000, 0x0000000086600000, 0x0000000086600000|100%| O|  |TAMS 0x0000000086500000| PB 0x0000000086500000| Untracked 
| 102|0x0000000086600000, 0x0000000086700000, 0x0000000086700000|100%| O|  |TAMS 0x0000000086600000| PB 0x0000000086600000| Untracked 
| 103|0x0000000086700000, 0x0000000086800000, 0x0000000086800000|100%| O|  |TAMS 0x0000000086700000| PB 0x0000000086700000| Untracked 
| 104|0x0000000086800000, 0x0000000086900000, 0x0000000086900000|100%| O|  |TAMS 0x0000000086800000| PB 0x0000000086800000| Untracked 
| 105|0x0000000086900000, 0x0000000086a00000, 0x0000000086a00000|100%| O|  |TAMS 0x0000000086900000| PB 0x0000000086900000| Untracked 
| 106|0x0000000086a00000, 0x0000000086b00000, 0x0000000086b00000|100%| O|  |TAMS 0x0000000086a00000| PB 0x0000000086a00000| Untracked 
| 107|0x0000000086b00000, 0x0000000086c00000, 0x0000000086c00000|100%| O|  |TAMS 0x0000000086b00000| PB 0x0000000086b00000| Untracked 
| 108|0x0000000086c00000, 0x0000000086d00000, 0x0000000086d00000|100%| O|  |TAMS 0x0000000086c00000| PB 0x0000000086c00000| Untracked 
| 109|0x0000000086d00000, 0x0000000086e00000, 0x0000000086e00000|100%| O|  |TAMS 0x0000000086d00000| PB 0x0000000086d00000| Untracked 
| 110|0x0000000086e00000, 0x0000000086f00000, 0x0000000086f00000|100%| O|  |TAMS 0x0000000086e00000| PB 0x0000000086e00000| Untracked 
| 111|0x0000000086f00000, 0x0000000087000000, 0x0000000087000000|100%| O|  |TAMS 0x0000000086f00000| PB 0x0000000086f00000| Untracked 
| 112|0x0000000087000000, 0x0000000087100000, 0x0000000087100000|100%| O|  |TAMS 0x0000000087000000| PB 0x0000000087000000| Untracked 
| 113|0x0000000087100000, 0x0000000087200000, 0x0000000087200000|100%| O|  |TAMS 0x0000000087100000| PB 0x0000000087100000| Untracked 
| 114|0x0000000087200000, 0x0000000087300000, 0x0000000087300000|100%|HS|  |TAMS 0x0000000087200000| PB 0x0000000087200000| Complete 
| 115|0x0000000087300000, 0x0000000087400000, 0x0000000087400000|100%|HC|  |TAMS 0x0000000087300000| PB 0x0000000087300000| Complete 
| 116|0x0000000087400000, 0x0000000087500000, 0x0000000087500000|100%|HC|  |TAMS 0x0000000087400000| PB 0x0000000087400000| Complete 
| 117|0x0000000087500000, 0x0000000087600000, 0x0000000087600000|100%|HC|  |TAMS 0x0000000087500000| PB 0x0000000087500000| Complete 
| 118|0x0000000087600000, 0x0000000087700000, 0x0000000087700000|100%|HC|  |TAMS 0x0000000087600000| PB 0x0000000087600000| Complete 
| 119|0x0000000087700000, 0x0000000087800000, 0x0000000087800000|100%|HC|  |TAMS 0x0000000087700000| PB 0x0000000087700000| Complete 
| 120|0x0000000087800000, 0x0000000087900000, 0x0000000087900000|100%| O|  |TAMS 0x0000000087800000| PB 0x0000000087800000| Untracked 
| 121|0x0000000087900000, 0x0000000087a00000, 0x0000000087a00000|100%| O|  |TAMS 0x0000000087900000| PB 0x0000000087900000| Untracked 
| 122|0x0000000087a00000, 0x0000000087b00000, 0x0000000087b00000|100%| O|  |TAMS 0x0000000087a00000| PB 0x0000000087a00000| Untracked 
| 123|0x0000000087b00000, 0x0000000087c00000, 0x0000000087c00000|100%| O|  |TAMS 0x0000000087b00000| PB 0x0000000087b00000| Untracked 
| 124|0x0000000087c00000, 0x0000000087d00000, 0x0000000087d00000|100%| O|  |TAMS 0x0000000087c00000| PB 0x0000000087c00000| Untracked 
| 125|0x0000000087d00000, 0x0000000087d41080, 0x0000000087e00000| 25%| O|  |TAMS 0x0000000087d00000| PB 0x0000000087d00000| Untracked 
| 126|0x0000000087e00000, 0x0000000087e00000, 0x0000000087f00000|  0%| F|  |TAMS 0x0000000087e00000| PB 0x0000000087e00000| Untracked 
| 127|0x0000000087f00000, 0x0000000087f00000, 0x0000000088000000|  0%| F|  |TAMS 0x0000000087f00000| PB 0x0000000087f00000| Untracked 
| 128|0x0000000088000000, 0x0000000088000000, 0x0000000088100000|  0%| F|  |TAMS 0x0000000088000000| PB 0x0000000088000000| Untracked 
| 129|0x0000000088100000, 0x000000008818b7e0, 0x0000000088200000| 54%| S|CS|TAMS 0x0000000088100000| PB 0x0000000088100000| Complete 
| 130|0x0000000088200000, 0x0000000088300000, 0x0000000088300000|100%| S|CS|TAMS 0x0000000088200000| PB 0x0000000088200000| Complete 
| 131|0x0000000088300000, 0x0000000088400000, 0x0000000088400000|100%| S|CS|TAMS 0x0000000088300000| PB 0x0000000088300000| Complete 
| 132|0x0000000088400000, 0x0000000088500000, 0x0000000088500000|100%| S|CS|TAMS 0x0000000088400000| PB 0x0000000088400000| Complete 
| 133|0x0000000088500000, 0x0000000088600000, 0x0000000088600000|100%| S|CS|TAMS 0x0000000088500000| PB 0x0000000088500000| Complete 
| 134|0x0000000088600000, 0x0000000088700000, 0x0000000088700000|100%| S|CS|TAMS 0x0000000088600000| PB 0x0000000088600000| Complete 
| 135|0x0000000088700000, 0x0000000088800000, 0x0000000088800000|100%| S|CS|TAMS 0x0000000088700000| PB 0x0000000088700000| Complete 
| 136|0x0000000088800000, 0x0000000088900000, 0x0000000088900000|100%| S|CS|TAMS 0x0000000088800000| PB 0x0000000088800000| Complete 
| 137|0x0000000088900000, 0x0000000088a00000, 0x0000000088a00000|100%| S|CS|TAMS 0x0000000088900000| PB 0x0000000088900000| Complete 
| 138|0x0000000088a00000, 0x0000000088a00000, 0x0000000088b00000|  0%| F|  |TAMS 0x0000000088a00000| PB 0x0000000088a00000| Untracked 
| 139|0x0000000088b00000, 0x0000000088b00000, 0x0000000088c00000|  0%| F|  |TAMS 0x0000000088b00000| PB 0x0000000088b00000| Untracked 
| 140|0x0000000088c00000, 0x0000000088c00000, 0x0000000088d00000|  0%| F|  |TAMS 0x0000000088c00000| PB 0x0000000088c00000| Untracked 
| 141|0x0000000088d00000, 0x0000000088d00000, 0x0000000088e00000|  0%| F|  |TAMS 0x0000000088d00000| PB 0x0000000088d00000| Untracked 
| 142|0x0000000088e00000, 0x0000000088e00000, 0x0000000088f00000|  0%| F|  |TAMS 0x0000000088e00000| PB 0x0000000088e00000| Untracked 
| 143|0x0000000088f00000, 0x0000000088f00000, 0x0000000089000000|  0%| F|  |TAMS 0x0000000088f00000| PB 0x0000000088f00000| Untracked 
| 144|0x0000000089000000, 0x0000000089000000, 0x0000000089100000|  0%| F|  |TAMS 0x0000000089000000| PB 0x0000000089000000| Untracked 
| 145|0x0000000089100000, 0x0000000089100000, 0x0000000089200000|  0%| F|  |TAMS 0x0000000089100000| PB 0x0000000089100000| Untracked 
| 146|0x0000000089200000, 0x0000000089200000, 0x0000000089300000|  0%| F|  |TAMS 0x0000000089200000| PB 0x0000000089200000| Untracked 
| 147|0x0000000089300000, 0x0000000089300000, 0x0000000089400000|  0%| F|  |TAMS 0x0000000089300000| PB 0x0000000089300000| Untracked 
| 148|0x0000000089400000, 0x0000000089400000, 0x0000000089500000|  0%| F|  |TAMS 0x0000000089400000| PB 0x0000000089400000| Untracked 
| 149|0x0000000089500000, 0x0000000089500000, 0x0000000089600000|  0%| F|  |TAMS 0x0000000089500000| PB 0x0000000089500000| Untracked 
| 150|0x0000000089600000, 0x0000000089600000, 0x0000000089700000|  0%| F|  |TAMS 0x0000000089600000| PB 0x0000000089600000| Untracked 
| 151|0x0000000089700000, 0x0000000089700000, 0x0000000089800000|  0%| F|  |TAMS 0x0000000089700000| PB 0x0000000089700000| Untracked 
| 152|0x0000000089800000, 0x0000000089800000, 0x0000000089900000|  0%| F|  |TAMS 0x0000000089800000| PB 0x0000000089800000| Untracked 
| 153|0x0000000089900000, 0x0000000089900000, 0x0000000089a00000|  0%| F|  |TAMS 0x0000000089900000| PB 0x0000000089900000| Untracked 
| 154|0x0000000089a00000, 0x0000000089a00000, 0x0000000089b00000|  0%| F|  |TAMS 0x0000000089a00000| PB 0x0000000089a00000| Untracked 
| 155|0x0000000089b00000, 0x0000000089b00000, 0x0000000089c00000|  0%| F|  |TAMS 0x0000000089b00000| PB 0x0000000089b00000| Untracked 
| 156|0x0000000089c00000, 0x0000000089c00000, 0x0000000089d00000|  0%| F|  |TAMS 0x0000000089c00000| PB 0x0000000089c00000| Untracked 
| 157|0x0000000089d00000, 0x0000000089d00000, 0x0000000089e00000|  0%| F|  |TAMS 0x0000000089d00000| PB 0x0000000089d00000| Untracked 
| 158|0x0000000089e00000, 0x0000000089e00000, 0x0000000089f00000|  0%| F|  |TAMS 0x0000000089e00000| PB 0x0000000089e00000| Untracked 
| 159|0x0000000089f00000, 0x0000000089f00000, 0x000000008a000000|  0%| F|  |TAMS 0x0000000089f00000| PB 0x0000000089f00000| Untracked 
| 160|0x000000008a000000, 0x000000008a000000, 0x000000008a100000|  0%| F|  |TAMS 0x000000008a000000| PB 0x000000008a000000| Untracked 
| 161|0x000000008a100000, 0x000000008a100000, 0x000000008a200000|  0%| F|  |TAMS 0x000000008a100000| PB 0x000000008a100000| Untracked 
| 162|0x000000008a200000, 0x000000008a200000, 0x000000008a300000|  0%| F|  |TAMS 0x000000008a200000| PB 0x000000008a200000| Untracked 
| 163|0x000000008a300000, 0x000000008a300000, 0x000000008a400000|  0%| F|  |TAMS 0x000000008a300000| PB 0x000000008a300000| Untracked 
| 164|0x000000008a400000, 0x000000008a400000, 0x000000008a500000|  0%| F|  |TAMS 0x000000008a400000| PB 0x000000008a400000| Untracked 
| 165|0x000000008a500000, 0x000000008a500000, 0x000000008a600000|  0%| F|  |TAMS 0x000000008a500000| PB 0x000000008a500000| Untracked 
| 166|0x000000008a600000, 0x000000008a600000, 0x000000008a700000|  0%| F|  |TAMS 0x000000008a600000| PB 0x000000008a600000| Untracked 
| 167|0x000000008a700000, 0x000000008a700000, 0x000000008a800000|  0%| F|  |TAMS 0x000000008a700000| PB 0x000000008a700000| Untracked 
| 168|0x000000008a800000, 0x000000008a800000, 0x000000008a900000|  0%| F|  |TAMS 0x000000008a800000| PB 0x000000008a800000| Untracked 
| 169|0x000000008a900000, 0x000000008a900000, 0x000000008aa00000|  0%| F|  |TAMS 0x000000008a900000| PB 0x000000008a900000| Untracked 
| 170|0x000000008aa00000, 0x000000008aa00000, 0x000000008ab00000|  0%| F|  |TAMS 0x000000008aa00000| PB 0x000000008aa00000| Untracked 
| 171|0x000000008ab00000, 0x000000008ab00000, 0x000000008ac00000|  0%| F|  |TAMS 0x000000008ab00000| PB 0x000000008ab00000| Untracked 
| 172|0x000000008ac00000, 0x000000008ac00000, 0x000000008ad00000|  0%| F|  |TAMS 0x000000008ac00000| PB 0x000000008ac00000| Untracked 
| 173|0x000000008ad00000, 0x000000008ad00000, 0x000000008ae00000|  0%| F|  |TAMS 0x000000008ad00000| PB 0x000000008ad00000| Untracked 
| 174|0x000000008ae00000, 0x000000008ae00000, 0x000000008af00000|  0%| F|  |TAMS 0x000000008ae00000| PB 0x000000008ae00000| Untracked 
| 175|0x000000008af00000, 0x000000008af00000, 0x000000008b000000|  0%| F|  |TAMS 0x000000008af00000| PB 0x000000008af00000| Untracked 
| 176|0x000000008b000000, 0x000000008b000000, 0x000000008b100000|  0%| F|  |TAMS 0x000000008b000000| PB 0x000000008b000000| Untracked 
| 177|0x000000008b100000, 0x000000008b100000, 0x000000008b200000|  0%| F|  |TAMS 0x000000008b100000| PB 0x000000008b100000| Untracked 
| 178|0x000000008b200000, 0x000000008b200000, 0x000000008b300000|  0%| F|  |TAMS 0x000000008b200000| PB 0x000000008b200000| Untracked 
| 179|0x000000008b300000, 0x000000008b300000, 0x000000008b400000|  0%| F|  |TAMS 0x000000008b300000| PB 0x000000008b300000| Untracked 
| 180|0x000000008b400000, 0x000000008b400000, 0x000000008b500000|  0%| F|  |TAMS 0x000000008b400000| PB 0x000000008b400000| Untracked 
| 181|0x000000008b500000, 0x000000008b500000, 0x000000008b600000|  0%| F|  |TAMS 0x000000008b500000| PB 0x000000008b500000| Untracked 
| 182|0x000000008b600000, 0x000000008b600000, 0x000000008b700000|  0%| F|  |TAMS 0x000000008b600000| PB 0x000000008b600000| Untracked 
| 183|0x000000008b700000, 0x000000008b700000, 0x000000008b800000|  0%| F|  |TAMS 0x000000008b700000| PB 0x000000008b700000| Untracked 
| 184|0x000000008b800000, 0x000000008b800000, 0x000000008b900000|  0%| F|  |TAMS 0x000000008b800000| PB 0x000000008b800000| Untracked 
| 185|0x000000008b900000, 0x000000008b900000, 0x000000008ba00000|  0%| F|  |TAMS 0x000000008b900000| PB 0x000000008b900000| Untracked 
| 186|0x000000008ba00000, 0x000000008ba00000, 0x000000008bb00000|  0%| F|  |TAMS 0x000000008ba00000| PB 0x000000008ba00000| Untracked 
| 187|0x000000008bb00000, 0x000000008bb00000, 0x000000008bc00000|  0%| F|  |TAMS 0x000000008bb00000| PB 0x000000008bb00000| Untracked 
| 188|0x000000008bc00000, 0x000000008bc00000, 0x000000008bd00000|  0%| F|  |TAMS 0x000000008bc00000| PB 0x000000008bc00000| Untracked 
| 189|0x000000008bd00000, 0x000000008bd00000, 0x000000008be00000|  0%| F|  |TAMS 0x000000008bd00000| PB 0x000000008bd00000| Untracked 
| 190|0x000000008be00000, 0x000000008be00000, 0x000000008bf00000|  0%| F|  |TAMS 0x000000008be00000| PB 0x000000008be00000| Untracked 
| 191|0x000000008bf00000, 0x000000008bf00000, 0x000000008c000000|  0%| F|  |TAMS 0x000000008bf00000| PB 0x000000008bf00000| Untracked 
| 192|0x000000008c000000, 0x000000008c000000, 0x000000008c100000|  0%| F|  |TAMS 0x000000008c000000| PB 0x000000008c000000| Untracked 
| 193|0x000000008c100000, 0x000000008c100000, 0x000000008c200000|  0%| F|  |TAMS 0x000000008c100000| PB 0x000000008c100000| Untracked 
| 194|0x000000008c200000, 0x000000008c200000, 0x000000008c300000|  0%| F|  |TAMS 0x000000008c200000| PB 0x000000008c200000| Untracked 
| 195|0x000000008c300000, 0x000000008c300000, 0x000000008c400000|  0%| F|  |TAMS 0x000000008c300000| PB 0x000000008c300000| Untracked 
| 196|0x000000008c400000, 0x000000008c4b47c0, 0x000000008c500000| 70%| E|  |TAMS 0x000000008c400000| PB 0x000000008c400000| Complete 
| 197|0x000000008c500000, 0x000000008c600000, 0x000000008c600000|100%| E|CS|TAMS 0x000000008c500000| PB 0x000000008c500000| Complete 
| 198|0x000000008c600000, 0x000000008c700000, 0x000000008c700000|100%| E|CS|TAMS 0x000000008c600000| PB 0x000000008c600000| Complete 
| 199|0x000000008c700000, 0x000000008c800000, 0x000000008c800000|100%| E|CS|TAMS 0x000000008c700000| PB 0x000000008c700000| Complete 
| 200|0x000000008c800000, 0x000000008c900000, 0x000000008c900000|100%| E|CS|TAMS 0x000000008c800000| PB 0x000000008c800000| Complete 
| 201|0x000000008c900000, 0x000000008ca00000, 0x000000008ca00000|100%| E|CS|TAMS 0x000000008c900000| PB 0x000000008c900000| Complete 
| 202|0x000000008ca00000, 0x000000008cb00000, 0x000000008cb00000|100%| E|CS|TAMS 0x000000008ca00000| PB 0x000000008ca00000| Complete 
| 203|0x000000008cb00000, 0x000000008cc00000, 0x000000008cc00000|100%| E|CS|TAMS 0x000000008cb00000| PB 0x000000008cb00000| Complete 
| 204|0x000000008cc00000, 0x000000008cd00000, 0x000000008cd00000|100%| E|CS|TAMS 0x000000008cc00000| PB 0x000000008cc00000| Complete 
| 205|0x000000008cd00000, 0x000000008ce00000, 0x000000008ce00000|100%| E|CS|TAMS 0x000000008cd00000| PB 0x000000008cd00000| Complete 
| 206|0x000000008ce00000, 0x000000008cf00000, 0x000000008cf00000|100%| E|CS|TAMS 0x000000008ce00000| PB 0x000000008ce00000| Complete 
| 207|0x000000008cf00000, 0x000000008d000000, 0x000000008d000000|100%| E|CS|TAMS 0x000000008cf00000| PB 0x000000008cf00000| Complete 
| 208|0x000000008d000000, 0x000000008d100000, 0x000000008d100000|100%| E|CS|TAMS 0x000000008d000000| PB 0x000000008d000000| Complete 
| 209|0x000000008d100000, 0x000000008d200000, 0x000000008d200000|100%| E|CS|TAMS 0x000000008d100000| PB 0x000000008d100000| Complete 
| 210|0x000000008d200000, 0x000000008d300000, 0x000000008d300000|100%| E|CS|TAMS 0x000000008d200000| PB 0x000000008d200000| Complete 
|2039|0x00000000ff700000, 0x00000000ff800000, 0x00000000ff800000|100%| O|  |TAMS 0x00000000ff700000| PB 0x00000000ff700000| Untracked 
|2040|0x00000000ff800000, 0x00000000ff900000, 0x00000000ff900000|100%| E|CS|TAMS 0x00000000ff800000| PB 0x00000000ff800000| Complete 
|2041|0x00000000ff900000, 0x00000000ffa00000, 0x00000000ffa00000|100%| E|CS|TAMS 0x00000000ff900000| PB 0x00000000ff900000| Complete 
|2042|0x00000000ffa00000, 0x00000000ffb00000, 0x00000000ffb00000|100%| E|CS|TAMS 0x00000000ffa00000| PB 0x00000000ffa00000| Complete 
|2043|0x00000000ffb00000, 0x00000000ffc00000, 0x00000000ffc00000|100%| O|  |TAMS 0x00000000ffb00000| PB 0x00000000ffb00000| Untracked 
|2044|0x00000000ffc00000, 0x00000000ffd00000, 0x00000000ffd00000|100%| E|CS|TAMS 0x00000000ffc00000| PB 0x00000000ffc00000| Complete 
|2045|0x00000000ffd00000, 0x00000000ffe00000, 0x00000000ffe00000|100%| O|  |TAMS 0x00000000ffd00000| PB 0x00000000ffd00000| Untracked 
|2046|0x00000000ffe00000, 0x00000000fff00000, 0x00000000fff00000|100%| O|  |TAMS 0x00000000ffe00000| PB 0x00000000ffe00000| Untracked 
|2047|0x00000000fff00000, 0x0000000100000000, 0x0000000100000000|100%| O|  |TAMS 0x00000000fff00000| PB 0x00000000fff00000| Untracked 

Card table byte_map: [0x000001e9474b0000,0x000001e9478b0000] _byte_map_base: 0x000001e9470b0000

Marking Bits: (CMBitMap*) 0x000001e933eea190
 Bits: [0x000001e9478b0000, 0x000001e9498b0000)

Polling page: 0x000001e933db0000

Metaspace:

Usage:
  Non-class:    105.75 MB used.
      Class:     16.71 MB used.
       Both:    122.46 MB used.

Virtual space:
  Non-class space:      128.00 MB reserved,     106.88 MB ( 83%) committed,  2 nodes.
      Class space:        1.00 GB reserved,      17.75 MB (  2%) committed,  1 nodes.
             Both:        1.12 GB reserved,     124.62 MB ( 11%) committed. 

Chunk freelists:
   Non-Class:  4.22 MB
       Class:  14.12 MB
        Both:  18.34 MB

MaxMetaspaceSize: unlimited
CompressedClassSpaceSize: 1.00 GB
Initial GC threshold: 21.00 MB
Current GC threshold: 185.44 MB
CDS: off
 - commit_granule_bytes: 65536.
 - commit_granule_words: 8192.
 - virtual_space_node_default_size: 8388608.
 - enlarge_chunks_in_place: 1.
 - use_allocation_guard: 0.


Internal statistics:

num_allocs_failed_limit: 6.
num_arena_births: 4258.
num_arena_deaths: 0.
num_vsnodes_births: 3.
num_vsnodes_deaths: 0.
num_space_committed: 1992.
num_space_uncommitted: 0.
num_chunks_returned_to_freelist: 6.
num_chunks_taken_from_freelist: 9316.
num_chunk_merges: 6.
num_chunk_splits: 6447.
num_chunks_enlarged: 4368.
num_inconsistent_stats: 0.

CodeHeap 'non-profiled nmethods': size=120000Kb used=5005Kb max_used=5005Kb free=114994Kb
 bounds [0x000001e93eff0000, 0x000001e93f4e0000, 0x000001e946520000]
CodeHeap 'profiled nmethods': size=120000Kb used=16041Kb max_used=16041Kb free=103958Kb
 bounds [0x000001e937520000, 0x000001e9384d0000, 0x000001e93ea50000]
CodeHeap 'non-nmethods': size=5760Kb used=3016Kb max_used=3044Kb free=2743Kb
 bounds [0x000001e93ea50000, 0x000001e93ed60000, 0x000001e93eff0000]
CodeCache: size=245760Kb, used=24062Kb, max_used=24090Kb, free=221695Kb
 total_blobs=9324, nmethods=8224, adapters=1004, full_count=0
Compilation: enabled, stopped_count=0, restarted_count=0

Compilation events (20 events):
Event: 14.512 Thread 0x000001e94c73f650 9668       1       org.jetbrains.kotlin.ir.builders.declarations.IrFunctionBuilder::setFakeOverride (6 bytes)
Event: 14.512 Thread 0x000001e94c73f650 nmethod 9668 0x000001e93f4d1890 code [0x000001e93f4d1a20, 0x000001e93f4d1af0]
Event: 14.512 Thread 0x000001e94c73f650 9669       1       org.jetbrains.kotlin.ir.builders.declarations.IrFunctionBuilder::setInline (6 bytes)
Event: 14.512 Thread 0x000001e94c73f650 nmethod 9669 0x000001e93f4d1b90 code [0x000001e93f4d1d20, 0x000001e93f4d1df0]
Event: 14.512 Thread 0x000001e94c73f650 9670       3       org.jetbrains.kotlin.ir.symbols.impl.IrSimpleFunctionSymbolImpl::<init> (23 bytes)
Event: 14.512 Thread 0x000001e94c73f650 nmethod 9670 0x000001e9384c6f10 code [0x000001e9384c70e0, 0x000001e9384c74c0]
Event: 14.512 Thread 0x000001e94c73f650 9671       3       org.jetbrains.kotlin.ir.symbols.impl.IrSimpleFunctionSymbolImpl::<init> (10 bytes)
Event: 14.513 Thread 0x000001e94c73f650 nmethod 9671 0x000001e9384c7610 code [0x000001e9384c77e0, 0x000001e9384c7ae0]
Event: 14.515 Thread 0x000001e94c73f650 9672       3       org.jetbrains.kotlin.ir.util.IrUtilsKt$special$$inlined$filterIsInstance$1::invoke (6 bytes)
Event: 14.515 Thread 0x000001e94c73f650 nmethod 9672 0x000001e9384c7c10 code [0x000001e9384c7de0, 0x000001e9384c8100]
Event: 14.515 Thread 0x000001e94c73f650 9673       3       org.jetbrains.kotlin.ir.util.IrUtilsKt$special$$inlined$filterIsInstance$1::invoke (8 bytes)
Event: 14.515 Thread 0x000001e94c73f650 nmethod 9673 0x000001e9384c8210 code [0x000001e9384c83c0, 0x000001e9384c8688]
Event: 14.515 Thread 0x000001e94c73f650 9674       1       org.jetbrains.kotlin.ir.types.impl.IrSimpleTypeImpl::getClassifier (5 bytes)
Event: 14.516 Thread 0x000001e94c73f650 nmethod 9674 0x000001e93f4d1e90 code [0x000001e93f4d2020, 0x000001e93f4d20e8]
Event: 14.523 Thread 0x000001e94c73f650 9679       3       org.jetbrains.kotlin.resolve.lazy.declarations.FileBasedDeclarationProviderFactory::packageExists (31 bytes)
Event: 14.523 Thread 0x000001e94c73f650 nmethod 9679 0x000001e9384c8790 code [0x000001e9384c8980, 0x000001e9384c8d80]
Event: 14.523 Thread 0x000001e94c73f650 9680       3       org.jetbrains.kotlin.utils.DeserializationHelpersKt::jvmMetadataVersionOrDefault (37 bytes)
Event: 14.523 Thread 0x000001e94c73f650 nmethod 9680 0x000001e9384c8f10 code [0x000001e9384c9160, 0x000001e9384c99d0]
Event: 14.524 Thread 0x000001e95f1309e0 9681       4       kotlin.LazyKt__LazyJVMKt::lazy (21 bytes)
Event: 14.525 Thread 0x000001e95f1309e0 nmethod 9681 0x000001e93f4d2d90 code [0x000001e93f4d2f20, 0x000001e93f4d3158]

GC Heap History (20 events):
Event: 10.212 GC heap before
{Heap before GC invocations=23 (full 0):
 garbage-first heap   total 158720K, used 143812K [0x0000000080000000, 0x0000000100000000)
  region size 1024K, 49 young (50176K), 5 survivors (5120K)
 Metaspace       used 77069K, committed 78848K, reserved 1179648K
  class space    used 11325K, committed 12160K, reserved 1048576K
}
Event: 10.216 GC heap after
{Heap after GC invocations=24 (full 0):
 garbage-first heap   total 158720K, used 101263K [0x0000000080000000, 0x0000000100000000)
  region size 1024K, 6 young (6144K), 6 survivors (6144K)
 Metaspace       used 77069K, committed 78848K, reserved 1179648K
  class space    used 11325K, committed 12160K, reserved 1048576K
}
Event: 10.717 GC heap before
{Heap before GC invocations=25 (full 0):
 garbage-first heap   total 171008K, used 142223K [0x0000000080000000, 0x0000000100000000)
  region size 1024K, 46 young (47104K), 6 survivors (6144K)
 Metaspace       used 83175K, committed 85056K, reserved 1179648K
  class space    used 12118K, committed 13056K, reserved 1048576K
}
Event: 10.720 GC heap after
{Heap after GC invocations=26 (full 0):
 garbage-first heap   total 171008K, used 102423K [0x0000000080000000, 0x0000000100000000)
  region size 1024K, 4 young (4096K), 4 survivors (4096K)
 Metaspace       used 83175K, committed 85056K, reserved 1179648K
  class space    used 12118K, committed 13056K, reserved 1048576K
}
Event: 11.336 GC heap before
{Heap before GC invocations=26 (full 0):
 garbage-first heap   total 171008K, used 163863K [0x0000000080000000, 0x0000000100000000)
  region size 1024K, 57 young (58368K), 4 survivors (4096K)
 Metaspace       used 89305K, committed 91200K, reserved 1179648K
  class space    used 12867K, committed 13760K, reserved 1048576K
}
Event: 11.341 GC heap after
{Heap after GC invocations=27 (full 0):
 garbage-first heap   total 174080K, used 113846K [0x0000000080000000, 0x0000000100000000)
  region size 1024K, 8 young (8192K), 8 survivors (8192K)
 Metaspace       used 89305K, committed 91200K, reserved 1179648K
  class space    used 12867K, committed 13760K, reserved 1048576K
}
Event: 11.585 GC heap before
{Heap before GC invocations=27 (full 0):
 garbage-first heap   total 174080K, used 156854K [0x0000000080000000, 0x0000000100000000)
  region size 1024K, 49 young (50176K), 8 survivors (8192K)
 Metaspace       used 91377K, committed 93248K, reserved 1179648K
  class space    used 13124K, committed 14016K, reserved 1048576K
}
Event: 11.595 GC heap after
{Heap after GC invocations=28 (full 0):
 garbage-first heap   total 176128K, used 116898K [0x0000000080000000, 0x0000000100000000)
  region size 1024K, 7 young (7168K), 7 survivors (7168K)
 Metaspace       used 91377K, committed 93248K, reserved 1179648K
  class space    used 13124K, committed 14016K, reserved 1048576K
}
Event: 11.734 GC heap before
{Heap before GC invocations=28 (full 0):
 garbage-first heap   total 176128K, used 132258K [0x0000000080000000, 0x0000000100000000)
  region size 1024K, 23 young (23552K), 7 survivors (7168K)
 Metaspace       used 93547K, committed 95424K, reserved 1179648K
  class space    used 13369K, committed 14272K, reserved 1048576K
}
Event: 11.738 GC heap after
{Heap after GC invocations=29 (full 0):
 garbage-first heap   total 176128K, used 118918K [0x0000000080000000, 0x0000000100000000)
  region size 1024K, 2 young (2048K), 2 survivors (2048K)
 Metaspace       used 93547K, committed 95424K, reserved 1179648K
  class space    used 13369K, committed 14272K, reserved 1048576K
}
Event: 12.190 GC heap before
{Heap before GC invocations=30 (full 0):
 garbage-first heap   total 209920K, used 167046K [0x0000000080000000, 0x0000000100000000)
  region size 1024K, 43 young (44032K), 2 survivors (2048K)
 Metaspace       used 97996K, committed 99904K, reserved 1179648K
  class space    used 13804K, committed 14720K, reserved 1048576K
}
Event: 12.193 GC heap after
{Heap after GC invocations=31 (full 0):
 garbage-first heap   total 209920K, used 127737K [0x0000000080000000, 0x0000000100000000)
  region size 1024K, 4 young (4096K), 4 survivors (4096K)
 Metaspace       used 97996K, committed 99904K, reserved 1179648K
  class space    used 13804K, committed 14720K, reserved 1048576K
}
Event: 12.817 GC heap before
{Heap before GC invocations=31 (full 0):
 garbage-first heap   total 209920K, used 192249K [0x0000000080000000, 0x0000000100000000)
  region size 1024K, 67 young (68608K), 4 survivors (4096K)
 Metaspace       used 106288K, committed 108416K, reserved 1179648K
  class space    used 14876K, committed 15936K, reserved 1048576K
}
Event: 12.821 GC heap after
{Heap after GC invocations=32 (full 0):
 garbage-first heap   total 209920K, used 129429K [0x0000000080000000, 0x0000000100000000)
  region size 1024K, 8 young (8192K), 8 survivors (8192K)
 Metaspace       used 106288K, committed 108416K, reserved 1179648K
  class space    used 14876K, committed 15936K, reserved 1048576K
}
Event: 13.206 GC heap before
{Heap before GC invocations=32 (full 0):
 garbage-first heap   total 209920K, used 171413K [0x0000000080000000, 0x0000000100000000)
  region size 1024K, 50 young (51200K), 8 survivors (8192K)
 Metaspace       used 111685K, committed 113856K, reserved 1179648K
  class space    used 15577K, committed 16640K, reserved 1048576K
}
Event: 13.212 GC heap after
{Heap after GC invocations=33 (full 0):
 garbage-first heap   total 209920K, used 132486K [0x0000000080000000, 0x0000000100000000)
  region size 1024K, 7 young (7168K), 7 survivors (7168K)
 Metaspace       used 111685K, committed 113856K, reserved 1179648K
  class space    used 15577K, committed 16640K, reserved 1048576K
}
Event: 13.654 GC heap before
{Heap before GC invocations=34 (full 0):
 garbage-first heap   total 225280K, used 190854K [0x0000000080000000, 0x0000000100000000)
  region size 1024K, 63 young (64512K), 7 survivors (7168K)
 Metaspace       used 113748K, committed 115968K, reserved 1179648K
  class space    used 15819K, committed 16896K, reserved 1048576K
}
Event: 13.659 GC heap after
{Heap after GC invocations=35 (full 0):
 garbage-first heap   total 225280K, used 135826K [0x0000000080000000, 0x0000000100000000)
  region size 1024K, 6 young (6144K), 6 survivors (6144K)
 Metaspace       used 113748K, committed 115968K, reserved 1179648K
  class space    used 15819K, committed 16896K, reserved 1048576K
}
Event: 14.404 GC heap before
{Heap before GC invocations=35 (full 0):
 garbage-first heap   total 225280K, used 206482K [0x0000000080000000, 0x0000000100000000)
  region size 1024K, 76 young (77824K), 6 survivors (6144K)
 Metaspace       used 122417K, committed 124672K, reserved 1179648K
  class space    used 16831K, committed 17920K, reserved 1048576K
}
Event: 14.410 GC heap after
{Heap after GC invocations=36 (full 0):
 garbage-first heap   total 225280K, used 140082K [0x0000000080000000, 0x0000000100000000)
  region size 1024K, 9 young (9216K), 9 survivors (9216K)
 Metaspace       used 122417K, committed 124672K, reserved 1179648K
  class space    used 16831K, committed 17920K, reserved 1048576K
}

Dll operation events (3 events):
Event: 0.045 Loaded shared library E:\android_studio\jbr\bin\java.dll
Event: 0.070 Loaded shared library E:\android_studio\jbr\bin\zip.dll
Event: 0.868 Loaded shared library E:\android_studio\jbr\bin\verify.dll

Deoptimization events (20 events):
Event: 14.003 Thread 0x000001e9529cd6d0 DEOPT PACKING pc=0x000001e93f360550 sp=0x0000000193af3630
Event: 14.003 Thread 0x000001e9529cd6d0 DEOPT UNPACKING pc=0x000001e93eaa46a2 sp=0x0000000193af35a0 mode 2
Event: 14.003 Thread 0x000001e9529cd6d0 Uncommon trap: trap_request=0xffffffc6 fr.pc=0x000001e93f360550 relative=0x0000000000000370
Event: 14.003 Thread 0x000001e9529cd6d0 Uncommon trap: reason=bimorphic_or_optimized_type_check action=maybe_recompile pc=0x000001e93f360550 method=java.util.ArrayList.hashCodeRange(II)I @ 53 c2
Event: 14.003 Thread 0x000001e9529cd6d0 DEOPT PACKING pc=0x000001e93f360550 sp=0x0000000193af35e0
Event: 14.003 Thread 0x000001e9529cd6d0 DEOPT UNPACKING pc=0x000001e93eaa46a2 sp=0x0000000193af3550 mode 2
Event: 14.014 Thread 0x000001e9529cd6d0 Uncommon trap: trap_request=0xffffffc6 fr.pc=0x000001e93f360550 relative=0x0000000000000370
Event: 14.014 Thread 0x000001e9529cd6d0 Uncommon trap: reason=bimorphic_or_optimized_type_check action=maybe_recompile pc=0x000001e93f360550 method=java.util.ArrayList.hashCodeRange(II)I @ 53 c2
Event: 14.014 Thread 0x000001e9529cd6d0 DEOPT PACKING pc=0x000001e93f360550 sp=0x0000000193af3630
Event: 14.014 Thread 0x000001e9529cd6d0 DEOPT UNPACKING pc=0x000001e93eaa46a2 sp=0x0000000193af35a0 mode 2
Event: 14.014 Thread 0x000001e9529cd6d0 Uncommon trap: trap_request=0xffffffc6 fr.pc=0x000001e93f360550 relative=0x0000000000000370
Event: 14.014 Thread 0x000001e9529cd6d0 Uncommon trap: reason=bimorphic_or_optimized_type_check action=maybe_recompile pc=0x000001e93f360550 method=java.util.ArrayList.hashCodeRange(II)I @ 53 c2
Event: 14.014 Thread 0x000001e9529cd6d0 DEOPT PACKING pc=0x000001e93f360550 sp=0x0000000193af35e0
Event: 14.014 Thread 0x000001e9529cd6d0 DEOPT UNPACKING pc=0x000001e93eaa46a2 sp=0x0000000193af3550 mode 2
Event: 14.038 Thread 0x000001e9529cd6d0 DEOPT PACKING pc=0x000001e9376cd0bd sp=0x0000000193af23f0
Event: 14.038 Thread 0x000001e9529cd6d0 DEOPT UNPACKING pc=0x000001e93eaa4e42 sp=0x0000000193af1880 mode 0
Event: 14.085 Thread 0x000001e9529cd6d0 Uncommon trap: trap_request=0xffffffbe fr.pc=0x000001e93f43d70c relative=0x00000000000016ec
Event: 14.085 Thread 0x000001e9529cd6d0 Uncommon trap: reason=profile_predicate action=maybe_recompile pc=0x000001e93f43d70c method=org.jetbrains.kotlin.serialization.deserialization.descriptors.DeserializedPackageMemberScope.hasClass(Lorg/jetbrains/kotlin/name/Name;)Z @ 65 c2
Event: 14.085 Thread 0x000001e9529cd6d0 DEOPT PACKING pc=0x000001e93f43d70c sp=0x0000000193af2920
Event: 14.085 Thread 0x000001e9529cd6d0 DEOPT UNPACKING pc=0x000001e93eaa46a2 sp=0x0000000193af28d0 mode 2

Classes loaded (20 events):
Event: 12.613 Loading class java/io/NotSerializableException
Event: 12.613 Loading class java/io/NotSerializableException done
Event: 12.672 Loading class java/util/AbstractList$ListItr
Event: 12.672 Loading class java/util/AbstractList$ListItr done
Event: 12.801 Loading class java/util/function/IntUnaryOperator
Event: 12.801 Loading class java/util/function/IntUnaryOperator done
Event: 12.901 Loading class java/util/AbstractList$RandomAccessSubList
Event: 12.901 Loading class java/util/AbstractList$SubList
Event: 12.901 Loading class java/util/AbstractList$SubList done
Event: 12.901 Loading class java/util/AbstractList$RandomAccessSubList done
Event: 13.087 Loading class java/util/AbstractList$SubList$1
Event: 13.087 Loading class java/util/AbstractList$SubList$1 done
Event: 13.166 Loading class java/util/EnumMap$EntrySet
Event: 13.166 Loading class java/util/EnumMap$EntrySet done
Event: 13.166 Loading class java/util/EnumMap$EntryIterator
Event: 13.166 Loading class java/util/EnumMap$EnumMapIterator
Event: 13.166 Loading class java/util/EnumMap$EnumMapIterator done
Event: 13.166 Loading class java/util/EnumMap$EntryIterator done
Event: 13.166 Loading class java/util/EnumMap$EntryIterator$Entry
Event: 13.166 Loading class java/util/EnumMap$EntryIterator$Entry done

Classes unloaded (0 events):
No events

Classes redefined (0 events):
No events

Internal exceptions (20 events):
Event: 12.918 Thread 0x000001e9529cd6d0 Exception <a 'java/lang/NoSuchMethodError'{0x000000008bc88c68}: 'java.lang.Object java.lang.invoke.DirectMethodHandle$Holder.invokeStatic(java.lang.Object, int, java.lang.Object, java.lang.Object, java.lang.Object, java.lang.Object, java.lang.Object, java.lang.Object)'> (0x000000008bc88c68) 
thrown [s\src\hotspot\share\interpreter\linkResolver.cpp, line 784]
Event: 12.918 Thread 0x000001e9529cd6d0 Exception <a 'java/lang/NoSuchMethodError'{0x000000008bc94300}: 'java.lang.Object java.lang.invoke.DirectMethodHandle$Holder.newInvokeSpecial(java.lang.Object, int, java.lang.Object, java.lang.Object, java.lang.Object, java.lang.Object, java.lang.Object)'> (0x000000008bc94300) 
thrown [s\src\hotspot\share\interpreter\linkResolver.cpp, line 784]
Event: 12.918 Thread 0x000001e9529cd6d0 Exception <a 'java/lang/NoSuchMethodError'{0x000000008bc9a178}: 'java.lang.Object java.lang.invoke.DirectMethodHandle$Holder.invokeSpecial(java.lang.Object, java.lang.Object, int, java.lang.Object, java.lang.Object, java.lang.Object, java.lang.Object, java.lang.Object)'> (0x000000008bc9a178) 
thrown [s\src\hotspot\share\interpreter\linkResolver.cpp, line 784]
Event: 13.666 Thread 0x000001e9529cd6d0 Exception <a 'java/lang/NoSuchMethodError'{0x00000000ffa4b300}: 'java.lang.Object java.lang.invoke.DirectMethodHandle$Holder.invokeStatic(java.lang.Object, java.lang.Object, java.lang.Object, java.lang.Object, int, java.lang.Object, java.lang.Object)'> (0x00000000ffa4b300) 
thrown [s\src\hotspot\share\interpreter\linkResolver.cpp, line 784]
Event: 13.711 Thread 0x000001e9529cd6d0 Implicit null exception at 0x000001e93f3fca2b to 0x000001e93f3fd1d0
Event: 13.711 Thread 0x000001e9529cd6d0 Implicit null exception at 0x000001e93f3d2d3d to 0x000001e93f3d2d78
Event: 13.790 Thread 0x000001e9529cd6d0 Exception <a 'java/lang/NoSuchMethodError'{0x000000008cd6f598}: 'java.lang.Object java.lang.invoke.DirectMethodHandle$Holder.newInvokeSpecial(java.lang.Object, java.lang.Object, java.lang.Object, java.lang.Object, java.lang.Object, java.lang.Object, java.lang.Object, int)'> (0x000000008cd6f598) 
thrown [s\src\hotspot\share\interpreter\linkResolver.cpp, line 784]
Event: 13.790 Thread 0x000001e9529cd6d0 Exception <a 'java/lang/NoSuchMethodError'{0x000000008cd758d8}: 'java.lang.Object java.lang.invoke.DirectMethodHandle$Holder.invokeSpecial(java.lang.Object, java.lang.Object, java.lang.Object, java.lang.Object, java.lang.Object, java.lang.Object, java.lang.Object, java.lang.Object, int)'> (0x000000008cd758d8) 
thrown [s\src\hotspot\share\interpreter\linkResolver.cpp, line 784]
Event: 14.002 Thread 0x000001e9529cd6d0 Exception <a 'java/lang/NoSuchMethodError'{0x000000008b6b0df8}: 'java.lang.Object java.lang.invoke.DirectMethodHandle$Holder.newInvokeSpecial(java.lang.Object, java.lang.Object, java.lang.Object, java.lang.Object, java.lang.Object, int, java.lang.Object)'> (0x000000008b6b0df8) 
thrown [s\src\hotspot\share\interpreter\linkResolver.cpp, line 784]
Event: 14.002 Thread 0x000001e9529cd6d0 Exception <a 'java/lang/NoSuchMethodError'{0x000000008b6b6a78}: 'java.lang.Object java.lang.invoke.DirectMethodHandle$Holder.invokeSpecial(java.lang.Object, java.lang.Object, java.lang.Object, java.lang.Object, java.lang.Object, java.lang.Object, int, java.lang.Object)'> (0x000000008b6b6a78) 
thrown [s\src\hotspot\share\interpreter\linkResolver.cpp, line 784]
Event: 14.002 Thread 0x000001e9529cd6d0 Exception <a 'java/lang/NoSuchMethodError'{0x000000008b6bc048}: 'java.lang.Object java.lang.invoke.Invokers$Holder.linkToTargetMethod(java.lang.Object, java.lang.Object, java.lang.Object, java.lang.Object, int, java.lang.Object, java.lang.Object)'> (0x000000008b6bc048) 
thrown [s\src\hotspot\share\interpreter\linkResolver.cpp, line 784]
Event: 14.166 Thread 0x000001e9529cd6d0 Exception <a 'java/lang/NoSuchMethodError'{0x000000008a7017e8}: 'java.lang.Object java.lang.invoke.DirectMethodHandle$Holder.invokeStatic(java.lang.Object, java.lang.Object, int, int, java.lang.Object, java.lang.Object)'> (0x000000008a7017e8) 
thrown [s\src\hotspot\share\interpreter\linkResolver.cpp, line 784]
Event: 14.167 Thread 0x000001e9529cd6d0 Exception <a 'java/lang/NoSuchMethodError'{0x000000008a711160}: 'java.lang.Object java.lang.invoke.Invokers$Holder.linkToTargetMethod(java.lang.Object, int, int, java.lang.Object, java.lang.Object)'> (0x000000008a711160) 
thrown [s\src\hotspot\share\interpreter\linkResolver.cpp, line 784]
Event: 14.210 Thread 0x000001e9529cd6d0 Exception <a 'java/lang/NoSuchMethodError'{0x000000008a5a3600}: 'java.lang.Object java.lang.invoke.DirectMethodHandle$Holder.invokeStatic(java.lang.Object, java.lang.Object, java.lang.Object, int, int, java.lang.Object, java.lang.Object)'> (0x000000008a5a3600) 
thrown [s\src\hotspot\share\interpreter\linkResolver.cpp, line 784]
Event: 14.210 Thread 0x000001e9529cd6d0 Exception <a 'java/lang/NoSuchMethodError'{0x000000008a5ad100}: 'java.lang.Object java.lang.invoke.DirectMethodHandle$Holder.newInvokeSpecial(java.lang.Object, java.lang.Object, java.lang.Object, int, int, java.lang.Object)'> (0x000000008a5ad100) 
thrown [s\src\hotspot\share\interpreter\linkResolver.cpp, line 784]
Event: 14.211 Thread 0x000001e9529cd6d0 Exception <a 'java/lang/NoSuchMethodError'{0x000000008a5b6060}: 'java.lang.Object java.lang.invoke.Invokers$Holder.linkToTargetMethod(java.lang.Object, java.lang.Object, int, int, java.lang.Object, java.lang.Object)'> (0x000000008a5b6060) 
thrown [s\src\hotspot\share\interpreter\linkResolver.cpp, line 784]
Event: 14.212 Thread 0x000001e9529cd6d0 Exception <a 'java/lang/NoSuchMethodError'{0x000000008a5c33e8}: 'java.lang.Object java.lang.invoke.DirectMethodHandle$Holder.invokeStatic(java.lang.Object, java.lang.Object, int, int, java.lang.Object)'> (0x000000008a5c33e8) 
thrown [s\src\hotspot\share\interpreter\linkResolver.cpp, line 784]
Event: 14.226 Thread 0x000001e9529cd6d0 Exception <a 'java/lang/NoSuchMethodError'{0x000000008a32ef00}: 'java.lang.Object java.lang.invoke.DirectMethodHandle$Holder.newInvokeSpecial(java.lang.Object, java.lang.Object, java.lang.Object, int, int, java.lang.Object, java.lang.Object)'> (0x000000008a32ef00) 
thrown [s\src\hotspot\share\interpreter\linkResolver.cpp, line 784]
Event: 14.226 Thread 0x000001e9529cd6d0 Exception <a 'java/lang/NoSuchMethodError'{0x000000008a338358}: 'java.lang.Object java.lang.invoke.Invokers$Holder.linkToTargetMethod(java.lang.Object, java.lang.Object, int, int, java.lang.Object, java.lang.Object, java.lang.Object)'> (0x000000008a338358) 
thrown [s\src\hotspot\share\interpreter\linkResolver.cpp, line 784]
Event: 14.328 Thread 0x000001e9529cd6d0 Exception <a 'java/lang/NoSuchMethodError'{0x00000000899cd098}: 'java.lang.Object java.lang.invoke.DirectMethodHandle$Holder.invokeStaticInit(java.lang.Object, int, java.lang.Object, java.lang.Object, java.lang.Object)'> (0x00000000899cd098) 
thrown [s\src\hotspot\share\interpreter\linkResolver.cpp, line 784]

ZGC Phase Switch (0 events):
No events

VM Operations (20 events):
Event: 13.205 Executing VM operation: G1TryInitiateConcMark (G1 Humongous Allocation)
Event: 13.212 Executing VM operation: G1TryInitiateConcMark (G1 Humongous Allocation) done
Event: 13.248 Executing VM operation: G1PauseRemark
Event: 13.251 Executing VM operation: G1PauseRemark done
Event: 13.267 Executing VM operation: G1PauseCleanup
Event: 13.267 Executing VM operation: G1PauseCleanup done
Event: 13.580 Executing VM operation: ICBufferFull
Event: 13.580 Executing VM operation: ICBufferFull done
Event: 13.654 Executing VM operation: G1CollectForAllocation (G1 Evacuation Pause)
Event: 13.659 Executing VM operation: G1CollectForAllocation (G1 Evacuation Pause) done
Event: 13.824 Executing VM operation: HandshakeAllThreads (Deoptimize)
Event: 13.824 Executing VM operation: HandshakeAllThreads (Deoptimize) done
Event: 13.902 Executing VM operation: HandshakeAllThreads (Deoptimize)
Event: 13.903 Executing VM operation: HandshakeAllThreads (Deoptimize) done
Event: 13.964 Executing VM operation: ICBufferFull
Event: 13.964 Executing VM operation: ICBufferFull done
Event: 14.404 Executing VM operation: G1CollectForAllocation (G1 Evacuation Pause)
Event: 14.410 Executing VM operation: G1CollectForAllocation (G1 Evacuation Pause) done
Event: 14.539 Executing VM operation: HandshakeAllThreads (Deoptimize)
Event: 14.539 Executing VM operation: HandshakeAllThreads (Deoptimize) done

Memory protections (0 events):
No events

Nmethod flushes (20 events):
Event: 13.250 Thread 0x000001e94c54e130 flushing  nmethod 0x000001e9378dcf10
Event: 13.250 Thread 0x000001e94c54e130 flushing  nmethod 0x000001e937973110
Event: 13.250 Thread 0x000001e94c54e130 flushing  nmethod 0x000001e937973f90
Event: 13.250 Thread 0x000001e94c54e130 flushing  nmethod 0x000001e937974b90
Event: 13.250 Thread 0x000001e94c54e130 flushing  nmethod 0x000001e937b21510
Event: 13.250 Thread 0x000001e94c54e130 flushing  nmethod 0x000001e937badf10
Event: 13.250 Thread 0x000001e94c54e130 flushing  nmethod 0x000001e937c89010
Event: 13.250 Thread 0x000001e94c54e130 flushing  nmethod 0x000001e937d57290
Event: 13.250 Thread 0x000001e94c54e130 flushing  nmethod 0x000001e93805b090
Event: 13.250 Thread 0x000001e94c54e130 flushing  nmethod 0x000001e93805f890
Event: 13.250 Thread 0x000001e94c54e130 flushing  nmethod 0x000001e938061c90
Event: 13.250 Thread 0x000001e94c54e130 flushing  nmethod 0x000001e938062110
Event: 13.250 Thread 0x000001e94c54e130 flushing  nmethod 0x000001e938062610
Event: 13.250 Thread 0x000001e94c54e130 flushing  nmethod 0x000001e938062d10
Event: 13.250 Thread 0x000001e94c54e130 flushing  nmethod 0x000001e938063910
Event: 13.250 Thread 0x000001e94c54e130 flushing  nmethod 0x000001e938063e90
Event: 13.250 Thread 0x000001e94c54e130 flushing  nmethod 0x000001e938064410
Event: 13.250 Thread 0x000001e94c54e130 flushing  nmethod 0x000001e938064890
Event: 13.250 Thread 0x000001e94c54e130 flushing  nmethod 0x000001e938064c90
Event: 13.250 Thread 0x000001e94c54e130 flushing  nmethod 0x000001e938065810

Events (20 events):
Event: 8.037 Thread 0x000001e9529cd6d0 Thread added: 0x000001e95567b170
Event: 8.037 Thread 0x000001e9529cd6d0 Thread added: 0x000001e955682790
Event: 8.038 Thread 0x000001e9529cd6d0 Thread added: 0x000001e95567b800
Event: 8.038 Thread 0x000001e9529cd6d0 Thread added: 0x000001e95565bee0
Event: 8.038 Thread 0x000001e9529cd6d0 Thread added: 0x000001e95565cc00
Event: 11.161 Thread 0x000001e94c73f650 Thread added: 0x000001e952e9df40
Event: 11.302 Thread 0x000001e952e9df40 Thread exited: 0x000001e952e9df40
Event: 11.313 Thread 0x000001e94c73f650 Thread added: 0x000001e95638ae20
Event: 11.670 Thread 0x000001e95638ae20 Thread exited: 0x000001e95638ae20
Event: 11.938 Thread 0x000001e94c73f650 Thread added: 0x000001e953975810
Event: 12.228 Thread 0x000001e953975810 Thread exited: 0x000001e953975810
Event: 12.296 Thread 0x000001e94c73ebb0 Thread added: 0x000001e953718ce0
Event: 12.798 Thread 0x000001e953718ce0 Thread exited: 0x000001e953718ce0
Event: 13.182 Thread 0x000001e94c73f650 Thread added: 0x000001e95e1930a0
Event: 13.263 Thread 0x000001e94c73f650 Thread added: 0x000001e95e7ae580
Event: 13.914 Thread 0x000001e95e7ae580 Thread exited: 0x000001e95e7ae580
Event: 13.914 Thread 0x000001e95e1930a0 Thread exited: 0x000001e95e1930a0
Event: 13.951 Thread 0x000001e94c73f650 Thread added: 0x000001e95f1309e0
Event: 13.961 Thread 0x000001e94c73f650 Thread added: 0x000001e95f60cf30
Event: 14.326 Thread 0x000001e95f60cf30 Thread exited: 0x000001e95f60cf30


Dynamic libraries:
0x00007ff7b4ca0000 - 0x00007ff7b4caa000 	E:\android_studio\jbr\bin\java.exe
0x00007ffa04210000 - 0x00007ffa04408000 	C:\Windows\SYSTEM32\ntdll.dll
0x00007ffa03ea0000 - 0x00007ffa03f62000 	C:\Windows\System32\KERNEL32.DLL
0x00007ffa01b80000 - 0x00007ffa01e76000 	C:\Windows\System32\KERNELBASE.dll
0x00007ffa019f0000 - 0x00007ffa01af0000 	C:\Windows\System32\ucrtbase.dll
0x00007ff9dc880000 - 0x00007ff9dc89b000 	E:\android_studio\jbr\bin\VCRUNTIME140.dll
0x00007ff9fa080000 - 0x00007ff9fa098000 	E:\android_studio\jbr\bin\jli.dll
0x00007ffa02c20000 - 0x00007ffa02dbd000 	C:\Windows\System32\USER32.dll
0x00007ffa019c0000 - 0x00007ffa019e2000 	C:\Windows\System32\win32u.dll
0x00007ffa037b0000 - 0x00007ffa037db000 	C:\Windows\System32\GDI32.dll
0x00007ffa018a0000 - 0x00007ffa019ba000 	C:\Windows\System32\gdi32full.dll
0x00007ffa01e80000 - 0x00007ffa01f1d000 	C:\Windows\System32\msvcp_win.dll
0x00007ff9ec080000 - 0x00007ff9ec31a000 	C:\Windows\WinSxS\amd64_microsoft.windows.common-controls_6595b64144ccf1df_6.0.19041.4355_none_60b8b9eb71f62e16\COMCTL32.dll
0x00007ffa03050000 - 0x00007ffa030ee000 	C:\Windows\System32\msvcrt.dll
0x00007ffa030f0000 - 0x00007ffa0311f000 	C:\Windows\System32\IMM32.DLL
0x00000000529c0000 - 0x00000000529cd000 	C:\Program Files (x86)\360\360Safe\safemon\SafeWrapper.dll
0x00007ffa02290000 - 0x00007ffa0233f000 	C:\Windows\System32\ADVAPI32.dll
0x00007ffa03d10000 - 0x00007ffa03daf000 	C:\Windows\System32\sechost.dll
0x00007ffa02dc0000 - 0x00007ffa02ee3000 	C:\Windows\System32\RPCRT4.dll
0x00007ffa02200000 - 0x00007ffa02227000 	C:\Windows\System32\bcrypt.dll
0x00007ff9fa860000 - 0x00007ff9fa965000 	C:\Program Files (x86)\360\360Safe\safemon\libzdtp64.dll
0x00007ffa024b0000 - 0x00007ffa02c1f000 	C:\Windows\System32\SHELL32.dll
0x00007ffa02fe0000 - 0x00007ffa03035000 	C:\Windows\System32\SHLWAPI.dll
0x00007ffa013b0000 - 0x00007ffa013ba000 	C:\Windows\SYSTEM32\VERSION.dll
0x00007ff9fca10000 - 0x00007ff9fca1c000 	E:\android_studio\jbr\bin\vcruntime140_1.dll
0x00007ff9d10d0000 - 0x00007ff9d115d000 	E:\android_studio\jbr\bin\msvcp140.dll
0x00007ff9a21d0000 - 0x00007ff9a2e66000 	E:\android_studio\jbr\bin\server\jvm.dll
0x00007ffa03bf0000 - 0x00007ffa03c5b000 	C:\Windows\System32\WS2_32.dll
0x00007ff9f03d0000 - 0x00007ff9f03f7000 	C:\Windows\SYSTEM32\WINMM.dll
0x00007ffa00d70000 - 0x00007ffa00dbb000 	C:\Windows\SYSTEM32\POWRPROF.dll
0x00007ffa00c20000 - 0x00007ffa00c32000 	C:\Windows\SYSTEM32\UMPDC.dll
0x00007ffa00090000 - 0x00007ffa000a2000 	C:\Windows\SYSTEM32\kernel.appcore.dll
0x00007ff9fc950000 - 0x00007ff9fc95a000 	E:\android_studio\jbr\bin\jimage.dll
0x00007ff9ffbb0000 - 0x00007ff9ffd94000 	C:\Windows\SYSTEM32\DBGHELP.DLL
0x00007ff9e1740000 - 0x00007ff9e1774000 	C:\Windows\SYSTEM32\dbgcore.DLL
0x00007ffa01af0000 - 0x00007ffa01b72000 	C:\Windows\System32\bcryptPrimitives.dll
0x00007ff9fe090000 - 0x00007ff9fe09e000 	E:\android_studio\jbr\bin\instrument.dll
0x00007ff9dbc70000 - 0x00007ff9dbc90000 	E:\android_studio\jbr\bin\java.dll
0x00007ff9dbb20000 - 0x00007ff9dbb38000 	E:\android_studio\jbr\bin\zip.dll
0x00007ff9ff400000 - 0x00007ff9ffba3000 	C:\Windows\SYSTEM32\windows.storage.dll
0x00007ffa03890000 - 0x00007ffa03be5000 	C:\Windows\System32\combase.dll
0x00007ffa01210000 - 0x00007ffa0123b000 	C:\Windows\SYSTEM32\Wldp.dll
0x00007ffa02ef0000 - 0x00007ffa02fbd000 	C:\Windows\System32\OLEAUT32.dll
0x00007ffa03c60000 - 0x00007ffa03d0d000 	C:\Windows\System32\SHCORE.dll
0x00007ffa017d0000 - 0x00007ffa017f5000 	C:\Windows\SYSTEM32\profapi.dll
0x00007ff9fb540000 - 0x00007ff9fb550000 	E:\android_studio\jbr\bin\net.dll
0x00007ff9fbde0000 - 0x00007ff9fbeea000 	C:\Windows\SYSTEM32\WINHTTP.dll
0x00007ffa00f70000 - 0x00007ffa00fdc000 	C:\Windows\system32\mswsock.dll
0x00007ff9d8880000 - 0x00007ff9d8896000 	E:\android_studio\jbr\bin\nio.dll
0x00007ff9de4c0000 - 0x00007ff9de4d0000 	E:\android_studio\jbr\bin\verify.dll
0x00007ff9c4e60000 - 0x00007ff9c4e87000 	C:\Users\Administrator\.gradle\native\1def1411415f61bf3af743bc5b6707747c0891f09f0c88961ee8f79bc544acac\windows-amd64\native-platform.dll
0x00007ff9cfc50000 - 0x00007ff9cfcc8000 	C:\Users\Administrator\.gradle\native\0.2.7\x86_64-windows-gnu\gradle-fileevents.dll
0x00007ff9eaeb0000 - 0x00007ff9eaeb9000 	E:\android_studio\jbr\bin\management.dll
0x00007ff9e75c0000 - 0x00007ff9e75cb000 	E:\android_studio\jbr\bin\management_ext.dll
0x00007ffa02420000 - 0x00007ffa02428000 	C:\Windows\System32\PSAPI.DLL
0x00007ffa013c0000 - 0x00007ffa013fb000 	C:\Windows\SYSTEM32\IPHLPAPI.DLL
0x00007ffa03f70000 - 0x00007ffa03f78000 	C:\Windows\System32\NSI.dll
0x00007ff9ec5c0000 - 0x00007ff9ec5c9000 	E:\android_studio\jbr\bin\extnet.dll
0x00007ffa01160000 - 0x00007ffa01178000 	C:\Windows\SYSTEM32\CRYPTSP.dll
0x00007ffa00860000 - 0x00007ffa00898000 	C:\Windows\system32\rsaenh.dll
0x00007ffa01790000 - 0x00007ffa017be000 	C:\Windows\SYSTEM32\USERENV.dll
0x00007ffa01180000 - 0x00007ffa0118c000 	C:\Windows\SYSTEM32\CRYPTBASE.dll
0x00007ff9ea4d0000 - 0x00007ff9ea4d7000 	C:\Windows\system32\wshunix.dll

JVMTI agents:
C:\Users\Administrator\.gradle\wrapper\dists\gradle-8.13-bin\5xuhj0ry160q40clulazy9h7d\gradle-8.13\lib\agents\gradle-instrumentation-agent-8.13.jar path:E:\android_studio\jbr\bin\instrument.dll, loaded, initialized, instrumentlib options:none

dbghelp: loaded successfully - version: 4.0.5 - missing functions: none
symbol engine: initialized successfully - sym options: 0x614 - pdb path: .;E:\android_studio\jbr\bin;C:\Windows\SYSTEM32;C:\Windows\WinSxS\amd64_microsoft.windows.common-controls_6595b64144ccf1df_6.0.19041.4355_none_60b8b9eb71f62e16;C:\Program Files (x86)\360\360Safe\safemon;E:\android_studio\jbr\bin\server;C:\Users\Administrator\.gradle\native\1def1411415f61bf3af743bc5b6707747c0891f09f0c88961ee8f79bc544acac\windows-amd64;C:\Users\Administrator\.gradle\native\0.2.7\x86_64-windows-gnu

VM Arguments:
jvm_args: --add-opens=java.base/java.lang=ALL-UNNAMED --add-opens=java.base/java.lang.invoke=ALL-UNNAMED --add-opens=java.base/java.util=ALL-UNNAMED --add-opens=java.prefs/java.util.prefs=ALL-UNNAMED --add-exports=jdk.compiler/com.sun.tools.javac.api=ALL-UNNAMED --add-exports=jdk.compiler/com.sun.tools.javac.util=ALL-UNNAMED --add-opens=java.base/java.util=ALL-UNNAMED --add-opens=java.prefs/java.util.prefs=ALL-UNNAMED --add-opens=java.base/java.nio.charset=ALL-UNNAMED --add-opens=java.base/java.net=ALL-UNNAMED --add-opens=java.base/java.util.concurrent.atomic=ALL-UNNAMED --add-opens=java.xml/javax.xml.namespace=ALL-UNNAMED -Xmx2048m -Dfile.encoding=UTF-8 -Duser.country=CN -Duser.language=zh -Duser.variant -javaagent:C:\Users\Administrator\.gradle\wrapper\dists\gradle-8.13-bin\5xuhj0ry160q40clulazy9h7d\gradle-8.13\lib\agents\gradle-instrumentation-agent-8.13.jar 
java_command: org.gradle.launcher.daemon.bootstrap.GradleDaemon 8.13
java_class_path (initial): C:\Users\Administrator\.gradle\wrapper\dists\gradle-8.13-bin\5xuhj0ry160q40clulazy9h7d\gradle-8.13\lib\gradle-daemon-main-8.13.jar
Launcher Type: SUN_STANDARD

[Global flags]
     intx CICompilerCount                          = 4                                         {product} {ergonomic}
     uint ConcGCThreads                            = 3                                         {product} {ergonomic}
     uint G1ConcRefinementThreads                  = 10                                        {product} {ergonomic}
   size_t G1HeapRegionSize                         = 1048576                                   {product} {ergonomic}
    uintx GCDrainStackTargetSize                   = 64                                        {product} {ergonomic}
   size_t InitialHeapSize                          = 132120576                                 {product} {ergonomic}
   size_t MarkStackSize                            = 4194304                                   {product} {ergonomic}
   size_t MaxHeapSize                              = 2147483648                                {product} {command line}
   size_t MaxNewSize                               = 1287651328                                {product} {ergonomic}
   size_t MinHeapDeltaBytes                        = 1048576                                   {product} {ergonomic}
   size_t MinHeapSize                              = 8388608                                   {product} {ergonomic}
    uintx NonNMethodCodeHeapSize                   = 5839372                                {pd product} {ergonomic}
    uintx NonProfiledCodeHeapSize                  = 122909434                              {pd product} {ergonomic}
    uintx ProfiledCodeHeapSize                     = 122909434                              {pd product} {ergonomic}
    uintx ReservedCodeCacheSize                    = 251658240                              {pd product} {ergonomic}
     bool SegmentedCodeCache                       = true                                      {product} {ergonomic}
   size_t SoftMaxHeapSize                          = 2147483648                             {manageable} {ergonomic}
     bool UseCompressedOops                        = true                           {product lp64_product} {ergonomic}
     bool UseG1GC                                  = true                                      {product} {ergonomic}
     bool UseLargePagesIndividualAllocation        = false                                  {pd product} {ergonomic}

Logging:
Log output configuration:
 #0: stdout all=warning uptime,level,tags foldmultilines=false
 #1: stderr all=off uptime,level,tags foldmultilines=false

Environment Variables:
JAVA_HOME=C:\Program Files\Eclipse Adoptium\jdk-17.0.17.10-hotspot\
PATH=C:\Program Files\Eclipse Adoptium\jdk-17.0.17.10-hotspot\bin;D:\中国电子口岸客户端控件\libs\txrn;D:\中国电子口岸客户端控件\libs\MOFCOM;D:\中国电子口岸客户端控件\libs\cus;D:\中国电子口岸客户端控件\libs\pdfes;D:\中国电子口岸客户端控件\libs\pdf;D:\中国电子口岸客户端控件\libs\others;D:\中国电子口岸客户端控件\libs;D:\中国电子口岸客户端控件\;C:\Windows\system32;C:\Windows;C:\Windows\System32\Wbem;C:\Windows\System32\WindowsPowerShell\v1.0\;C:\Windows\System32\OpenSSH\;C:\Program Files\dotnet\;E:\git\Git\cmd;C:\Program Files\nodejs\;E:\python\Scripts\;E:\python\;C:\Users\Administrator\AppData\Local\Microsoft\WindowsApps;E:\vscode\Microsoft VS Code\bin;E:\winsurf\Windsurf\bin;C:\Users\Administrator\AppData\Roaming\npm;E:\tools\ffmpeg-8.0.1-essentials_build\bin;E:\godot;
USERNAME=Administrator
OS=Windows_NT
PROCESSOR_IDENTIFIER=Intel64 Family 6 Model 151 Stepping 5, GenuineIntel
TMP=C:\Users\ADMINI~1\AppData\Local\Temp
TEMP=C:\Users\ADMINI~1\AppData\Local\Temp




Periodic native trim disabled

JNI global refs:
JNI global refs: 27, weak refs: 0

JNI global refs memory usage: 835, weak refs: 833

Process memory usage:
Resident Set Size: 541660K (6% of 8220848K total physical memory with 747596K free physical memory)

OOME stack traces (most recent first):
Classloader memory used:
Loader org.gradle.internal.classloader.VisitableURLClassLoader                         : 87917K
Loader bootstrap                                                                       : 24898K
Loader org.gradle.initialization.MixInLegacyTypesClassLoader                           : 9464K
Loader org.gradle.internal.classloader.VisitableURLClassLoader                         : 1034K
Loader org.gradle.internal.classloader.VisitableURLClassLoader$InstrumentingVisitableURLClassLoader: 692K
Loader jdk.internal.loader.ClassLoaders$PlatformClassLoader                            : 539K
Loader jdk.internal.jrtfs.JrtFileSystemProvider$JrtFsLoader                            : 332K
Loader jdk.internal.reflect.DelegatingClassLoader                                      : 242K
Loader jdk.internal.loader.ClassLoaders$AppClassLoader                                 : 235K
Loader org.gradle.groovy.scripts.internal.DefaultScriptCompilationHandler$ScriptClassLoader: 91696B
Loader org.codehaus.groovy.runtime.callsite.CallSiteClassLoader                        : 49912B

Classes loaded by more than one classloader:
Class org.gradle.internal.IoActions                                                   : loaded 3 times (x 71B)
Class org.gradle.api.Action                                                           : loaded 3 times (x 70B)
Class org.gradle.internal.Cast                                                        : loaded 3 times (x 71B)
Class org.gradle.api.GradleException                                                  : loaded 3 times (x 82B)
Class org.gradle.api.UncheckedIOException                                             : loaded 3 times (x 82B)
Class jdk.internal.jimage.decompressor.StringSharingDecompressorFactory               : loaded 2 times (x 74B)
Class org.gradle.internal.operations.MultipleBuildOperationFailures                   : loaded 2 times (x 95B)
Class org.gradle.internal.classloader.DefaultClassLoaderFactory                       : loaded 2 times (x 82B)
Class kotlin.collections.AbstractList$Companion                                       : loaded 2 times (x 71B)
Class org.gradle.internal.classloader.ClassLoaderVisitor                              : loaded 2 times (x 76B)
Class org.gradle.api.internal.classpath.EffectiveClassPath                            : loaded 2 times (x 90B)
Class org.gradle.tooling.internal.gradle.DefaultProjectIdentifier                     : loaded 2 times (x 86B)
Class org.gradle.api.internal.DefaultClassPathProvider                                : loaded 2 times (x 76B)
Class [Lorg.gradle.api.internal.ClassPathProvider;                                    : loaded 2 times (x 69B)
Class org.gradle.api.internal.ClassPathProvider                                       : loaded 2 times (x 70B)
Class jdk.internal.jrtfs.SystemImage                                                  : loaded 2 times (x 74B)
Class org.gradle.internal.service.UnknownServiceException                             : loaded 2 times (x 83B)
Class org.gradle.internal.classpath.TransformedClassPath                              : loaded 2 times (x 96B)
Class org.gradle.internal.classloader.InstrumentingClassLoader                        : loaded 2 times (x 70B)
Class jdk.internal.jrtfs.SystemImage$1                                                : loaded 2 times (x 78B)
Class kotlin.enums.EnumEntriesList                                                    : loaded 2 times (x 223B)
Class jdk.internal.jrtfs.SystemImage$2                                                : loaded 2 times (x 76B)
Class org.gradle.internal.service.ServiceLocator                                      : loaded 2 times (x 70B)
Class jdk.internal.jrtfs.JrtFileSystemProvider                                        : loaded 2 times (x 101B)
Class com.intellij.gradle.toolingExtension.util.GradleVersionUtil                     : loaded 2 times (x 71B)
Class org.gradle.tooling.model.UnsupportedMethodException                             : loaded 2 times (x 82B)
Class jdk.internal.jimage.ImageLocation                                               : loaded 2 times (x 90B)
Class jdk.internal.jrtfs.JrtDirectoryStream$1                                         : loaded 2 times (x 83B)
Class org.gradle.internal.InternalTransformer                                         : loaded 2 times (x 70B)
Class jdk.internal.jimage.ImageBufferCache$1                                          : loaded 2 times (x 83B)
Class org.gradle.internal.time.DefaultTimer                                           : loaded 2 times (x 80B)
Class org.gradle.internal.classloader.ClasspathUtil$1                                 : loaded 2 times (x 76B)
Class jdk.internal.jimage.ImageBufferCache$2                                          : loaded 2 times (x 91B)
Class org.gradle.api.internal.classpath.DefaultModuleRegistry$DefaultModule           : loaded 2 times (x 86B)
Class org.gradle.internal.time.DefaultCountdownTimer                                  : loaded 2 times (x 88B)
Class org.gradle.tooling.internal.gradle.DefaultBuildIdentifier                       : loaded 2 times (x 79B)
Class kotlin.Function                                                                 : loaded 2 times (x 70B)
Class org.gradle.api.internal.classpath.Module                                        : loaded 2 times (x 70B)
Class org.gradle.api.internal.classpath.UnknownModuleException                        : loaded 2 times (x 82B)
Class jdk.internal.jimage.ImageHeader                                                 : loaded 2 times (x 71B)
Class org.gradle.tooling.internal.gradle.GradleProjectIdentity                        : loaded 2 times (x 70B)
Class org.gradle.api.internal.DefaultClassPathRegistry                                : loaded 2 times (x 76B)
Class org.gradle.api.internal.ClassPathRegistry                                       : loaded 2 times (x 70B)
Class org.gradle.internal.classpath.DefaultClassPath$ImmutableUniqueList              : loaded 2 times (x 199B)
Class jdk.internal.jimage.decompressor.ResourceDecompressor                           : loaded 2 times (x 70B)
Class Settings_gradle$1                                                               : loaded 2 times (x 74B)
Class Program                                                                         : loaded 2 times (x 72B)
Class org.gradle.api.internal.classpath.ManifestUtil                                  : loaded 2 times (x 71B)
Class org.gradle.internal.classpath.ClassPath                                         : loaded 2 times (x 70B)
Class jdk.internal.jimage.ImageStringsReader                                          : loaded 2 times (x 80B)
Class org.gradle.tooling.model.Model                                                  : loaded 2 times (x 70B)
Class kotlin.UninitializedPropertyAccessException                                     : loaded 2 times (x 82B)
Class org.gradle.internal.classloader.ClassLoaderHierarchy                            : loaded 2 times (x 70B)
Class jdk.internal.jimage.ImageReader$SharedImageReader                               : loaded 2 times (x 95B)
Class org.gradle.internal.installation.GradleInstallation$1                           : loaded 2 times (x 75B)
Class org.gradle.api.internal.classpath.ModuleRegistry                                : loaded 2 times (x 70B)
Class jdk.internal.jimage.decompressor.ResourceDecompressorFactory                    : loaded 2 times (x 74B)
Class jdk.internal.jimage.ImageReader$Node                                            : loaded 2 times (x 84B)
Class org.gradle.api.internal.classpath.DefaultModuleRegistry                         : loaded 2 times (x 86B)
Class jdk.internal.jimage.BasicImageReader$1                                          : loaded 2 times (x 77B)
Class sync_studio_tooling1656_a1kfl0i405nhhxgj42pcgp6g7                               : loaded 2 times (x 179B)
Class org.gradle.util.internal.DefaultGradleVersion$Stage                             : loaded 2 times (x 75B)
Class jdk.internal.jimage.decompressor.Decompressor                                   : loaded 2 times (x 72B)
Class jdk.internal.jimage.ImageReader$Resource                                        : loaded 2 times (x 84B)
Class org.gradle.internal.time.MonotonicClock                                         : loaded 2 times (x 77B)
Class org.gradle.internal.service.ServiceLookupException                              : loaded 2 times (x 82B)
Class jdk.internal.jrtfs.JrtFileAttributes                                            : loaded 2 times (x 83B)
Class org.gradle.internal.classloader.ClassLoaderFactory                              : loaded 2 times (x 70B)
Class org.gradle.internal.service.CachingServiceLocator                               : loaded 2 times (x 82B)
Class org.gradle.internal.time.TimeSource                                             : loaded 2 times (x 70B)
Class org.gradle.tooling.internal.gradle.GradleBuildIdentity                          : loaded 2 times (x 70B)
Class kotlin.enums.EnumEntries                                                        : loaded 2 times (x 70B)
Class org.gradle.internal.exceptions.ResolutionProvider                               : loaded 2 times (x 70B)
Class jdk.internal.jimage.ImageBufferCache                                            : loaded 2 times (x 71B)
Class jdk.internal.jrtfs.JrtPath                                                      : loaded 2 times (x 118B)
Class org.gradle.tooling.model.ProjectIdentifier                                      : loaded 2 times (x 70B)
Class org.gradle.internal.classloader.ClasspathUtil                                   : loaded 2 times (x 71B)
Class org.gradle.internal.time.TimeSource$1                                           : loaded 2 times (x 77B)
Class kotlin.jvm.internal.DefaultConstructorMarker                                    : loaded 2 times (x 71B)
Class org.gradle.api.specs.Spec                                                       : loaded 2 times (x 70B)
Class jdk.internal.jimage.ImageReader$SharedImageReader$LocationVisitor               : loaded 2 times (x 70B)
Class jdk.internal.jimage.decompressor.ResourceDecompressorRepository                 : loaded 2 times (x 71B)
Class com.intellij.gradle.toolingExtension.impl.model.utilDummyModel.DummyModel       : loaded 2 times (x 70B)
Class org.gradle.internal.time.Clock                                                  : loaded 2 times (x 70B)
Class jdk.internal.jimage.ImageReader$Directory                                       : loaded 2 times (x 84B)
Class kotlin.collections.AbstractList                                                 : loaded 2 times (x 197B)
Class kotlin.collections.AbstractCollection                                           : loaded 2 times (x 117B)
Class org.gradle.internal.impldep.com.google.common.base.Preconditions                : loaded 2 times (x 71B)
Class org.gradle.internal.classloader.VisitableURLClassLoader$InstrumentingVisitableURLClassLoader: loaded 2 times (x 123B)
Class org.gradle.internal.classloader.VisitableURLClassLoader$Spec                    : loaded 2 times (x 74B)
Class org.gradle.internal.classpath.DefaultClassPath                                  : loaded 2 times (x 90B)
Class jdk.internal.jimage.decompressor.ZipDecompressorFactory                         : loaded 2 times (x 74B)
Class org.gradle.util.internal.DefaultGradleVersion                                   : loaded 2 times (x 80B)
Class org.gradle.internal.classloader.ClassLoaderSpec                                 : loaded 2 times (x 71B)
Class Settings_gradle$1$1                                                             : loaded 2 times (x 74B)
Class kotlin.Unit                                                                     : loaded 2 times (x 71B)
Class org.gradle.internal.classloader.VisitableURLClassLoader                         : loaded 2 times (x 117B)
Class Settings_gradle                                                                 : loaded 2 times (x 128B)
Class jdk.internal.jimage.BasicImageReader                                            : loaded 2 times (x 95B)
Class org.gradle.internal.classloader.FilteringClassLoader                            : loaded 2 times (x 105B)
Class jdk.internal.jimage.decompressor.ZipDecompressor                                : loaded 2 times (x 75B)
Class kotlin.jvm.functions.Function1                                                  : loaded 2 times (x 70B)
Class org.gradle.internal.classpath.DefaultClassPath$ImmutableUniqueList$Builder      : loaded 2 times (x 75B)
Class jdk.internal.jimage.ImageReader                                                 : loaded 2 times (x 75B)
Class org.gradle.internal.exceptions.NonGradleCauseExceptionsHolder                   : loaded 2 times (x 70B)
Class jdk.internal.jimage.ImageStrings                                                : loaded 2 times (x 70B)
Class org.jetbrains.plugins.gradle.tooling.ModelBuilderService$Parameter              : loaded 2 times (x 70B)
Class kotlin.NotImplementedError                                                      : loaded 2 times (x 82B)
Class kotlin.enums.EnumEntriesKt                                                      : loaded 2 times (x 71B)
Class org.gradle.internal.classloader.SystemClassLoaderSpec                           : loaded 2 times (x 71B)
Class org.gradle.internal.exceptions.MultiCauseException                              : loaded 2 times (x 70B)
Class org.gradle.internal.time.CountdownTimer                                         : loaded 2 times (x 70B)
Class kotlin.jvm.internal.Intrinsics                                                  : loaded 2 times (x 71B)
Class jdk.internal.jrtfs.JrtFileSystem                                                : loaded 2 times (x 102B)
Class org.gradle.tooling.model.ProjectModel                                           : loaded 2 times (x 70B)
Class jdk.internal.jimage.decompressor.CompressedResourceHeader                       : loaded 2 times (x 71B)
Class kotlin.KotlinNullPointerException                                               : loaded 2 times (x 83B)
Class ijInit2_eya4u2wudt2ha6rho2v0vspgf                                               : loaded 2 times (x 179B)
Class org.gradle.internal.exceptions.DefaultMultiCauseException                       : loaded 2 times (x 95B)
Class org.gradle.internal.time.Time                                                   : loaded 2 times (x 71B)
Class org.gradle.api.internal.classpath.GlobalCacheRootsProvider                      : loaded 2 times (x 70B)
Class org.gradle.tooling.model.BuildIdentifier                                        : loaded 2 times (x 70B)
Class org.gradle.internal.time.Timer                                                  : loaded 2 times (x 70B)
Class kotlin.jvm.internal.markers.KMappedMarker                                       : loaded 2 times (x 70B)
Class org.gradle.internal.installation.CurrentGradleInstallationLocator               : loaded 2 times (x 71B)
Class org.gradle.internal.service.DefaultServiceLocator                               : loaded 2 times (x 83B)
Class jdk.internal.jrtfs.JrtDirectoryStream                                           : loaded 2 times (x 89B)
Class org.gradle.util.GradleVersion                                                   : loaded 2 times (x 79B)
Class org.gradle.internal.installation.CurrentGradleInstallation                      : loaded 2 times (x 73B)
Class org.gradle.util.internal.GUtil                                                  : loaded 2 times (x 71B)
Class org.gradle.internal.installation.GradleInstallation                             : loaded 2 times (x 75B)
Class jdk.internal.jimage.decompressor.ResourceDecompressor$StringsProvider           : loaded 2 times (x 70B)

---------------  S Y S T E M  ---------------

OS:
 Windows 10 , 64 bit Build 19041 (10.0.19041.5678)
OS uptime: 1 days 7:51 hours

CPU: total 12 (initial active 12) (6 cores per cpu, 2 threads per core) family 6 model 151 stepping 5 microcode 0x36, cx8, cmov, fxsr, ht, mmx, 3dnowpref, sse, sse2, sse3, ssse3, sse4.1, sse4.2, popcnt, lzcnt, tsc, tscinvbit, avx, avx2, aes, erms, clmul, bmi1, bmi2, adx, sha, fma, vzeroupper, clflush, clflushopt, clwb, serialize, rdtscp, rdpid, fsrm, f16c, pku, cet_ibt, cet_ss
Processor Information for the first 12 processors :
  Max Mhz: 2500, Current Mhz: 2500, Mhz Limit: 2500

Memory: 4k page, system-wide physical 8028M (734M free)
TotalPageFile size 27228M (AvailPageFile size 5M)
current process WorkingSet (physical memory assigned to process): 529M, peak: 529M
current process commit charge ("private bytes"): 567M, peak: 569M

vm_info: OpenJDK 64-Bit Server VM (21.0.8+-14196175-b1038.72) for windows-amd64 JRE (21.0.8+-14196175-b1038.72), built on 2025-10-01T10:24:33Z by "builder" with MS VC++ 16.10 / 16.11 (VS2019)

END.
